timestamp,after_openDate,after_open_minutes,fun_score,message_count,viewer_count,chat_spike_score,reaction_score,diversity_score,viewer_trend_score,final_score,threshold,baseline_chat_count,baseline_viewer_count,laugh_count,excitement_count,surprise_count,reaction_count,total_keywords,chat_context_sample
2025-09-06T15:35:48.624077,0:00:24,0.4,5.252628368352548,4,9,0.6631400785098712,3.0459959025520697e-06,50.20528122475732,0,5.252628368352548,40.0,27.189168933159795,635.7894862373066,0,0,0,0,0,"['빅하', '빅하', '빅ㅎㅏ']"
2025-09-06T15:35:53.635071,0:00:29,0.48333333333333334,5.313064819202159,6,35,0.7779919795923536,3.0459959025520697e-06,50.40766407946474,0,5.313064819202159,40.0,26.400252039843817,631.985537613576,0,0,0,0,0,"['빅하', '빅하', '빅ㅎㅏ']"
2025-09-06T15:35:58.639100,0:00:34,0.5666666666666667,5.4726299931420135,12,35,1.2625741131880523,3.0459959025520697e-06,50.30727835127834,0,5.4726299931420135,40.0,25.500226835859433,625.5419838522183,0,0,0,0,0,"['빅ㅎㅏ', 'ㅂㅎ', '빅하']"
2025-09-06T15:36:03.643927,0:00:39,0.65,5.7952838702788805,18,89,2.1223838764462566,3.0459959025520697e-06,50.52448295124329,0,5.7952838702788805,40.0,24.57520415227349,616.7227854669965,0,0,0,0,0,"['빅하', '빅하', '빅하']"
2025-09-06T15:36:08.647790,0:00:44,0.7333333333333333,6.091476330094918,21,89,2.8774342579771157,4.093253471812678e-06,50.84372702501538,0,6.091476330094918,40.0,23.68768373704614,606.0355069202968,0,1,0,0,1,"['안냐세요', '빅하', 'ㅂㅎ']"
2025-09-06T15:36:13.651195,0:00:49,0.8166666666666667,6.255403869580633,22,37,3.3342687263569966,4.135960611154984e-06,50.88408160971439,0,6.255403869580633,40.0,22.883915363341526,593.6669562282672,0,1,0,0,1,"['빅하', 'ㅂㅎ', '빅하']"
2025-09-06T15:36:18.654859,0:00:54,0.9,5.966180392173638,18,37,2.4806393920863186,4.1759795931806885e-06,50.97954934551589,0,5.966180392173638,40.0,22.185523827007373,579.5252606054405,0,1,0,0,1,"['ㅂㅎ', '빅하', '빅하']"
2025-09-06T15:36:23.657991,0:00:59,0.9833333333333333,6.185061111087034,20,37,3.1169896098910166,4.213623845570365e-06,50.94113062175639,0,6.185061111087034,40.0,21.571971444306637,563.7877345448965,0,1,0,0,1,"['빅하', '{:bigheadBig:}{:bigheadHa:}', '오늘 합방이라도 있습니까']"
2025-09-06T15:36:28.727286,0:01:05,1.0833333333333333,6.0484119670502166,18,37,2.706716671934852,4.248351783262672e-06,51.01059432532305,0,6.0484119670502166,40.0,21.039774299875972,546.6889610904068,0,1,0,0,1,"['빅하', '빅하', 'ㅂㅎ']"
2025-09-06T15:36:33.743201,0:01:10,1.1666666666666667,5.9935529239896335,17,37,2.5515491113334554,4.27928357166403e-06,51.00509023309495,0,5.9935529239896335,40.0,20.590796869888376,528.3650649813661,0,1,0,0,1,"['무여 왤케 일찍킴', '빅하', '빅하']"
2025-09-06T15:36:38.823889,0:01:15,1.25,5.817545831264092,15,37,2.160364664040211,3.0459959025520697e-06,50.61416980451657,0,5.817545831264092,40.0,20.231717182899537,508.93855848322954,0,0,0,0,0,"['빅하', '빅하', '빅하']"
2025-09-06T15:36:43.918670,0:01:20,1.3333333333333333,5.993981966607692,17,37,2.687858494584682,4.325997501250402e-06,50.53229763104052,0,5.993981966607692,40.0,19.953545464609586,488.5197026349066,0,1,0,0,1,"['보통 늦잠자고 이른시간에 킨거면 4시에 뭐 있나', '빅하', '빅하']"
2025-09-06T15:36:48.929198,0:01:25,1.4166666666666667,6.036575976811948,17,37,2.7305562813245756,4.340250787664819e-06,50.80879542248031,0,6.036575976811948,40.0,19.768190918148626,467.20773237141594,0,1,0,0,1,"['빅하', '빅하', '!노래']"
2025-09-06T15:36:54.026026,0:01:30,1.5,5.963015630212793,16,37,2.490580297224571,6.206033913910606e-06,50.91310043770627,0,5.963015630212793,40.0,19.671371826333765,445.09195913427436,0,2,0,0,2,"['빅하', '빅하', '빅하']"
2025-09-06T15:36:59.030723,0:01:35,1.5833333333333333,5.742857349702861,13,37,1.8570037720199186,6.233690052673699e-06,50.92903536019868,0,5.742857349702861,40.0,19.549234643700387,422.25276322084693,0,2,0,0,2,"['빅하', '빅하', '빅하']"
2025-09-06T15:37:04.034293,0:01:40,1.6666666666666667,5.506691336052154,8,37,1.1284511295793573,6.2870465330294e-06,51.11730925880765,0,5.506691336052154,40.0,19.319311179330352,398.76248689876223,0,2,0,0,2,"['빅하', '오늘 못올줄 알았음', '빋하']"
2025-09-06T15:37:09.037752,0:01:45,1.75,5.479179498736247,7,37,1.031947933903365,6.373392085400309e-06,51.17995172513235,0,5.479179498736247,40.0,18.962380061397315,374.68623820888604,0,2,0,0,2,"['오늘 못올줄 알았음', '빋하', '합방인가?']"
2025-09-06T15:37:14.041918,0:01:50,1.8333333333333333,9.861467401676448,5,229,0.8481532962487595,6.4984379757036156e-06,50.64611148614192,30,9.861467401676448,40.0,18.476142055257583,350.08261438799747,0,2,0,0,2,"['{:bigheadBig:}{:bigheadHa:}', '오늘 일찍간다하심', '빅하']"
2025-09-06T15:37:19.045350,0:01:55,1.9166666666666667,10.066722888795137,4,229,0.7717584696597305,6.653493647071239e-06,52.96604763016772,30,10.066722888795137,40.0,17.918527849731824,325.9643529491977,0,2,0,0,2,"['오늘 일찍간다하심', '빅하', '{:bigheadBig:}{:bigheadHa:}']"
2025-09-06T15:37:24.221459,0:02:00,2.0,9.948290257252538,3,229,0.6971352593767366,4.552271024949792e-06,52.04291095562269,30,9.948290257252538,40.0,17.421675064758645,302.2829176542779,0,1,0,0,1,"['일찍 와서 일찍 퇴근', '빅하', '{:bigheadBig:}{:bigheadHa:}{:bigheadBig:}{:bigheadHa:}']"
2025-09-06T15:37:29.319290,0:02:05,2.0833333333333335,10.007252819284393,6,229,0.9998319080278993,4.599594737793728e-06,51.57309811636733,30,10.007252819284393,40.0,16.984507558282782,278.9946258888501,0,1,0,0,1,"['일찍 와서 일찍 퇴근', '빅하', '{:bigheadBig:}{:bigheadHa:}{:bigheadBig:}{:bigheadHa:}']"
2025-09-06T15:37:34.325896,0:02:10,2.1666666666666665,10.012981238100917,6,229,1.0161987686517935,4.643590140492086e-06,51.57309811636733,30,10.012981238100917,40.0,16.601056802454504,259.13516329996514,0,1,0,0,1,"['일찍 와서 일찍 퇴근', '빅하', '{:bigheadBig:}{:bigheadHa:}{:bigheadBig:}{:bigheadHa:}']"
2025-09-06T15:37:39.334893,0:02:15,2.25,10.126225538299025,8,229,1.3177971352346487,4.685344436800586e-06,51.64994666829122,30,10.126225538299025,40.0,16.255951122209055,242.23164696996864,0,1,0,0,1,"['일찍 와서 일찍 퇴근', '빅하', '{:bigheadBig:}{:bigheadHa:}{:bigheadBig:}{:bigheadHa:}']"
2025-09-06T15:37:44.338414,0:02:20,2.3333333333333335,10.183529223579619,9,229,1.5233992978068454,3.0459959025520697e-06,51.50338250948862,30,10.183529223579619,40.0,15.92535600998815,227.98848227297177,0,0,0,0,0,"['빅하', '{:bigheadBig:}{:bigheadHa:}{:bigheadBig:}{:bigheadHa:}', '빅하']"
2025-09-06T15:37:49.343309,0:02:25,2.4166666666666665,10.196837663607404,9,229,1.5614234121719441,3.0459959025520697e-06,51.50338250948862,30,10.196837663607404,40.0,15.582820408989335,215.8696340456746,0,0,0,0,0,"['빅하', '{:bigheadBig:}{:bigheadHa:}{:bigheadBig:}{:bigheadHa:}', '빅하']"
2025-09-06T15:37:54.428821,0:02:30,2.5,8.527796269671189,7,229,1.236504154145003,3.0459959025520697e-06,50.950185973220776,20,8.527796269671189,40.0,15.214538368090402,205.66267064110713,0,0,0,0,0,"['빅하', '가야할곳 있나보죠', '빅하아']"
2025-09-06T15:37:59.518715,0:02:35,2.5833333333333335,7.103918247583833,4,229,0.8473149787469868,3.0459959025520697e-06,45.57356786624025,15,7.103918247583833,40.0,14.808084531281363,197.4364035769964,0,0,0,0,0,"['그렇구만', '아 앙되', '빅하']"
2025-09-06T15:38:04.539424,0:02:40,2.6666666666666665,9.358795351694598,4,303,0.8612495619206015,3.0459959025520697e-06,45.57356786624025,30,9.358795351694598,40.0,14.372276078153227,190.9927632192968,0,0,0,0,0,"['그렇구만', '아 앙되', '빅하']"
2025-09-06T15:38:09.618217,0:02:45,2.75,8.258893527319996,2,303,0.6588801076404958,3.0459959025520697e-06,50.28284271247462,20,8.258893527319996,40.0,13.900048470337905,186.52348689736712,0,0,0,0,0,"['빅하', '3시간밖에 못보다니']"
2025-09-06T15:38:24.647826,0:03:00,3.0,7.4508767965344616,1,303,0.5739302232460015,3.0459959025520697e-06,50.0,15,7.4508767965344616,40.0,13.395043623304115,183.83113820763043,0,0,0,0,0,['빅하']
2025-09-06T15:38:29.718572,0:03:05,3.0833333333333335,7.586135245686056,3,303,0.7873489586021645,3.0459959025520697e-06,50.60561891776937,15,7.586135245686056,40.0,12.860539260973704,182.73802438686738,0,0,0,0,0,"['빅하', '빅하', 'qlrgk']"
2025-09-06T15:38:34.722261,0:03:11,3.183333333333333,6.84181701782366,3,303,0.8035825932810325,3.0459959025520697e-06,50.60561891776937,10,6.84181701782366,40.0,12.319485334876333,183.08422194818064,0,0,0,0,0,"['빅하', '빅하', 'qlrgk']"
2025-09-06T15:38:39.734790,0:03:16,3.2666666666666666,6.848351321825394,3,303,0.822252033285988,3.0459959025520697e-06,50.60561891776937,10,6.848351321825394,40.0,11.7625368013887,184.7257997533626,0,0,0,0,0,"['빅하', '빅하', 'qlrgk']"
2025-09-06T15:38:44.737692,0:03:21,3.35,6.855910983304401,3,303,0.8438510660831516,3.0459959025520697e-06,50.60561891776937,10,6.855910983304401,40.0,11.19128312124983,187.53321977802634,0,0,0,0,0,"['빅하', '빅하', 'qlrgk']"
2025-09-06T15:38:49.740621,0:03:26,3.433333333333333,7.061112355275407,4,303,1.0480339416066262,3.0459959025520697e-06,51.942992573147265,10,7.061112355275407,40.0,10.612154809124846,191.3898978002237,0,0,0,0,0,"['빅하', '빅하', 'qlrgk']"
2025-09-06T15:38:54.746448,0:03:31,3.5166666666666666,5.0774855698852885,4,303,1.0932748668213461,3.0459959025520697e-06,46.948381480994556,0,5.0774855698852885,40.0,10.045939328212361,196.19090802020133,0,0,0,0,0,"['빅하', 'qlrgk', '빅하']"
2025-09-06T15:38:59.820340,0:03:36,3.6,5.5867693736395045,4,303,1.14253237174606,3.0459959025520697e-06,51.86881825130022,0,5.5867693736395045,40.0,9.516345395391125,201.8418172181812,0,0,0,0,0,"['빅하', '빅하', 'ㅎㅇㅎㅇ']"
2025-09-06T15:39:04.832024,0:03:41,3.683333333333333,8.080485334241043,13,303,8.465885879509884,3.0459959025520697e-06,51.17424058014223,0,8.080485334241043,40.0,9.024710855852014,208.2576354963631,0,0,0,0,0,"['{:bigheadBig:}{:bigheadHa:}{:bigheadBig:}{:bigheadHa:}', '빅하', '빅하']"
2025-09-06T15:39:09.917105,0:03:46,3.7666666666666666,9.30900117259775,14,303,11.988177070711675,3.0459959025520697e-06,51.13137979450303,0,9.30900117259775,40.0,8.622239770266813,214.4018719467268,0,0,0,0,0,"['빅하', '빅하', '빅하']"
2025-09-06T15:39:14.938211,0:03:51,3.85,12.503202972811362,15,342,16.789246479958468,3.0459959025520697e-06,51.26965486427537,10,12.503202972811362,40.0,8.310015793240131,220.30168475205411,0,0,0,0,0,"['빅하', '빅하', '빅하']"
2025-09-06T15:39:20.024505,0:03:56,3.933333333333333,14.647926106155886,16,342,22.93165868783621,3.0459959025520697e-06,51.21844347014849,10,14.647926106155886,40.0,8.089014213916117,226.1765162768487,0,0,0,0,0,"['빅하', '빅하', '{:bigheadBig:}{:bigheadHa:}']"
2025-09-06T15:39:25.117688,0:04:01,4.016666666666667,15.185724092870117,16,342,24.481417701056788,3.0459959025520697e-06,51.172266791018814,10,15.185724092870117,40.0,7.940112792524506,232.02886464916384,0,0,0,0,0,"['빅하', '{:bigheadBig:}{:bigheadHa:}', '빅하']"
2025-09-06T15:39:30.129366,0:04:06,4.1,13.975587012109076,16,342,25.42252845547296,3.0459959025520697e-06,50.77700834295179,0,13.975587012109076,40.0,7.856101513272055,237.86097818424744,0,0,0,0,0,"['빅하', '빅하', 'ㅎㅇ']"
2025-09-06T15:39:35.134414,0:04:11,4.183333333333334,6.383533360109045,8,342,3.7630511516700396,3.0459959025520697e-06,50.66464238626169,0,6.383533360109045,40.0,7.82049136194485,243.6748803658227,0,0,0,0,0,"['비카', 'ㅂㅎ', '빅하']"
2025-09-06T15:39:40.137580,0:04:16,4.266666666666667,6.396177454329237,8,342,3.7991771351563064,3.0459959025520697e-06,50.66464238626169,0,6.396177454329237,40.0,7.783442225750365,249.47239232924042,0,0,0,0,0,"['비카', 'ㅂㅎ', '빅하']"
2025-09-06T15:39:45.140402,0:04:21,4.35,6.816484728271296,9,342,4.939963942688053,3.0459959025520697e-06,50.87496129932116,0,6.816484728271296,40.0,7.745098003175329,255.2551530963164,0,0,0,0,0,"['ㅂㅎ', '빅하', 'ㅂㅎ']"
2025-09-06T15:39:50.217578,0:04:26,4.433333333333334,7.869997028581049,11,342,8.214503908148936,3.0459959025520697e-06,49.949194423305606,0,7.869997028581049,40.0,7.720588202857797,261.02463778668476,0,0,0,0,0,"['고릴라즈', 'ㅂㅎ', 'ㅂㅎ']"
2025-09-06T15:39:55.221452,0:04:31,4.516666666666667,7.87162711667137,11,342,8.177025135187117,3.0459959025520697e-06,50.09667100957517,0,7.87162711667137,40.0,7.7335293825720175,266.7821740080163,0,0,0,0,0,"['ㅂㅎ', 'ㅂㅎ', '{:bigheadBig:}{:bigheadHa:}']"
2025-09-06T15:40:00.227449,0:04:36,4.6,10.910414532122555,14,342,16.617620079142558,1.424219910708867e-05,50.94241807543017,0,10.910414532122555,40.0,7.780176444314816,272.15895660721463,0,1,1,0,2,"['빅하', '빅하', '기지개좀 피시지요']"
2025-09-06T15:40:05.324038,0:04:41,4.683333333333334,13.729882498461263,16,342,25.12520983470516,3.852100434663693e-05,49.36043647912718,0,13.729882498461263,40.0,7.882158799883334,277.1930609464932,1,1,1,0,3,"['{:bigheadBig:}{:bigheadHa:}', '헉', 'ㅇㄱㅇ']"
2025-09-06T15:40:10.327197,0:04:46,4.766666666666667,26.31495870641831,21,342,62.78109571624532,0.00026679047198208675,43.41468489543658,0,26.31495870641831,40.0,8.048942919895001,281.91875485184386,3,1,1,0,5,"['이야~ 바쁘네', '빅하', '내일도 약속이야?']"
2025-09-06T15:40:15.330524,0:04:51,4.85,40.10700418945157,27,381,100.0,0.001615108470155466,36.063581460635135,10,40.10700418945157,40.0,8.289048627905501,286.3668793666595,5,1,1,0,7,"['ㅋㅋㅋㅋㅋㅋㅋㅋㅋ', 'ㅋㅋㅋㅋㅋㅋㅋㅋㅋㅋ', '울렸는데']"
2025-09-06T15:40:20.334121,0:04:56,4.933333333333334,29.206382873110357,23,381,67.84474093094227,0.0012648472153910383,39.602176083944094,10,29.206382873110357,40.0,8.625143765114952,290.7601914299935,5,1,1,0,7,"['ㅋㅋㅋㅋㅋㅋㅋㅋㅋ', 'ㅋㅋㅋㅋㅋㅋㅋㅋㅋㅋ', '울렸는데']"
2025-09-06T15:40:25.417614,0:05:01,5.016666666666667,34.78711000235954,26,381,88.06193657436103,0.0009667285758833751,39.65045509902833,0,34.78711000235954,40.0,9.027629388603458,295.1041722869942,5,1,1,0,7,"['ㅂㅎ', '데드락 드가자', '빅하']"
2025-09-06T15:40:30.428388,0:05:06,5.1,30.376897404258866,26,381,74.14451119377746,0.0002048334981984239,44.26236553037476,0,30.376897404258866,40.0,9.504866449743114,299.4037550582948,5,0,0,0,5,"['안울렸을까?', '아', '음']"
2025-09-06T15:40:35.930062,0:05:12,5.2,20.735564541570845,24,381,45.54478047702836,7.367685940743793e-05,47.94861903867158,0,20.735564541570845,40.0,10.044379804768802,303.6633795524653,4,0,0,0,4,"['아', '음', '아']"
2025-09-06T15:40:40.935601,0:05:17,5.283333333333333,61.864912608168176,26,381,49.64290523950371,100.0,44.89895774341883,0,61.864912608168176,40.0,10.629941824291922,307.88704159721874,45,0,0,0,45,"['데드락 노래랑 잘어울린더', 'ㅏㅏㅏㅏ', '정장 잘 다려입고가요']"
2025-09-06T15:40:46.022693,0:05:22,5.366666666666666,65.43677854721258,29,381,59.79433798966717,100.0,45.08760250829075,0,65.43677854721258,40.0,11.266947641862732,312.0783374374969,106,0,0,0,106,"['ㅏㅏㅏㅏㅏㅏㅏㅏㅏㅏㅏㅏㅏㅏㅏㅏㅏㅏㅏㅏㅏㅏㅏ', 'ㅏㅏㅏㅏㅏㅏㅏㅏㅏㅏㅏㅏ', 'ㅏㅏㅏㅏㅏㅏㅏㅏㅏ']"
2025-09-06T15:40:51.029322,0:05:27,5.45,65.94381955609074,31,381,62.05782088699061,100.0,42.23582245644025,0,65.94381955609074,40.0,11.920252877676461,316.2405036937472,127,0,0,0,127,"['ㅏㅏㅏㅏㅏㅏㅏㅏㅏㅏㅏ', 'ㅏㅏㅏㅏㅏㅏㅏㅏㅏㅏㅏㅏㅏㅏㅏㅏㅏㅏㅏㅏㅏㅏㅏㅏㅏㅏ', '{:bigheadAh:}{:bigheadAh:}{:bigheadAh:}{:bigheadAh:}{:bigheadAh:}{:bigheadAh:}{:bigheadAh:}{:bigheadAh:}']"
2025-09-06T15:40:56.131438,0:05:32,5.533333333333333,57.099545498193066,28,381,34.92591083845168,100.0,48.75476704734979,0,57.099545498193066,40.0,12.593227589908816,320.3764533243725,127,2,0,0,129,"['ㅏㅏㅏㅏㅏㅏㅏㅏㅏㅏㅏㅏㅏㅏㅏㅏㅏㅏㅏㅏㅏㅏㅏㅏㅏ', 'ㅏㅏㅏㅏㅏㅏㅏㅏㅏㅏㅏㅏㅏㅏㅏㅏㅏㅏㅏㅏㅏ', 'ㅏㅏㅏㅏㅏㅏㅏㅏㅏㅏㅏㅏㅏㅏㅏㅏㅏㅏㅏㅏㅏㅏㅏㅏㅏㅏㅏㅏㅏㅏㅏㅏㅏㅏㅏㅏㅏ']"
2025-09-06T15:41:01.134872,0:05:37,5.616666666666666,53.71282677792379,27,381,25.376676678832006,100.0,48.30989940332585,0,53.71282677792379,40.0,13.263904830917934,324.29380799193524,142,3,0,0,145,"['ㅏㅏㅏㅏㅏㅏㅏㅏㅏㅏㅏㅏㅏㅏㅏㅏㅏㅏㅏㅏㅏㅏㅏㅏㅏㅏㅏㅏㅏㅏㅏㅏㅏㅏㅏㅏㅏ', '아', 'ㅏㅏㅏㅏㅏㅏㅏㅏㅏㅏㅏㅏㅏㅏㅏㅏㅏㅏㅏㅏㅏㅏㅏㅏㅏㅏㅏㅏㅏㅏㅏㅏ']"
2025-09-06T15:41:06.138830,0:05:42,5.7,51.75107187013212,26,381,18.811961595287794,100.0,51.66885311781391,0,51.75107187013212,40.0,13.92251434782614,328.0144271927417,140,4,0,0,144,"['ㅏㅏㅏㅏㅏㅏㅏㅏㅏㅏㅏㅏㅏㅏㅏㅏㅏㅏㅏㅏㅏㅏㅏㅏㅏㅏㅏㅏㅏㅏㅏㅏ', 'ㅏㅏㅏㅏㅏㅏㅏㅏㅏㅏㅏ', '컹컹!']"
2025-09-06T15:41:11.142278,0:05:47,5.783333333333333,48.14868736453778,21,381,8.486944638066962,100.0,51.782567412143436,0,48.14868736453778,40.10700418945157,14.565262913043528,331.5579844734675,94,5,0,0,99,"['오래 해다오..숙연해지네 좀', '{:bigheadBig:}{:bigheadHa:}', '채팅창 내려주이소']"
2025-09-06T15:41:16.216911,0:05:52,5.866666666666666,46.30747297263716,15,412,3.519487238159756,100.0,50.75652439281243,0,46.30747297263716,48.14868736453778,15.168736621739175,334.9421860261208,36,9,0,0,45,"['채팅창 내려주이소', 'ㅏㅏㅏㅏㅏㅏㅏㅏㅏㅏㅏㅏㅏㅏㅏㅏㅏㅏㅏㅏㅏㅏㅏㅏㅏㅏㅏㅏㅏㅏ', '건강하게해다오']"
2025-09-06T15:41:21.323080,0:05:57,5.95,6.099562273519419,13,412,2.5512956860933915,0.33891148931051907,50.71044187662524,0,6.099562273519419,48.14868736453778,15.746862959565258,338.3379674235087,15,9,0,0,24,"['ㅏㅏㅏㅏㅏㅏㅏㅏㅏㅏㅏㅏㅏㅏㅏㅏㅏㅏㅏㅏㅏㅏㅏㅏㅏㅏㅏㅏㅏㅏ', '건강하게해다오', '숙연해지네...']"
2025-09-06T15:41:26.423990,0:06:02,6.033333333333333,5.624956920844273,11,412,1.8948493074635475,9.473277228894208e-05,49.61721770123116,0,5.624956920844273,48.14868736453778,16.292176663608732,341.74417068115787,0,8,0,0,8,"['숙연해지네...', '오늘은 데드락 롱헤드인가', '그래 건강하게 오래해줘라 헤드야']"
2025-09-06T15:41:31.536160,0:06:07,6.116666666666666,6.076842253750261,15,412,2.915655848557623,9.074988274222358e-05,50.563264068019954,0,6.076842253750261,48.14868736453778,16.792958997247858,345.1597536130421,1,7,0,0,8,"['그 오래해줘', '헤드헤드야 오래오래 방송해다오', '몸 관리 잘하고']"
2025-09-06T15:41:36.618916,0:06:12,6.2,6.419904197345141,18,412,3.9113081910197973,0.00014764506309023165,50.508872724629754,0,6.419904197345141,48.14868736453778,17.26366309752307,348.5837782517379,4,5,0,0,9,"['욘사', '빅하', '캬']"
2025-09-06T15:41:41.624856,0:06:17,6.283333333333333,6.805678983178403,24,412,7.172460528557048,0.0002780814688931293,42.95206565595878,0,6.805678983178403,48.14868736453778,17.722296787770766,352.01540042656416,5,5,1,0,11,"['대 용 사', 'ㅋㅋㅋㅋㅋㅋㅋㅋㅋㅋㅋ', '그.....']"
2025-09-06T15:41:46.634324,0:06:22,6.366666666666666,7.692179301512098,28,412,10.229397836786152,5.316055605249859e-05,41.11868794414524,0,7.692179301512098,48.14868736453778,18.18506710899369,355.45386038390774,5,1,1,0,7,"['ㅁㄹ', '그…', '흠']"
2025-09-06T15:41:51.733139,0:06:28,6.466666666666667,8.404851538130545,31,412,12.860874571899949,3.396062183236426e-05,39.0353185371683,0,8.404851538130545,48.14868736453778,18.661560398094323,358.898474345517,5,0,1,0,6,"['궁금하다면 당장 카페를봐', '빅히', '한분이 별이되셔서']"
2025-09-06T15:41:56.749884,0:06:33,6.55,9.767810698087548,35,412,17.52771453633789,4.151698944321413e-05,36.33094003573509,0,9.767810698087548,48.14868736453778,19.14040435828489,362.3486269109653,5,0,2,0,7,"['알잖아..', '빅하', 'ㅇㅇ']"
2025-09-06T15:42:01.822096,0:06:38,6.633333333333334,7.773402514015945,31,412,11.055057297405774,2.5931105853516832e-05,39.04122087481583,0,7.773402514015945,48.14868736453778,19.611363922456402,365.6087642198688,4,0,2,0,6,"['빅하', 'ㅇㅇ', '보면 알수있단다 헤드야']"
2025-09-06T15:42:06.833568,0:06:43,6.716666666666667,6.828935956553919,28,415,7.7545558493172475,7.466716421485139e-06,41.14838422606314,0,6.828935956553919,48.14868736453778,20.075227530210764,368.697887797882,1,0,2,0,3,"['별이 되심', '절대 카페를 보ㅓㅏ', '뭐야 나 몰라']"
2025-09-06T15:42:12.119986,0:06:48,6.8,5.816352357064011,23,415,4.566854929698863,3.8872352324304e-06,42.179515767753166,0,5.816352357064011,48.14868736453778,20.50270477718969,371.64809901809383,0,0,1,0,1,"['뭐야 나 몰라', '헤드는 건강해 괜찮아', '?/']"
2025-09-06T15:42:17.124253,0:06:53,6.883333333333334,5.20754045107074,19,415,3.0153290402483686,4.9181315952708955e-06,41.521733197311725,0,5.20754045107074,48.14868736453778,20.872434299470726,374.4732891162845,0,0,2,0,2,"['난 무섭다', 'ㅇ0ㅇ', 'ㅖ']"
2025-09-06T15:42:22.532923,0:06:58,6.966666666666667,5.320031171256326,18,415,2.6765949066682686,1.3163654920111551e-05,43.832176884604635,0,5.320031171256326,48.14868736453778,21.180190869523653,377.18596020465606,0,2,3,1,6,"['보셨구나', '무ㅜ야', '쩝']"
2025-09-06T15:42:27.624632,0:07:03,7.05,5.75736945823715,15,415,1.9918293129700497,1.971713504610643e-05,50.60221311843614,0,5.75736945823715,48.14868736453778,21.417171782571288,379.7973641841904,0,4,2,1,7,"['무ㅜ야', '쩝', '헉']"
2025-09-06T15:42:32.627850,0:07:08,7.133333333333334,5.685409667105297,14,415,1.8002923391975856,1.947392279037438e-05,50.55299558817026,0,5.685409667105297,48.14868736453778,21.56045460431416,382.3176277657714,0,4,2,1,7,"['무ㅜ야', '쩝', '헉']"
2025-09-06T15:42:37.638605,0:07:13,7.216666666666667,5.266371861087391,13,415,1.6381229924742384,2.682433885631996e-05,46.93018083985864,0,5.266371861087391,48.14868736453778,21.604409143882744,384.7558649891943,0,4,3,2,9,"['나도 방금봤네...', '아', '지금 알았나보네']"
2025-09-06T15:42:42.718404,0:07:18,7.3,4.114917447589832,10,415,1.2452418529580311,4.085994876108219e-05,36.790664550750165,0,4.114917447589832,48.14868736453778,21.56896822949447,387.1202784902749,0,6,2,2,10,"['지금 알았나보네', '헉', '건강해다오']"
2025-09-06T15:42:47.828726,0:07:24,7.4,4.485255661940703,9,415,1.1407399701854763,4.549167340251317e-05,40.85978475706425,0,4.485255661940703,48.14868736453778,21.452071406545024,389.4182506412474,0,7,1,2,10,"['건강해다오', '아 간다는게 조문이 아니였어??', '우리 오래오래 보자']"
2025-09-06T15:42:52.839836,0:07:29,7.483333333333333,3.8468433429320728,7,415,0.9531301890523348,2.1959404940011052e-05,35.132389930017794,0,3.8468433429320728,48.14868736453778,21.261864265890523,391.6564255771227,0,5,1,1,7,"['우리 오래오래 보자', '어릴때 진짜 자주 봤었는데', '조문이 아니였네']"
2025-09-06T15:42:57.920034,0:07:34,7.566666666666666,3.8537045528143836,7,415,0.9603236236913788,1.1540350265598887e-05,35.175866683822946,0,3.8537045528143836,48.14868736453778,21.020677839301474,393.8407830194105,0,3,1,1,5,"['어릴때 진짜 자주 봤었는데', '조문이 아니였네', '암튼']"
2025-09-06T15:43:02.929810,0:07:39,7.65,4.396971418026099,6,415,0.879715489867652,9.22147553634338e-06,40.89067307982206,0,4.396971418026099,48.14868736453778,20.763610055371327,395.82170471746946,0,3,0,1,4,"['조문이 아니였네', '암튼', '가슴이 쓰리다']"
2025-09-06T15:43:08.020255,0:07:44,7.733333333333333,5.396714255929261,5,415,0.8042527788315025,8.485472724685801e-06,51.152223891491445,0,5.396714255929261,48.14868736453778,20.497249049834192,397.6195342457225,0,3,0,0,3,"['가슴이 쓰리다', '건강히 오래 해다오', '건강챙겨다오']"
2025-09-06T15:43:13.036819,0:07:49,7.816666666666666,6.8755149851197475,4,459,0.7335522607758852,8.60219346131216e-06,51.18768252970803,10,6.8755149851197475,48.14868736453778,20.227524144850776,399.2525808211502,0,3,0,0,3,"['건강챙겨다오', '조문하러 간다는거 돌려말하는줄 알았는데', '건강하십쇼']"
2025-09-06T15:43:18.040460,0:07:54,7.9,5.391726344565425,3,459,0.6676645483276402,6.149031222636034e-06,51.580412930382614,0,5.391726344565425,48.14868736453778,19.9297717303657,400.9573227390352,0,2,0,0,2,"['조문하러 간다는거 돌려말하는줄 알았는데', '건강하십쇼', '오래오래봅시다']"
2025-09-06T15:43:23.117516,0:07:59,7.983333333333333,5.39295738752676,3,459,0.6711817269553434,6.225135318592856e-06,51.580412930382614,0,5.39295738752676,48.14868736453778,19.58679455732913,402.72659046513166,0,2,0,0,2,"['조문하러 간다는거 돌려말하는줄 알았는데', '건강하십쇼', '오래오래봅시다']"
2025-09-06T15:43:28.121122,0:08:04,8.066666666666666,5.435705907648642,3,459,0.6756174631147343,9.107621182061863e-06,51.99236152510012,0,5.435705907648642,48.14868736453778,19.173115101596217,404.5539314186185,0,3,0,0,3,"['건강하십쇼', '오래오래봅시다', '오늘은 짧방 데드락?']"
2025-09-06T15:43:33.124706,0:08:09,8.15,5.429007808365323,4,459,0.7579651248785785,9.377165052760368e-06,51.63716263791799,0,5.429007808365323,48.14868736453778,18.675803591436598,406.4335382767566,0,3,0,0,3,"['건강하십쇼', '오래오래봅시다', '오늘은 짧방 데드락?']"
2025-09-06T15:43:38.220686,0:08:14,8.233333333333333,5.444343176591925,5,459,0.8578824858496638,4.0914535216047264e-05,51.44067940730456,0,5.444343176591925,48.14868736453778,18.09322323229294,408.360184449081,0,6,1,0,7,"['오래오래봅시다', '오늘은 짧방 데드락?', '빅하']"
2025-09-06T15:43:43.226608,0:08:19,8.316666666666666,5.441066241817687,7,459,1.1013317596678223,4.524291843008099e-05,50.55582028766577,0,5.441066241817687,48.14868736453778,17.418900909063648,410.3291660041729,0,6,1,0,7,"['오늘은 짧방 데드락?', '빅하', '진짜 가는건 순서없어']"
2025-09-06T15:43:48.230992,0:08:24,8.4,5.695731247284867,11,459,1.8350933221437975,5.088386863597566e-05,50.534282309870825,0,5.695731247284867,48.14868736453778,16.692010818157282,412.33624940375563,0,6,1,0,7,"['빅하', '진짜 가는건 순서없어', '오래오래 살아다오']"
2025-09-06T15:43:53.234176,0:08:29,8.483333333333333,5.927560169197457,13,459,2.498160933883951,5.797530249114861e-05,50.53180652217077,0,5.927560169197457,48.14868736453778,15.952809736341553,414.3626244633801,0,6,1,0,7,"['오래오래 살아다오', '오래오래 건강하게 보자', '숙연해지네..']"
2025-09-06T15:43:58.237222,0:08:34,8.566666666666666,7.632153985974805,14,459,3.066190740953305,4.205277184628703e-05,50.5897040553241,10,7.632153985974805,48.14868736453778,15.237528762707399,416.4063620170421,0,5,1,0,6,"['숙연해지네..', 'ㄹㅇㄹㅇ', '며칠 전에도 방송 하셨던데']"
2025-09-06T15:44:03.241407,0:08:39,8.65,7.4428770837239355,14,459,3.3315505300392663,4.743809293744489e-05,47.76815422973017,10,7.4428770837239355,48.14868736453778,14.56877588643666,418.4657258153379,0,5,1,0,6,"['ㄹㅇㄹㅇ', '며칠 전에도 방송 하셨던데', 'ㄹㅇ']"
2025-09-06T15:44:08.251629,0:08:44,8.733333333333333,7.304457143325099,11,459,2.372151547216574,3.0459959025520697e-06,49.74202883400936,10,7.304457143325099,48.14868736453778,13.946898297792995,420.53915323380414,0,0,0,0,0,"['며칠 전에도 방송 하셨던데', 'ㄹㅇ', '건강해야해']"
2025-09-06T15:44:13.317634,0:08:49,8.816666666666666,7.599943593959852,12,507,2.9415563124536233,3.0459959025520697e-06,50.703976662027216,10,7.599943593959852,48.14868736453778,13.367208468013695,422.6252379104237,0,0,0,0,0,"['건강해야해', 'ㄹㅇ', 'ㄹㅇ']"
2025-09-06T15:44:18.320820,0:08:54,8.9,5.587055597216249,7,507,1.4647617503528287,3.0459959025520697e-06,50.74387766194398,0,5.587055597216249,48.14868736453778,12.835487621212325,424.96271411938136,0,0,0,0,0,"['ㄹㅇ', '넌 더 챙겨야하긴해..', '빅하']"
2025-09-06T15:44:23.324348,0:08:59,8.983333333333333,5.701912137387289,8,507,1.7990373850228305,3.0459959025520697e-06,50.72247834230937,0,5.701912137387289,48.14868736453778,12.326938859091094,427.5264427074432,0,0,0,0,0,"['넌 더 챙겨야하긴해..', '빅하', '{:bigheadBong:}']"
2025-09-06T15:44:28.328972,0:09:04,9.066666666666666,5.853016141580899,9,507,2.236418023709898,5.496352541774199e-06,50.702676347414176,0,5.853016141580899,48.14868736453778,11.859244973181985,430.29379843669886,0,1,0,0,1,"['{:bigheadBong:}', '빅하', '고양이군']"
2025-09-06T15:44:33.332488,0:09:09,9.15,6.05439888417588,10,507,2.808592084664029,1.1304594150724562e-05,50.713871327058094,0,6.05439888417588,48.14868736453778,11.438320475863787,433.244418593029,1,1,0,0,2,"['빅하', '고양이군', '일퀘 달려잇']"
2025-09-06T15:44:38.337556,0:09:14,9.233333333333333,6.212345467209262,11,507,3.5500281967027694,2.4304783222751815e-05,49.69825876450004,0,6.212345467209262,48.14868736453778,11.074488428277407,436.3599767337261,2,1,0,0,3,"['일퀘 달려잇', '할건 해야제', '일퀘할건해야지']"
2025-09-06T15:44:43.351114,0:09:19,9.316666666666666,6.618855426849077,12,507,4.502234862380838,5.4216478612414374e-05,50.430515384243385,0,6.618855426849077,48.14868736453778,10.767039585449668,439.62397906035346,3,1,0,0,4,"['일퀘달려잇', '일퀘 해야지', '오늘 뭐 있음? 데드락하나']"
2025-09-06T15:44:48.417395,0:09:24,9.4,7.153950035091097,14,507,6.854834072129093,0.0001240808498823448,47.547084775059616,0,7.153950035091097,48.14868736453778,10.520335626904702,443.02158115431814,4,1,0,0,5,"['오늘 뭐 있음? 데드락하나', 'ㅋㅋㅋㅋㅋㅋㅋㅋㅋㅋ', '근데 데드락 안 망했나 보네']"
2025-09-06T15:44:53.423338,0:09:29,9.483333333333333,7.798360675351062,16,507,10.36948232605322,0.00016041191943493968,41.689776964646605,0,7.798360675351062,48.14868736453778,10.343302064214232,446.53942303888635,4,1,0,1,6,"['왜 faxfox지', 'ㅋㅋㅋㅋㅋ', '할건해야지']"
2025-09-06T15:44:58.426845,0:09:34,9.566666666666666,7.326132461140283,14,507,7.346387057608891,7.634284270594221e-05,47.54866453840088,0,7.326132461140283,48.14868736453778,10.24397185779281,449.9454807349977,3,1,0,1,5,"['할건해야지', '드가야지', '해야지해야지']"
2025-09-06T15:45:03.437282,0:09:39,9.65,7.347608571802816,14,507,7.4118325194477945,7.71759249446664e-05,47.53436319626109,0,7.347608571802816,48.14868736453778,10.20957467201353,453.250932661498,3,1,0,1,5,"['드가야지', '해야지해야지', 'ㅋㅋㅋㅋㅋㅋㅋ']"
2025-09-06T15:45:08.441043,0:09:44,9.733333333333333,6.8140531372517055,13,497,6.098225628653724,3.5049337977989e-05,46.79660147487711,0,6.8140531372517055,48.14868736453778,10.233617204812177,456.4658393953482,2,1,0,1,4,"['해야지해야지', 'ㅋㅋㅋㅋㅋㅋㅋ', '무병장수해야지']"
2025-09-06T15:45:13.444810,0:09:49,9.816666666666666,6.06001298945972,10,497,3.3938327759261955,3.1272419730379774e-05,48.721590089176594,0,6.06001298945972,48.14868736453778,10.30525548433096,459.5492554558134,1,2,0,1,4,"['ㅋㅋㅋㅋㅋㅋㅋ', '무병장수해야지', '단수 안돼']"
2025-09-06T15:45:18.542650,0:09:54,9.9,5.438497541740003,10,497,3.335511480611248,3.061775306157695e-05,42.710562764248415,0,5.438497541740003,48.14868736453778,10.399729935897865,462.5143299102321,1,2,0,1,4,"['무병장수해야지', '단수 안돼', '무병단수는 꿈도 꾸지마쇼']"
2025-09-06T15:45:23.617942,0:09:59,9.983333333333333,6.030711434404374,9,497,2.711123850829376,4.809452650761656e-05,50.817988488034885,0,6.030711434404374,48.14868736453778,10.509756942308078,465.3728969192089,1,3,0,0,4,"['오래 사쇼', '무병장수해야지', '가는데는 순서 없다보니…']"
2025-09-06T15:45:28.623571,0:10:04,10.066666666666666,5.854469481221083,8,497,2.21213764355068,2.4182485999398606e-05,50.80211632983945,0,5.854469481221083,48.14868736453778,10.618781248077271,468.13560722728806,1,2,0,0,3,"['가는데는 순서 없다보니…', '눈에 키로시안구 달때까진 살ㅇ아야지', '오늘 일퀘만 하고 딴거 함?']"
2025-09-06T15:45:33.730683,0:10:10,10.166666666666666,6.0052244405671065,9,497,2.6301041569838604,3.796799203237604e-05,50.846727984259424,0,6.0052244405671065,48.14868736453778,10.701903123269544,470.81204650455925,1,2,1,0,4,"['눈에 키로시안구 달때까진 살ㅇ아야지', '오늘 일퀘만 하고 딴거 함?', 'ㅋㅋㅋㅋㅋㅋㅋㅋ']"
2025-09-06T15:45:38.741194,0:10:15,10.25,5.7645610357163175,11,497,3.7605679335571733,0.00016589098631854607,44.48295902576779,0,5.7645610357163175,48.14868736453778,10.75671281094259,473.41084185410335,3,2,1,0,6,"['ㅋㅋㅋㅋㅋㅋㅋㅋ', '인형뽑기 당한다!', '이케릭은 멀로 감? 폭탄 원툴인가?']"
2025-09-06T15:45:43.818431,0:10:20,10.333333333333334,6.154141074688093,12,497,4.480467282604256,8.5620786367932e-05,45.85943277462056,0,6.154141074688093,48.14868736453778,10.79104152984833,475.939757668693,3,1,1,0,5,"['이케릭은 멀로 감? 폭탄 원툴인가?', '난 오래 살아도 70 넘어서는 상상하기도 싫던데', '메타가 있어?']"
2025-09-06T15:45:48.826340,0:10:25,10.416666666666666,5.979601699476715,10,497,3.103362327996022,4.059146620889827e-05,48.934086480916235,0,5.979601699476715,46.30747297263716,10.811937376863497,478.40578190182373,2,1,1,0,4,"['이케릭은 멀로 감? 폭탄 원툴인가?', '난 오래 살아도 70 넘어서는 상상하기도 싫던데', '메타가 있어?']"
2025-09-06T15:45:53.839039,0:10:30,10.5,5.018830097641702,9,497,2.5806300580224364,2.119252171953269e-05,41.15601100325161,0,5.018830097641702,40.0,10.825743639177148,480.81520371164135,2,0,1,0,3,"['메타가 있어?', '메타도 존재하는거였구나', '수면부족이..  진짜 위험하다니..   늦잠 자도 되는 걸로 하자']"
2025-09-06T15:45:58.843867,0:10:35,10.583333333333334,5.770119577319768,11,497,3.7145090492079134,2.120230219192261e-05,44.700329291761214,0,5.770119577319768,40.0,10.823169275259433,482.9336833404772,2,0,1,0,3,"['수면부족이..  진짜 위험하다니..   늦잠 자도 되는 걸로 하자', 'ㅋㅋㅋㅋㅋㅋㅋ', 'ㅋㅋㅋㅋㅋㅋㅋㅋ']"
2025-09-06T15:46:03.846933,0:10:40,10.666666666666666,4.992909396413804,9,497,2.574733832653093,6.371132548365452e-06,40.917500065322024,0,4.992909396413804,40.0,10.84085234773349,484.7903150064295,1,0,0,0,1,"['ㅋㅋㅋㅋㅋㅋㅋㅋ', '애옹쓰', '애옹쓰']"
2025-09-06T15:46:08.851078,0:10:45,10.75,5.726510569309381,7,497,1.7829819029537741,3.0459959025520697e-06,51.02465684877199,0,5.726510569309381,40.0,10.861767112960141,486.4112835057866,0,0,0,0,0,"['애옹쓰', '몸에 산데비스탄 달때까진 살아야돼', '과로 조심해요']"
2025-09-06T15:46:13.918765,0:10:50,10.833333333333334,6.999735812497754,5,497,1.2361855810138787,3.0459959025520697e-06,50.670696407445355,10,6.999735812497754,40.0,10.870590401664128,487.820155155208,0,0,0,0,0,"['과로 조심해요', '지금 대기방인건가', '적어도 6시간은 자야 돼']"
2025-09-06T15:46:18.946458,0:10:55,10.916666666666666,7.275914707328233,7,497,1.7847110272068578,3.0459959025520697e-06,51.512646294074706,10,7.275914707328233,40.0,10.853531361497716,489.0381396396872,0,0,0,0,0,"['과로 조심해요', '지금 대기방인건가', '적어도 6시간은 자야 돼']"
2025-09-06T15:46:24.022383,0:11:00,11.0,7.274437933101132,7,497,1.7921824814653942,3.6645367066900106e-06,51.47172598773562,10,7.274437933101132,40.0,10.818178225347944,490.08432567571845,0,0,0,1,1,"['ㄹㅇ', '잠 못자면 살찜 조심', '한명 아예 나갓나보네']"
2025-09-06T15:46:29.025655,0:11:05,11.083333333333334,6.887863213203545,8,497,2.1688879406514667,3.6681153986345147e-06,46.28750966729372,10,6.887863213203545,40.0,10.76136040281315,490.9758931081466,0,0,0,1,1,"['잠 못자면 살찜 조심', '한명 아예 나갓나보네', 'ㄴㄴ 6시간만 자도 힘들어']"
2025-09-06T15:46:34.029413,0:11:10,11.166666666666666,6.812020398825732,8,497,2.1932542325286306,3.6732979767275694e-06,45.44379948121521,10,6.812020398825732,40.0,10.680224362531835,491.72830379733193,0,0,0,1,1,"['한명 아예 나갓나보네', 'ㄴㄴ 6시간만 자도 힘들어', '잠 못자면 살찌는거 아니야?']"
2025-09-06T15:46:39.033967,0:11:15,11.25,7.281052157616797,11,497,3.8983241137411637,3.680662513263778e-06,44.16637245542384,10,7.281052157616797,40.0,10.567201926278651,492.3554734175988,0,0,0,1,1,"['ㄴㄴ 6시간만 자도 힘들어', '잠 못자면 살찌는거 아니야?', '무조건8시간 자야되']"
2025-09-06T15:46:44.050335,0:11:20,11.333333333333334,8.278414965908702,14,497,6.9735845253322895,7.206851761395447e-06,43.37657499301696,10,8.278414965908702,40.0,10.450481733650786,492.8699260758389,0,1,0,1,2,"['최소\xa0 7시간은 자야해', '심근경색이 ..', '미라지 올만에 보네']"
2025-09-06T15:46:49.054865,0:11:25,11.416666666666666,7.79387829128424,13,497,5.937950659766312,7.270150033855301e-06,42.15592652306017,10,7.79387829128424,40.0,10.345433560285707,493.282933468255,0,1,0,1,2,"['심근경색이 ..', '미라지 올만에 보네', '8시간 무조건자야되 ㄹㅇ']"
2025-09-06T15:46:54.119457,0:11:30,11.5,7.991039529992378,14,497,7.333343975265223,1.1936046155608768e-05,39.243643642310865,10,7.991039529992378,40.0,10.250890204257136,493.6546401214295,0,2,0,0,2,"['뗴잉', 'ㄲㅂ', '오 바로 잡히네?']"
2025-09-06T15:46:59.124208,0:11:35,11.583333333333334,8.316849739255257,15,497,9.002796077106586,5.2506039285587934e-05,36.658501098522386,10,8.316849739255257,40.0,10.185801183831423,493.9891761092866,1,3,0,0,4,"['이제 6시간만 자도 수면부족시대야', '안대끼면 잠 푹자던데', '8시간 잘수 있음? 6시간이면 누 떠지는데']"
2025-09-06T15:47:04.129547,0:11:40,11.666666666666666,8.7498992463555,15,497,9.086925414273543,5.300283705577185e-05,40.694541502249386,10,8.7498992463555,40.0,10.15222106544828,494.2902584983579,1,3,0,0,4,"['안대끼면 잠 푹자던데', '8시간 잘수 있음? 6시간이면 누 떠지는데', '어']"
2025-09-06T15:47:09.133089,0:11:45,11.75,9.750890206244264,15,498,9.087486210887626,0.00010562837637068562,50.70227781083047,10,9.750890206244264,40.0,10.151998958903453,494.5612326485221,1,4,0,0,5,"['아 같은방 가지는거구나', '오', '흔드는거봐라']"
2025-09-06T15:47:14.136546,0:11:50,11.833333333333334,8.726855895606171,13,498,6.167641442507425,5.249139758200344e-05,50.68160394169539,10,8.726855895606171,40.0,10.186799063013108,494.8101093836699,1,3,0,0,4,"['오', '흔드는거봐라', 'ㅋㅋㅋㅋㅋㅋㅋㅋㅋㅋㅋ']"
2025-09-06T15:47:19.143076,0:11:55,11.916666666666666,8.320069243017214,13,498,6.091623980984765,5.174765865794803e-05,46.87980150609083,10,8.320069243017214,40.0,10.238119156711798,495.0390984453029,1,3,0,0,4,"['이야 엉덩이 놀림', '6시간 자는게 오히려 더 안좋아', 'ㄹㅇ']"
2025-09-06T15:47:24.146268,0:12:00,12.0,8.311513454054142,12,498,4.975427012618096,2.5814369443239117e-05,50.70103673890031,10,8.311513454054142,40.0,10.294307241040618,495.2501886007726,1,2,0,0,3,"['6시간 자는게 오히려 더 안좋아', 'ㄹㅇ', '빅하']"
2025-09-06T15:47:29.331397,0:12:05,12.083333333333334,7.76283231746103,10,498,3.3691228872936114,5.992396170603855e-06,50.83636909949798,10,7.76283231746103,40.0,10.344876516936557,495.4451697406954,0,1,0,0,1,"['ㄹㅇ', '빅하', '바이오리듬도 문제라 ㅇㅇ...']"
2025-09-06T15:47:34.337760,0:12:10,12.166666666666666,7.554111917677551,9,498,2.764251526071325,5.974661332708501e-06,50.86621493688054,10,7.554111917677551,40.0,10.390388865242901,495.6256527666259,0,1,0,0,1,"['빅하', '바이오리듬도 문제라 ㅇㅇ...', 'ㄹㅇ']"
2025-09-06T15:47:39.341003,0:12:15,12.25,6.852836919947621,5,498,1.2846956726008625,3.0459959025520697e-06,49.03192216138958,10,6.852836919947621,40.0,10.431349978718611,495.79308748996334,0,0,0,0,0,"['예민한 사람들은 밖에서 뽀시락거리면 바로 깨', '윗집에 인테리어 공상하니까', '자기전에 빛안보고 막']"
2025-09-06T15:47:44.343691,0:12:20,12.333333333333334,6.937105599473818,5,498,1.2838911460856217,3.0459959025520697e-06,49.87742479945489,10,6.937105599473818,40.0,10.438214980846752,495.94877874096704,0,0,0,0,0,"['윗집에 인테리어 공상하니까', '자기전에 빛안보고 막', '알람이 필요없더라고요']"
2025-09-06T15:47:49.355371,0:12:25,12.416666666666666,7.067476103634818,3,498,0.8776499236931242,3.0459959025520697e-06,52.602974119438635,10,7.067476103634818,40.0,10.424393482762076,496.09390086687034,0,0,0,0,0,"['빅하', '옆에서 비행기 날아도 자는사람이라 다행이야', '잠 짧게 자는 사람..  마그네슘 부족일 수 있음']"
2025-09-06T15:47:54.416796,0:12:30,12.5,7.068026076813662,3,498,0.8792212756326792,3.0459959025520697e-06,52.602974119438635,10,7.068026076813662,40.0,10.391954134485868,496.2295107801833,0,0,0,0,0,"['빅하', '옆에서 비행기 날아도 자는사람이라 다행이야', '잠 짧게 자는 사람..  마그네슘 부족일 수 있음']"
2025-09-06T15:47:59.426107,0:12:35,12.583333333333334,6.9695604832734945,3,498,0.8811368037686227,5.989309765339931e-06,51.6116020623057,10,6.9695604832734945,40.0,10.352758721037281,496.356559702165,0,1,0,0,1,"['옆에서 비행기 날아도 자는사람이라 다행이야', '잠 짧게 자는 사람..  마그네슘 부족일 수 있음', '오']"
2025-09-06T15:48:04.429667,0:12:40,12.666666666666666,8.70802290884857,13,503,6.005750360523301,0.0007721334447960377,51.05701429287496,10,8.70802290884857,40.0,10.297482848933553,496.4759037319485,1,7,0,0,8,"['오', '오', '옹']"
2025-09-06T15:48:09.435524,0:12:45,12.75,12.375070048014603,19,503,18.1801312429743,0.006636324482437799,45.09369583180622,10,12.375070048014603,40.0,10.277734564040198,496.6133133587537,2,9,0,0,11,"['오', '오~', '캬']"
2025-09-06T15:48:14.441647,0:12:50,12.833333333333334,18.36675979317598,23,503,35.29373453736571,0.014018155441388704,45.08345442921428,10,18.36675979317598,40.0,10.314961107636178,496.7669820228783,3,9,0,0,12,"['오', '2자리인가요??', 'ㅋㅋㅋㅋㅋㅋ']"
2025-09-06T15:48:19.523211,0:12:55,12.916666666666666,21.786035576147082,25,503,46.1837527060629,0.012839946763159134,41.16586150319805,10,21.786035576147082,40.0,10.42346499687256,496.9352838205905,3,9,0,0,12,"['드디어?', 'ㅊㅊㅊㅊㅊㅊㅊㅊㅊㅊ', 'ㅊㅊㅊㅊ']"
2025-09-06T15:48:24.535456,0:13:00,13.0,28.430733059119497,28,503,65.80708609134244,0.011250878858289513,38.93752575606329,10,28.430733059119497,40.0,10.591118497185306,497.11675543853147,3,9,0,0,12,"['ㅊㅊㅊㅊ', '건강해지고 있으시다', '고생했네']"
2025-09-06T15:48:29.622463,0:13:05,13.083333333333334,27.010896613333156,28,503,61.128411607935774,0.0013639577672304526,41.15406967448744,10,27.010896613333156,40.0,10.812006647466777,497.3100798946783,3,6,0,0,9,"['고생했다 ㄹㅇ', '기운이 없음?', '위고비한테 패배']"
2025-09-06T15:48:34.629458,0:13:10,13.166666666666666,11.247064978399683,19,503,14.18991896356952,6.268088279389944e-06,47.80590833915039,10,11.247064978399683,40.0,11.0858059827201,497.5140719052105,1,0,0,0,1,"['위고비한테 패배', '살아남으세요 닝겐', '무력감?']"
2025-09-06T15:48:39.642789,0:13:15,13.25,11.9620236341413,20,503,15.48279913742261,1.14109450529595e-05,50.43039371665364,10,11.9620236341413,40.0,11.35722538444809,497.72766471468947,1,1,0,0,2,"['먹는걸 줄이는거니까', '1차가 얼마였어?', '위고비 부작용?']"
2025-09-06T15:48:44.719530,0:13:20,13.333333333333334,8.756654257700367,15,503,6.337157401520824,5.561682109237979e-06,50.386469424952345,10,8.756654257700367,40.0,11.626502846003284,497.94989824322056,0,1,0,0,1,"['먹는걸 줄이는거니까', '1차가 얼마였어?', '위고비 부작용?']"
2025-09-06T15:48:49.725931,0:13:26,13.433333333333334,8.076434311296763,13,503,4.336230576348286,5.493727008866214e-06,50.587514120840595,10,8.076434311296763,40.0,11.868852561402957,498.17990841889855,0,1,0,0,1,"['위고비 부작용?', '살 급하게 빠지면 체력 쭉 빨리던데', '금식 다이어트가 어쩔수 없기는 함']"
2025-09-06T15:48:54.734714,0:13:31,13.516666666666667,7.475373510889942,10,503,2.563723698242768,5.438175448079456e-06,50.78068041234794,10,7.475373510889942,40.0,12.076967305262661,498.4119175770087,0,1,0,0,1,"['살 급하게 빠지면 체력 쭉 빨리던데', '금식 다이어트가 어쩔수 없기는 함', '부작용 아녀?']"
2025-09-06T15:48:59.738300,0:13:36,13.6,7.337841677497322,9,503,2.1320314079158345,5.394017648914788e-06,50.9162852711972,10,7.337841677497322,40.0,12.249270574736396,498.6457258193078,0,1,0,0,1,"['부작용 아녀?', '그래도 밥은 먹어야 돼', '그거 계속 그러는데??']"
2025-09-06T15:49:04.746835,0:13:41,13.683333333333334,7.231515623381165,8,502,1.788342589749587,5.360502372756825e-06,51.0559357276786,10,7.231515623381165,40.0,12.384343517262757,498.8811532373771,0,1,0,0,1,"['그거 계속 그러는데??', '살 빨리 빠져서 그럼', '눈 조심해']"
2025-09-06T15:49:09.948117,0:13:46,13.766666666666667,7.595354269607632,11,502,2.8461595759205784,7.49963071316558e-05,50.991684195125764,10,7.595354269607632,40.0,12.485909165536482,499.1130379136394,5,0,0,0,5,"['탈모조심해', '그게 간인가 위가 크기 주는 현상도 있어서', '그.. 레니아워는 부작용 때문에.. 응급실 갔었다는데']"
2025-09-06T15:49:15.026440,0:13:51,13.85,10.016804682787008,20,502,11.240656897624781,0.0002609990527140812,45.82470368997248,10,10.016804682787008,40.0,12.582318248982835,499.34173412227545,7,0,0,0,7,"['ㅋㅋㅋㅋㅋㅋㅋㅋㅋㅋㅋ', '어', '?']"
2025-09-06T15:49:20.029430,0:13:56,13.933333333333334,12.381346637066724,24,502,19.45937248205451,0.0004657533743598174,40.70379966997901,10,12.381346637066724,40.0,12.724086424084552,499.5675607100479,8,0,0,0,8,"['ㅋㅋㅋㅋㅋㅋㅋㅋㅋㅋ', '안된다', '뇌도 살빠졌나?']"
2025-09-06T15:49:25.033453,0:14:01,14.016666666666667,12.249891603940707,24,502,18.349450413894765,0.0007335212911214019,43.2729055056109,10,12.249891603940707,40.0,12.946677781676097,499.79080463904313,8,1,0,0,9,"['안된다', '뇌도 살빠졌나?', 'ㅋㅋㅋㅋㅋㅋㅋㅋ']"
2025-09-06T15:49:30.046099,0:14:06,14.1,11.773608444937597,24,502,17.01712075003434,0.0006490751245740831,43.173565523757475,10,11.773608444937597,40.0,13.242010003508488,500.0117241751388,8,1,0,0,9,"['뇌도 살빠졌나?', 'ㅋㅋㅋㅋㅋㅋㅋㅋ', '뭐 무슨']"
2025-09-06T15:49:35.049178,0:14:11,14.183333333333334,14.640554867629852,28,502,26.335042367828542,0.001816847866269828,39.22563299743355,10,14.640554867629852,40.0,13.61280900315764,500.2305517576249,10,1,0,0,11,"['너무 안먹으면 머리빠지니 조심 ㅋㅋ', '한번씩 눈 쉬게해', '기능제에요?']"
2025-09-06T15:49:40.052624,0:14:16,14.266666666666667,8.628920913171244,20,502,8.16028968106887,8.59620046452036e-05,42.72785139995282,10,8.628920913171244,40.0,14.071528102841876,500.4474965818624,5,1,0,0,6,"['너무 안먹으면 머리빠지니 조심 ㅋㅋ', '한번씩 눈 쉬게해', '기능제에요?']"
2025-09-06T15:49:45.056764,0:14:21,14.35,7.472664134856938,12,502,2.541662910710503,2.5574061141538307e-05,50.83071886483805,10,7.472664134856938,40.0,14.569375292557687,500.6627469236762,3,1,0,0,4,"['너무 안먹으면 머리빠지니 조심 ㅋㅋ', '한번씩 눈 쉬게해', '기능제에요?']"
2025-09-06T15:49:50.117329,0:14:26,14.433333333333334,7.01002825088341,7,502,1.2518202153654283,1.4095996556800504e-05,50.71885537106888,10,7.01002825088341,40.0,15.01243776330192,500.8514722313086,2,1,0,0,3,"['시력 주사위 ㄷㄷ', '제일 무서운 부작용은 탈모가 가능할 수도', '한번씩 멀리봐']"
2025-09-06T15:49:55.221993,0:14:31,14.516666666666667,6.884077827658537,9,502,1.5886579318240244,1.362740244682603e-05,48.28042100559149,10,6.884077827658537,40.0,15.351193986971728,501.0163250081778,2,1,0,0,3,"['제일 무서운 부작용은 탈모가 가능할 수도', '한번씩 멀리봐', '맞긴해']"
2025-09-06T15:50:00.233585,0:14:36,14.6,6.476658927135001,10,502,1.7728884952559472,1.3323163027367792e-05,43.56142624530209,10,6.476658927135001,40.0,15.586074588274554,501.15969250736003,2,1,0,0,3,"['맞긴해', '그치 그거에 부작용으로 살이 빠지는 거였으니까 ㅋㅋㅋㅋㅋ', '시력으로 주사위하네 ㅋㅋ']"
2025-09-06T15:50:05.237144,0:14:41,14.683333333333334,7.195322138260031,10,502,1.7534346577538988,1.23431265362573e-05,50.816150707955515,10,7.195322138260031,40.0,15.7224671294471,501.28372325662406,1,2,0,0,3,"['최근 라섹했는데 눈 관리 잘해야겟더라 신세계다야', '이게.. 위고비 없이 .. 단식을 하면 당뇨위험이 오는거이무', 'ㅇㅇ']"
2025-09-06T15:50:10.240273,0:14:46,14.766666666666667,7.081412214616648,13,524,2.5490905838689306,3.397845785475682e-05,46.89216918879381,10,7.081412214616648,40.0,15.755220416502391,501.3903509309617,3,2,0,0,5,"['그치', '결국 적응은 되것지', '그게 기본값 되는거지']"
2025-09-06T15:50:15.318027,0:14:51,14.85,8.877223715889771,16,524,3.730151168461557,0.00013025174537888962,45.71618706230075,20,8.877223715889771,40.0,15.709698374852152,501.5913158378655,5,2,1,0,8,"['그러자', '위고비 끊어도 계속 유지가 되는 거에요??', '새롭게 찾은 기능이 간수치 개선이었나 그렇던데']"
2025-09-06T15:50:20.327436,0:14:56,14.933333333333334,8.79318571940524,17,524,4.258018297409693,0.00022007254970243166,43.02791286291968,20,8.79318571940524,40.0,15.653728537366938,501.877184254079,6,2,1,0,9,"['새롭게 찾은 기능이 간수치 개선이었나 그렇던데', 'ㅋㅋㅋㅋㅋㅋ', '디폴트가 되는거지']"
2025-09-06T15:50:25.332143,0:15:01,15.016666666666667,9.149654013218115,17,524,4.296143714713262,0.00019707927446509878,46.45924881358686,20,9.149654013218115,40.0,15.588355683630244,502.23946582867114,6,1,2,0,9,"['ㅋㅋㅋㅋㅋㅋ', 'ㅋㅋㅋㅋㅋㅋㅋㅋㅋㅋㅋㅋㅋ', 'ㅋㅋㅋㅋㅋㅋㅋ']"
2025-09-06T15:50:30.341053,0:15:06,15.1,9.286343709388607,16,524,3.812692019498286,0.00012726178700896075,49.518505978494034,20,9.286343709388607,40.0,15.53952011526722,502.67051924580403,6,0,2,0,8,"['ㅋㅋㅋㅋㅋㅋㅋㅋ', '정상적인 삶이 진짜 힘든거였음', '행복한삶']"
2025-09-06T15:50:35.426801,0:15:11,15.183333333333334,8.832319434248738,14,524,2.9700434154325928,7.65111203932155e-05,47.92773634399175,20,8.832319434248738,40.0,15.510568103740498,503.1634673212236,5,0,2,0,7,"['ㅋㅋㅋㅋㅋㅋㅋㅋ', '정상적인 삶이 진짜 힘든거였음', '행복한삶']"
2025-09-06T15:50:40.519543,0:15:16,15.266666666666667,10.415981133746442,12,524,2.304046284016849,2.7295938713069663e-05,51.095540159650604,30,10.415981133746442,40.0,15.504511293366448,503.7121205891013,3,0,2,0,5,"['정상적인 삶이 진짜 힘든거였음', '행복한삶', 'ㅋㅋㅋㅋㅋ']"
2025-09-06T15:50:45.529908,0:15:21,15.35,10.246158034425855,10,524,1.783385679378312,7.04119187670618e-06,51.219702301666956,30,10.246158034425855,40.0,15.514060164029804,504.3109085301911,1,0,1,0,2,"['행복한삶', 'ㅋㅋㅋㅋㅋ', '체지방 감량하면 원래 몸이 아프대']"
2025-09-06T15:50:50.539986,0:15:26,15.433333333333334,10.794588496107536,15,524,3.3628045239007096,1.9704799798297716e-05,51.17599030822368,30,10.794588496107536,40.0,15.532654147626824,504.959817677172,3,0,1,0,4,"['저저저 싸가지없는', '요즘 뱃살만 늘어나긴 하는데', '애용이가 세상으 구한다']"
2025-09-06T15:50:55.627971,0:15:31,15.516666666666667,11.375361989928422,21,524,7.097796828906441,0.002425007568531032,43.90163096783754,30,11.375361989928422,40.0,15.569388732864141,505.6538359094548,13,0,0,0,13,"['타이밍보소 ㅋㅋㅋㅋ', '선 씨게 넘네', 'ㅋㅋㅋㅋㅋㅋㅋㅋㅋㅋㅋㅋ']"
2025-09-06T15:51:00.820983,0:15:37,15.616666666666667,11.898633530241257,23,524,9.020299933769167,0.00859304787054303,42.38091334273831,30,11.898633530241257,40.0,15.607449859577727,506.38845231850934,14,0,2,1,17,"['ㅋㅋㅋㅋㅋㅋㅋㅋㅋㅋㅋㅋㅋㅋㅋㅋㅋㅋㅋ', 'ㅋㅋㅋㅋㅋㅋㅋㅋㅋㅋㅋㅋㅋㅋㅋㅋㅋㅋㅋ', '아']"
2025-09-06T15:51:05.825159,0:15:42,15.7,13.652325199299927,27,524,14.531221817935855,0.014121215003034513,40.60749077021165,30,13.652325199299927,40.0,15.636704873619955,507.1596070866584,15,0,2,1,18,"['아ㅏㅏㅏㅏㅏㅏㅏㅏㅏ', 'ㅋㅋㅋㅋㅋㅋㅋㅋㅋㅋ', 'ㅋㅋㅋㅋㅋㅋㅋㅋ']"
2025-09-06T15:51:10.832541,0:15:47,15.783333333333333,14.688112637332221,26,529,12.79370797460494,0.013810461434617356,42.047906616466456,40,14.688112637332221,40.0,15.678034386257961,507.96364637799263,15,0,2,1,18,"['아ㅏㅏㅏㅏㅏㅏㅏㅏㅏ', 'ㅋㅋㅋㅋㅋㅋㅋㅋㅋㅋ', 'ㅋㅋㅋㅋㅋㅋㅋㅋ']"
2025-09-06T15:51:15.835976,0:15:52,15.866666666666667,14.659175059774796,26,529,12.67501435457806,0.0223952879394114,42.1396192049671,40,14.659175059774796,40.0,15.725230947632165,508.8222817401934,16,0,2,1,19,"['ㅋㅋㅋㅋㅋㅋㅋㅋㅋㅋ', 'ㅋㅋㅋㅋㅋㅋㅋㅋ', '진짜 저것때문에 접었는데']"
2025-09-06T15:51:20.847807,0:15:57,15.95,12.397615013237955,20,529,6.085197359873265,0.002885929161592637,42.66641565617675,40,12.397615013237955,40.0,15.757707852868949,509.7300535661741,12,0,2,1,15,"['진짜 저것때문에 접었는데', '진짜 퍼즈 삭제좀', '이건아니지ㅣㅣㅣㅣㅣ']"
2025-09-06T15:51:25.927198,0:16:02,16.033333333333335,11.677075999371208,11,529,1.9777045211519473,2.979063617610018e-05,49.848675007135554,40,11.677075999371208,40.0,15.786937067582054,510.6820482095567,3,0,2,1,6,"['진짜 저것때문에 접었는데', '진짜 퍼즈 삭제좀', '이건아니지ㅣㅣㅣㅣㅣ']"
2025-09-06T15:51:32.649248,0:16:08,16.133333333333333,11.411458237893479,4,529,0.8189594127610824,8.380922986912829e-06,51.24819091057905,40,11.411458237893479,40.0,15.808243360823848,511.67384338860103,2,0,0,0,2,"['ㅋㅋㅋ', '타이밍 ㅋㅋㅋ', '아 힘빠져']"
2025-09-06T15:51:40.132475,0:16:16,16.266666666666666,11.37931682131908,3,529,0.7219133602099754,5.0518744056929704e-06,51.26645124495826,40,11.37931682131908,40.0,15.812419024741462,512.701459049741,1,0,0,0,1,"['타이밍 ㅋㅋㅋ', '아 힘빠져', '페이지 실드 받고 일방적으로 줘패면 좀 괜찮을라나']"
2025-09-06T15:51:45.227296,0:16:21,16.35,11.30062168159552,2,529,0.6366820493332515,3.0459959025520697e-06,50.777817459305204,40,11.30062168159552,40.0,15.786177122267317,513.7613131447669,0,0,0,0,0,"['아 힘빠져', '페이지 실드 받고 일방적으로 줘패면 좀 괜찮을라나']"
2025-09-06T15:51:55.232661,0:16:31,16.516666666666666,11.196498646890472,1,529,0.5614189151117858,5.066503369346199e-06,50.0,40,11.196498646890472,40.0,15.722559410040585,514.8501818302902,1,0,0,0,1,['카드 겁나 아프네 ㅋㅋ']
2025-09-06T15:52:00.238394,0:16:36,16.6,11.234045843261448,2,529,0.6383920233730725,5.08340768732717e-06,50.10606601717798,40,11.234045843261448,40.0,15.620303469036527,515.9651636472612,1,0,0,0,1,"['카드 겁나 아프네 ㅋㅋ', '데드락이 캐릭별 mmr이었나']"
2025-09-06T15:52:05.240866,0:16:41,16.683333333333334,11.234588462761046,2,519,0.6399423364585685,5.108206873970571e-06,50.10606601717798,40,11.234588462761046,40.0,15.473273122132873,516.9936472825351,1,0,0,0,1,"['카드 겁나 아프네 ㅋㅋ', '데드락이 캐릭별 mmr이었나']"
2025-09-06T15:52:10.244558,0:16:46,16.766666666666666,11.23535446592727,2,519,0.6421308768057136,5.143318679733814e-06,50.10606601717798,40,11.23535446592727,40.0,15.270945809919587,517.8942825542816,1,0,0,0,1,"['카드 겁나 아프네 ㅋㅋ', '데드락이 캐릭별 mmr이었나']"
2025-09-06T15:52:15.343227,0:16:51,16.85,10.9301661457854,4,519,0.8410908020366243,5.1896652606291695e-06,46.35782289206476,40,10.9301661457854,40.0,15.013851228927628,518.6798542988535,1,0,0,0,1,"['카드 겁나 아프네 ㅋㅋ', '데드락이 캐릭별 mmr이었나', '빅하']"
2025-09-06T15:52:20.421696,0:16:56,16.933333333333334,11.2773132974352,5,519,0.9732677424962741,5.245652977622165e-06,49.366674893003115,40,11.2773132974352,40.0,14.717466106034866,519.3618688689681,1,0,0,0,1,"['카드 겁나 아프네 ㅋㅋ', '데드락이 캐릭별 mmr이었나', '빅하']"
2025-09-06T15:52:25.424707,0:17:01,17.016666666666666,12.462735461398001,4,519,0.8604725786882282,3.0459959025520697e-06,46.61568840458761,50,12.462735461398001,40.0,14.395719495431381,519.9506819820714,0,0,0,0,0,"['데드락이 캐릭별 mmr이었나', '빅하', '아프다잉']"
2025-09-06T15:52:30.427648,0:17:06,17.1,12.803182873521056,3,519,0.7568316224698081,3.0459959025520697e-06,50.382905872582626,50,12.803182873521056,40.0,14.056147545888242,520.4556137838642,0,0,0,0,0,"['빅하', '아프다잉', '조졌다']"
2025-09-06T15:52:35.441963,0:17:11,17.183333333333334,12.806080185811766,3,519,0.7651096575861198,3.0459959025520697e-06,50.382905872582626,50,12.806080185811766,40.0,13.705532791299419,520.8850524054778,0,0,0,0,0,"['빅하', '아프다잉', '조졌다']"
2025-09-06T15:52:40.449473,0:17:16,17.266666666666666,12.73686016125485,2,519,0.666638311287298,3.0459959025520697e-06,50.03535533905933,50,12.73686016125485,40.0,13.354979512169477,521.2465471649301,0,0,0,0,0,"['아프다잉', '조졌다']"
2025-09-06T15:52:50.519439,0:17:26,17.433333333333334,12.701848537119602,1,519,0.5767066249178355,3.0459959025520697e-06,50.0,50,12.701848537119602,40.0,12.97448156095253,521.5468924484371,0,0,0,0,0,['초반 추가 재생이 국밥인 이유']
2025-09-06T15:52:55.523029,0:17:31,17.516666666666666,12.702946847730477,1,519,0.579844655234614,3.0459959025520697e-06,50.0,50,12.702946847730477,40.0,12.532033404857277,521.7922032035934,0,0,0,0,0,['초반 추가 재생이 국밥인 이유']
2025-09-06T15:53:00.536128,0:17:36,17.6,12.704316400990429,1,519,0.5837576645487617,3.0459959025520697e-06,50.0,50,12.704316400990429,40.0,12.023830064371548,521.987982883234,0,0,0,0,0,['초반 추가 재생이 국밥인 이유']
2025-09-06T15:53:05.540117,0:17:41,17.683333333333334,12.994948952675141,3,519,0.8342483520736832,3.0459959025520697e-06,52.02960811050991,50,12.994948952675141,40.0,11.436447057934394,522.1391845949106,0,0,0,0,0,"['초반 추가 재생이 국밥인 이유', '님나이면 1년에 한번씩은 받아', '이제 30이니 2년 한번이면 됐지 뭐']"
2025-09-06T15:53:10.741796,0:17:47,17.783333333333335,13.00418900278007,3,516,0.8606484952306173,3.0459959025520697e-06,52.02960811050991,50,13.00418900278007,40.0,10.792802352140955,522.2252661354196,0,0,0,0,0,"['초반 추가 재생이 국밥인 이유', '님나이면 1년에 한번씩은 받아', '이제 30이니 2년 한번이면 됐지 뭐']"
2025-09-06T15:53:15.821339,0:17:52,17.866666666666667,13.130148334397672,5,516,1.3256606065266467,3.0459959025520697e-06,51.661659037149846,50,13.130148334397672,40.0,10.098522116926858,522.2377395218776,0,0,0,0,0,"['초반 추가 재생이 국밥인 이유', '님나이면 1년에 한번씩은 받아', '이제 30이니 2년 한번이면 됐지 뭐']"
2025-09-06T15:53:20.829620,0:17:57,17.95,13.128233559565018,5,516,1.4263806892446045,3.0459959025520697e-06,51.28999099931045,50,13.128233559565018,40.0,9.398669905234174,522.1839655696899,0,0,0,0,0,"['님나이면 1년에 한번씩은 받아', '이제 30이니 2년 한번이면 됐지 뭐', '무료로받는것만 받아도 괜찮음']"
2025-09-06T15:53:25.928768,0:18:02,18.033333333333335,13.169675180262836,5,516,1.5447853198097987,3.0459959025520697e-06,51.28999099931045,50,13.169675180262836,40.0,8.738802914710757,522.070569012721,0,0,0,0,0,"['님나이면 1년에 한번씩은 받아', '이제 30이니 2년 한번이면 됐지 뭐', '무료로받는것만 받아도 괜찮음']"
2025-09-06T15:53:30.939616,0:18:07,18.116666666666667,14.895522083622822,6,516,2.1382234186015254,3.0459959025520697e-06,51.47142668713927,60,14.895522083622822,40.0,8.14992262323968,521.9035121114489,0,0,0,0,0,"['님나이면 1년에 한번씩은 받아', '이제 30이니 2년 한번이면 됐지 뭐', '무료로받는것만 받아도 괜찮음']"
2025-09-06T15:53:36.030305,0:18:12,18.2,14.651973544822916,4,516,1.4036696513581184,3.0459959025520697e-06,51.60687948449211,60,14.651973544822916,40.0,7.634930360915712,521.688160900304,0,0,0,0,0,"['무료로받는것만 받아도 괜찮음', '나도해야하는데', '빅하']"
2025-09-06T15:53:41.033479,0:18:17,18.283333333333335,14.859059329297505,5,516,1.975594157558356,3.0459959025520697e-06,51.676001557537184,60,14.859059329297505,40.0,7.181437324824142,521.4293448102736,0,0,0,0,0,"['무료로받는것만 받아도 괜찮음', '나도해야하는데', '빅하']"
2025-09-06T15:53:46.038098,0:18:22,18.366666666666667,14.531274971818151,3,516,1.1919182154590569,3.0459959025520697e-06,51.141023780091196,60,14.531274971818151,40.0,6.793293592341728,521.1314103292463,0,0,0,0,0,"['빅하', '지병있으면 6개월 에 한번씩 간단한 피검사라도 받는게 좋대', '딱좋음']"
2025-09-06T15:53:51.139499,0:18:27,18.45,14.42368120470409,2,516,0.9175700086676551,3.0459959025520697e-06,51.025304832720494,60,14.42368120470409,40.0,6.448964233107556,520.7982692963217,0,0,0,0,0,"['지병있으면 6개월 에 한번씩 간단한 피검사라도 받는게 좋대', '딱좋음']"
2025-09-06T15:53:56.144510,0:18:32,18.533333333333335,14.587889694846304,3,516,1.308784727777312,3.0459959025520697e-06,51.29813821725884,60,14.587889694846304,40.0,6.1390678097968,520.4834423666896,0,0,0,0,0,"['지병있으면 6개월 에 한번씩 간단한 피검사라도 받는게 좋대', '딱좋음', '박스줍줍']"
2025-09-06T15:54:01.329236,0:18:37,18.616666666666667,14.66750513599813,3,516,1.3694869712283848,3.0459959025520697e-06,51.88183477669834,60,14.66750513599813,40.0,5.86516102881712,520.1850981300206,0,0,0,0,0,"['딱좋음', '박스줍줍', '일단 궁디에 꼬리가 귀여움']"
2025-09-06T15:54:06.332986,0:18:42,18.7,14.689824688041792,3,516,1.4332571199245592,3.0459959025520697e-06,51.88183477669834,60,14.689824688041792,40.0,5.613644925935408,519.9015883170185,0,0,0,0,0,"['딱좋음', '박스줍줍', '일단 궁디에 꼬리가 귀여움']"
2025-09-06T15:54:11.339258,0:18:47,18.783333333333335,14.616532323960996,3,535,1.501682721261647,3.0459959025520697e-06,50.9094215312106,60,14.616532323960996,40.0,5.377280433341868,519.6314294853167,0,0,0,0,0,"['박스줍줍', '일단 궁디에 꼬리가 귀여움', '바즈 캐릭은 어떰? 쓸만함?']"
2025-09-06T15:54:16.342452,0:18:52,18.866666666666667,14.64167268309862,3,535,1.573512318797711,3.0459959025520697e-06,50.9094215312106,60,14.64167268309862,40.0,5.159552390007682,519.4682865367851,0,0,0,0,0,"['박스줍줍', '일단 궁디에 꼬리가 귀여움', '바즈 캐릭은 어떰? 쓸만함?']"
2025-09-06T15:54:21.422725,0:18:57,18.95,14.984560753038998,4,535,2.453967197033542,3.0459959025520697e-06,51.256710156788984,60,14.984560753038998,40.0,4.963597151006914,519.4014578831066,0,0,0,0,0,"['박스줍줍', '일단 궁디에 꼬리가 귀여움', '바즈 캐릭은 어떰? 쓸만함?']"
2025-09-06T15:54:26.425155,0:19:02,19.033333333333335,14.70686437787442,3,535,1.7189442141878342,3.0459959025520697e-06,51.05232684510316,60,14.70686437787442,40.0,4.792237435906222,519.4213120947959,0,0,0,0,0,"['일단 궁디에 꼬리가 귀여움', '바즈 캐릭은 어떰? 쓸만함?', '!멤버']"
2025-09-06T15:54:31.429340,0:19:07,19.116666666666667,16.90801470637387,5,535,4.182694441961394,8.941600910243504e-06,49.44068075047018,70,16.90801470637387,40.0,4.6430136923156,519.5191808853164,0,0,1,0,1,"['바즈 캐릭은 어떰? 쓸만함?', '!멤버', '안보이면 정글먹거나 박스 줍줍']"
2025-09-06T15:54:36.522100,0:19:12,19.2,16.98799315061362,5,535,4.4112040010874365,9.187964993862572e-06,49.44068075047018,70,16.98799315061362,40.0,4.52871232308404,519.6872627967848,0,0,1,0,1,"['바즈 캐릭은 어떰? 쓸만함?', '!멤버', '안보이면 정글먹거나 박스 줍줍']"
2025-09-06T15:54:41.544692,0:19:17,19.283333333333335,16.632258681217834,4,535,2.953160638421005,9.3790123338332e-06,50.986487061655474,70,16.632258681217834,40.0,4.4458410907756365,519.9185365171063,0,0,1,0,1,"['!멤버', '안보이면 정글먹거나 박스 줍줍', '개꿀']"
2025-09-06T15:54:46.621249,0:19:22,19.366666666666667,16.65744867871189,4,535,3.02513189481769,9.523400374909782e-06,50.986487061655474,70,16.65744867871189,40.0,4.3862569816980725,520.2066828653957,0,0,1,0,1,"['!멤버', '안보이면 정글먹거나 박스 줍줍', '개꿀']"
2025-09-06T15:54:51.629673,0:19:27,19.45,16.26879474922183,3,535,1.9576103742995485,9.645878633146596e-06,50.836272598655334,70,16.26879474922183,40.0,4.337631283528265,520.5460145788561,0,0,1,0,1,"['안보이면 정글먹거나 박스 줍줍', '개꿀', 'ㄴㅇㅅ']"
2025-09-06T15:54:56.644918,0:19:32,19.533333333333335,16.362937449957116,4,535,3.1443050470028946,9.759870120023187e-06,47.62426779558055,70,16.362937449957116,40.0,4.2938681551754385,520.9464131209705,0,0,1,0,1,"['안보이면 정글먹거나 박스 줍줍', '개꿀', 'ㄴㅇㅅ']"
2025-09-06T15:55:01.648919,0:19:37,19.616666666666667,15.980853939676322,2,535,1.2627287465237638,2.0013569364711e-05,50.3889087296526,70,15.980853939676322,40.0,4.249481339657895,521.4017718088735,1,0,0,0,1,"['라인전 밟았다', '제는 왜 페이지한테 따인거임 ㅋㅋ']"
2025-09-06T15:55:06.651409,0:19:42,19.7,15.986302516670104,2,527,1.2782955382711674,2.0513274840609264e-05,50.3889087296526,70,15.986302516670104,40.0,4.194533205692106,521.9065946279861,1,0,0,0,1,"['라인전 밟았다', '제는 왜 페이지한테 따인거임 ㅋㅋ']"
2025-09-06T15:55:11.653847,0:19:47,19.783333333333335,15.99296732967624,2,527,1.297337152875058,2.113301177196722e-05,50.3889087296526,70,15.99296732967624,40.0,4.130079885122895,522.4159351651875,1,0,0,0,1,"['라인전 밟았다', '제는 왜 페이지한테 따인거임 ㅋㅋ']"
2025-09-06T15:55:16.921783,0:19:53,19.883333333333333,16.00145671985225,2,527,1.3215916357442077,2.1935941287472062e-05,50.3889087296526,70,16.00145671985225,40.0,4.052071896610606,522.9293416486688,1,0,0,0,1,"['라인전 밟았다', '제는 왜 페이지한테 따인거임 ㅋㅋ']"
2025-09-06T15:55:21.936977,0:19:58,19.966666666666665,16.010707589410224,2,527,1.3480216719392024,2.2828165605960293e-05,50.3889087296526,70,16.010707589410224,40.0,3.9718647069495456,523.446407483802,1,0,0,0,1,"['라인전 밟았다', '제는 왜 페이지한테 따인거임 ㅋㅋ']"
2025-09-06T15:55:26.939594,0:20:03,20.05,15.789162093976792,1,527,0.8261501155902606,2.388380050054685e-05,50.0,70,15.789162093976792,40.0,3.884678236254591,523.9667667354217,1,0,0,0,1,['제는 왜 페이지한테 따인거임 ㅋㅋ']
2025-09-06T15:55:31.943082,0:20:08,20.133333333333333,15.792629325627153,1,527,0.8360803063679754,3.0459959025520697e-06,50.0,70,15.792629325627153,40.0,3.796210412629132,524.4900900618795,0,0,0,0,0,['옿호 재밌어보인당']
2025-09-06T15:55:36.946023,0:20:13,20.216666666666665,16.023768320316805,2,527,1.4459503373717442,2.008176757177182e-05,50.17677669529664,70,16.023768320316805,40.0,3.7115893713662187,525.0160810556915,0,1,0,0,1,"['옿호 재밌어보인당', '오...']"
2025-09-06T15:55:41.950592,0:20:18,20.3,16.03601804313363,2,527,1.4809485570997565,2.0946547628893908e-05,50.17677669529664,70,16.03601804313363,40.0,3.6304304342295968,525.5444729501224,0,1,0,0,1,"['옿호 재밌어보인당', '오...']"
2025-09-06T15:55:47.017300,0:20:23,20.383333333333333,16.57896394739062,3,527,2.6484946228441775,2.185289981171813e-05,51.519820882352334,70,16.57896394739062,40.0,3.5523873908066372,526.0750256551103,0,1,0,0,1,"['옿호 재밌어보인당', '오...', '에옹쓰 하시내']"
2025-09-06T15:55:52.022072,0:20:28,20.466666666666665,20.659589843091986,6,527,14.43362757445593,0.02238766167261262,50.98865127363368,70,20.659589843091986,40.0,3.4821486517259737,526.6075230895992,3,1,0,0,4,"['옿호 재밌어보인당', '오...', '에옹쓰 하시내']"
2025-09-06T15:55:57.041611,0:20:33,20.55,38.97474588652163,9,527,63.80751301148434,2.643068664468729,50.848888667146234,70,38.97474588652163,40.0,3.4339337865533768,527.0467707806393,5,1,0,0,6,"['옿호 재밌어보인당', '오...', '에옹쓰 하시내']"
2025-09-06T15:56:02.046357,0:20:38,20.633333333333333,30.437356529465667,8,527,42.084633615425616,0.36442016098934554,50.619666996709626,70,30.437356529465667,40.0,3.4205404078980393,527.4020937025755,5,0,0,0,5,"['에옹쓰 하시내', 'ㅋㅋㅋㅋ', 'ㅋㅋㅋㅋㅋㅋㅋㅋㅋ']"
2025-09-06T15:56:07.049747,0:20:43,20.716666666666665,47.59885674233882,10,527,91.69308969038762,0.3546933889700668,48.6439799511512,70,47.59885674233882,40.0,3.4284863671082353,527.681884332318,5,0,0,0,5,"['에옹쓰 하시내', 'ㅋㅋㅋㅋ', 'ㅋㅋㅋㅋㅋㅋㅋㅋㅋ']"
2025-09-06T15:56:12.117976,0:20:48,20.8,36.842856752311945,9,516,61.42336105495008,0.3079050012382906,47.21518382584105,70,36.842856752311945,40.0,3.470637730397412,527.8936958990862,5,0,0,0,5,"['ㅋㅋㅋㅋ', 'ㅋㅋㅋㅋㅋㅋㅋㅋㅋ', 'ㅋㅋㅋㅋㅋㅋㅋ']"
2025-09-06T15:56:17.123499,0:20:53,20.883333333333333,45.60066649073418,10,516,83.55140461616531,2.4334370278731323,48.84300063927068,70,45.60066649073418,40.0,3.528573957357671,527.9893263091776,6,0,0,0,6,"['ㅋㅋㅋㅋ', 'ㅋㅋㅋㅋㅋㅋㅋㅋㅋ', 'ㅋㅋㅋㅋㅋㅋㅋ']"
2025-09-06T15:56:22.127175,0:20:58,20.966666666666665,27.722933094665564,8,516,34.65472308919253,0.0023682659700424605,50.92832707060162,70,27.722933094665564,40.0,3.6057165616219042,527.9803936782598,3,0,0,0,3,"['ㅋㅋㅋㅋㅋㅋ', 'ㅋㅋㅋㅋㅋㅋ', '?']"
2025-09-06T15:56:27.130727,0:21:03,21.05,17.09568582793309,4,516,4.228930053654752,2.6544719641703405e-05,51.1554969126607,70,17.09568582793309,40.0,3.695144905459714,527.8773543104338,1,0,0,0,1,"['<<<<<<<<사실 중수급임', '100시간 뉴비', 'ㅋㅋㅋㅋㅋㅋ']"
2025-09-06T15:56:32.142601,0:21:08,21.133333333333333,16.474772166494542,3,516,2.399797601781843,2.534747838902877e-05,51.34832866879541,70,16.474772166494542,40.0,3.7756304149137425,527.6896188793904,1,0,0,0,1,"['100시간 뉴비', 'ㅋㅋㅋㅋㅋㅋ', '빅하']"
2025-09-06T15:56:37.836324,0:21:14,21.233333333333334,16.00138783152878,2,516,1.3921027238754795,2.4356371578692615e-05,50.14142135623731,70,16.00138783152878,40.0,3.8480673734223685,527.4256569914514,1,0,0,0,1,"['ㅋㅋㅋㅋㅋㅋ', '빅하']"
2025-09-06T15:56:42.917557,0:21:19,21.316666666666666,15.994327008851736,2,516,1.371929751183208,2.3650784702972718e-05,50.14142135623731,70,15.994327008851736,40.0,3.9032606360801316,527.0930912923063,1,0,0,0,1,"['ㅋㅋㅋㅋㅋㅋ', '빅하']"
2025-09-06T15:56:47.923122,0:21:24,21.4,16.030642829884748,2,516,1.3544944828327543,3.0459959025520697e-06,50.56568542494924,70,16.030642829884748,40.0,3.9529345724721185,526.6987821630757,0,0,0,0,0,"['빅하', '레이스 궁 맞고 앙앙 울거 같은데']"
2025-09-06T15:56:52.928761,0:21:29,21.483333333333334,16.332506326389336,3,516,2.1993129070637902,3.0459959025520697e-06,50.627455905186466,70,16.332506326389336,40.0,3.9976411152249067,526.2889039467682,0,0,0,0,0,"['레이스 궁 맞고 앙앙 울거 같은데', '뭔가 둠 같냐 왜', 'ㄹㅇ']"
2025-09-06T15:56:57.932007,0:21:34,21.566666666666666,16.798894998066505,4,516,3.523073865486899,3.0459959025520697e-06,50.6581792674773,70,16.798894998066505,40.0,4.042877003702416,525.8650135520913,0,0,0,0,0,"['레이스 궁 맞고 앙앙 울거 같은데', '뭔가 둠 같냐 왜', 'ㄹㅇ']"
2025-09-06T15:57:03.025201,0:21:39,21.65,17.501286247659984,5,516,5.5457986983486425,3.0459959025520697e-06,50.60255484839597,70,17.501286247659984,40.0,4.093589303332174,525.4285121968823,0,0,0,0,0,"['레이스 궁 맞고 앙앙 울거 같은데', '뭔가 둠 같냐 왜', 'ㄹㅇ']"
2025-09-06T15:57:08.223390,0:21:44,21.733333333333334,18.538951719624315,6,510,8.528068710487853,3.0459959025520697e-06,50.54126452555207,70,18.538951719624315,40.0,4.154230372998957,524.980660977194,0,0,0,0,0,"['레이스 궁 맞고 앙앙 울거 같은데', '뭔가 둠 같냐 왜', 'ㄹㅇ']"
2025-09-06T15:57:13.317096,0:21:49,21.816666666666666,18.38760109994363,6,510,8.095638368543028,3.0459959025520697e-06,50.54126452555207,70,18.38760109994363,40.0,4.233807335699061,524.4925948794746,0,0,0,0,0,"['레이스 궁 맞고 앙앙 울거 같은데', '뭔가 둠 같냐 왜', 'ㄹㅇ']"
2025-09-06T15:57:18.323341,0:21:54,21.9,18.997317167814664,7,510,11.8260489960662,4.834009088321611e-06,43.58198085587858,70,18.997317167814664,40.0,4.330426602129155,523.9683353915271,0,0,0,1,1,"['ㄹㅇ', '글킨한데', '그게 맞지']"
2025-09-06T15:57:23.326202,0:21:59,21.983333333333334,17.069321872060062,6,510,7.122835350747509,4.778069636827592e-06,40.7632758807058,70,17.069321872060062,40.0,4.44238394191624,523.4115018523745,0,0,0,1,1,"['글킨한데', '그게 맞지', '솔큐인가']"
2025-09-06T15:57:28.418852,0:22:04,22.066666666666666,16.901863068305282,5,510,4.339893269090378,4.7214787786362966e-06,48.82898535532139,70,16.901863068305282,40.0,4.563145547724616,522.825351667137,0,0,0,1,1,"['그게 맞지', '솔큐인가', '사실 100시간 넘는순간은']"
2025-09-06T15:57:33.438559,0:22:09,22.15,14.543376590183783,4,510,2.700550953191598,4.669309482173452e-06,45.981818888429316,60,14.543376590183783,40.0,4.681830992952155,522.2128165004234,0,0,0,1,1,"['솔큐인가', '사실 100시간 넘는순간은', '그러기엔 피가']"
2025-09-06T15:57:38.532621,0:22:14,22.233333333333334,14.674729138683599,4,510,2.6098582381005953,2.0029491429906467e-05,47.612707435518196,60,14.674729138683599,40.0,4.77864789365694,521.5765348503811,0,1,0,1,2,"['사실 100시간 넘는순간은', '그러기엔 피가', '뉴비는 아니지']"
2025-09-06T15:57:43.538860,0:22:19,22.316666666666666,15.372339987625416,5,510,3.837137732356037,1.955109202353864e-05,50.29333960863995,60,15.372339987625416,40.0,4.840783104291246,520.9188813653429,0,1,0,1,2,"['사실 100시간 넘는순간은', '그러기엔 피가', '뉴비는 아니지']"
2025-09-06T15:57:48.618575,0:22:24,22.4,14.40919926239901,2,510,1.1186185186432125,1.2778360551393343e-05,50.17677669529664,60,14.40919926239901,40.0,4.881704793862122,520.2419932288086,0,1,0,0,1,"['오', '얘도 좋던데']"
2025-09-06T15:57:53.626142,0:22:29,22.483333333333334,14.822864862538362,3,510,1.6816094771650927,6.592525213857051e-05,52.34275175429724,60,14.822864862538362,40.0,4.87853431447591,519.5477939059277,1,1,0,0,2,"['오', '얘도 좋던데', 'ㅋㅋㅋ']"
2025-09-06T15:57:58.631639,0:22:34,22.566666666666666,16.154322211510564,6,510,5.729808417656961,0.009529855275319108,51.450773232205,60,16.154322211510564,40.0,4.84568088302832,518.8930145153349,4,1,0,0,5,"['오', '얘도 좋던데', 'ㅋㅋㅋ']"
2025-09-06T15:58:03.636456,0:22:39,22.65,16.205115552796467,6,510,5.87398761062709,0.010356414641214812,51.450773232205,60,16.205115552796467,40.0,4.796112794725487,518.2737130638014,4,1,0,0,5,"['오', '얘도 좋던데', 'ㅋㅋㅋ']"
2025-09-06T15:58:08.639683,0:22:44,22.733333333333334,16.198565770907386,6,506,6.040537755472558,0.0025986098112523565,50.833381125674904,60,16.198565770907386,40.0,4.7415015152529385,517.6863417574212,4,0,0,0,4,"['ㅋㅋㅋ', '캬', '캬']"
2025-09-06T15:58:13.722306,0:22:50,22.833333333333332,16.242258603808995,6,506,6.165202773218608,0.00274880153748242,50.833381125674904,60,16.242258603808995,40.0,4.702351363727645,517.107707581679,4,0,0,0,4,"['ㅋㅋㅋ', '캬', '캬']"
2025-09-06T15:58:18.731044,0:22:55,22.916666666666668,17.417900642467114,7,506,9.396132727772734,0.012623704428954802,51.242047059750746,60,17.417900642467114,40.0,4.68211622735488,516.5369368235112,4,1,0,0,5,"['ㅋㅋㅋ', '캬', '캬']"
2025-09-06T15:58:23.821990,0:23:00,23.0,14.065437129983644,5,506,4.097236432305827,0.0004111765556479015,51.31239908054345,50,14.065437129983644,40.0,4.688904604619392,515.9732431411601,2,1,0,0,3,"['캬', '캬', '우 아퍼']"
2025-09-06T15:58:28.830556,0:23:05,23.083333333333332,19.424750320125533,9,506,20.342217521755806,0.05310293073272917,47.8373301521791,50,19.424750320125533,40.0,4.710014144157453,515.415918827044,4,2,0,0,6,"['우 아퍼', '래쉬궁 써서 어따가 쓰냐고 이자식아~', '오이']"
2025-09-06T15:58:33.834010,0:23:10,23.166666666666668,22.62984789953337,10,506,28.324998605054507,0.25462223867992256,51.14249492292325,50,22.62984789953337,40.0,4.764012729741708,514.8643269443396,5,2,0,0,7,"['래쉬궁 써서 어따가 쓰냐고 이자식아~', '오이', '캬']"
2025-09-06T15:58:38.836803,0:23:15,23.25,29.461431555619097,12,506,51.879279031584836,0.5864448033255574,50.691059732341785,40,29.461431555619097,40.0,4.847611456767537,514.3178942499056,5,2,1,0,8,"['패링이다 이뇨속', '캬~', '캬']"
2025-09-06T15:58:43.840385,0:23:20,23.333333333333332,27.901066905294076,12,506,47.58573042119163,0.4423882116070663,50.691059732341785,40,27.901066905294076,40.0,4.962850311090783,513.7761048249151,5,2,1,0,8,"['패링이다 이뇨속', '캬~', '캬']"
2025-09-06T15:58:48.844028,0:23:25,23.416666666666668,22.012982748249335,11,506,31.21839591281551,0.08133821106368719,50.540088943384326,40,22.012982748249335,40.0,5.101565279981704,513.2384943424237,5,1,1,0,7,"['패링이다 이뇨속', '캬~', '캬']"
2025-09-06T15:58:53.847876,0:23:30,23.5,24.64220784820013,12,506,38.626039258575965,0.0608172429122205,50.987672105336564,40,24.64220784820013,40.0,5.251408751983535,512.7346449081814,5,1,1,0,7,"['캬~', '캬', '오자마자 또죽었네 ㅋㅋㅋ']"
2025-09-06T15:58:58.924806,0:23:35,23.583333333333332,13.333295186768991,7,506,6.3647929253204145,0.00014708868684580893,51.05558827432107,40,13.333295186768991,40.0,5.416267876785182,512.2611804173632,2,0,1,0,3,"['캬', '포탑패링 잘하네', '진짜 터져는데? 나갔다']"
2025-09-06T15:59:03.930016,0:23:40,23.666666666666668,15.252888062587164,9,506,11.845782538849198,0.0001326422371338302,51.068111170950914,40,15.252888062587164,40.0,5.564641089106664,511.8150623756269,2,0,1,0,3,"['포탑패링 잘하네', '진짜 터져는데? 나갔다', '이제 이러면 못개기지']"
2025-09-06T15:59:08.935538,0:23:45,23.75,13.029276972064581,7,529,5.58709642005273,0.00020329171876819812,50.73711908358618,40,13.029276972064581,40.0,5.713176980195998,511.3935561380642,3,0,0,0,3,"['텟카이....', '탈주했더ㅏ', '레이스 나간건가 ㅋㅋ']"
2025-09-06T15:59:13.946615,0:23:50,23.833333333333332,12.918183353977065,7,529,5.269708833487062,0.0001833847449404059,50.73711908358618,40,12.918183353977065,40.0,5.856859282176398,511.1092005242578,3,0,0,0,3,"['텟카이....', '탈주했더ㅏ', '레이스 나간건가 ㅋㅋ']"
2025-09-06T15:59:19.035628,0:23:55,23.916666666666668,12.817712288019635,7,529,4.982668312640969,0.0001661755916965913,50.73711908358618,40,12.817712288019635,40.0,6.001173353958759,510.948280471832,3,0,0,0,3,"['텟카이....', '탈주했더ㅏ', '레이스 나간건가 ㅋㅋ']"
2025-09-06T15:59:24.123237,0:24:00,24.0,12.06897259143823,7,529,4.722347237610931,0.00015122524653949124,44.16090568175789,40,12.06897259143823,40.0,6.146056018562883,510.89845242464884,3,0,0,0,3,"['탈주했더ㅏ', '레이스 나간건가 ㅋㅋ', '탈주 ㅋㅋㅋㅋㅋㅋㅋㅋㅋㅋㅋㅋㅋㅋㅋㅋ']"
2025-09-06T15:59:29.223602,0:24:05,24.083333333333332,10.594442215835024,5,529,2.4035566657275744,3.882188787766363e-05,37.53181854075221,40,10.594442215835024,40.0,6.286450416706595,510.94860718218393,2,0,0,0,2,"['탈주 ㅋㅋㅋㅋㅋㅋㅋㅋㅋㅋㅋㅋㅋㅋㅋㅋ', '빡종', '빡종 ㅋ']"
2025-09-06T15:59:34.226592,0:24:10,24.166666666666668,11.33241368924068,2,529,0.9194367366509894,1.0574237587528916e-05,50.10606601717798,40,11.33241368924068,40.0,6.427805375035936,511.08874646396555,1,0,0,0,1,"['삥또나갔네 ㅋㅋㅋㅋㅋㅋㅋㅋㅋㅋㅋ', '뉴비가 뉴비접게만들다니..']"
2025-09-06T15:59:39.229627,0:24:15,24.25,11.342857552375861,2,529,0.9088705212432366,1.0331498001006011e-05,50.24748737341529,40,11.342857552375861,40.0,6.550024837532343,511.309871817569,1,0,0,0,1,"['뉴비가 뉴비접게만들다니..', 'ㅋㅋㅋㅋㅋㅋㅋ']"
2025-09-06T15:59:44.233588,0:24:20,24.333333333333332,11.340247186091277,2,529,0.9014125257121438,1.0161876243747345e-05,50.24748737341529,40,11.340247186091277,40.0,6.640022353779108,511.6038846358121,1,0,0,0,1,"['뉴비가 뉴비접게만들다니..', 'ㅋㅋㅋㅋㅋㅋㅋ']"
2025-09-06T15:59:49.236902,0:24:25,24.416666666666668,11.338529574428591,2,529,0.8965051904905609,1.0051038413559721e-05,50.24748737341529,40,11.338529574428591,40.0,6.701020118401198,511.96349617223086,1,0,0,0,1,"['뉴비가 뉴비접게만들다니..', 'ㅋㅋㅋㅋㅋㅋㅋ']"
2025-09-06T15:59:54.241076,0:24:30,24.5,11.69943928186487,5,529,2.1641255759508997,0.00010742748618639792,49.419523592875805,40,11.69943928186487,40.0,6.735918106561078,512.4021465550078,3,0,0,0,3,"['ㅋㅋㅋㅋㅋㅋㅋ', 'ㅋㅋㅋㅋㅋ', '뻔치']"
2025-09-06T15:59:59.325490,0:24:35,24.583333333333332,11.69510717026629,5,529,2.151749810710573,0.00010594307502429228,49.419523592875805,40,11.69510717026629,40.0,6.762326295904971,512.911931899507,3,0,0,0,3,"['ㅋㅋㅋㅋㅋㅋㅋ', 'ㅋㅋㅋㅋㅋ', '뻔치']"
2025-09-06T16:00:04.330475,0:24:40,24.666666666666668,12.476659763297327,7,529,3.838288334579846,0.00034251351232530205,51.33121840789451,40,12.476659763297327,40.0,6.776093666314474,513.4857387095562,4,0,0,0,4,"['ㅋㅋㅋㅋㅋㅋㅋ', 'ㅋㅋㅋㅋㅋ', '뻔치']"
2025-09-06T16:00:09.343408,0:24:45,24.75,12.423266959650281,7,529,3.812755177317718,0.0003372274918891351,50.88667756592324,40,12.423266959650281,40.0,6.798484299683027,514.1171648386006,4,0,0,0,4,"['ㅋㅋㅋㅋㅋ', '뻔치', '에옹']"
2025-09-06T16:00:14.418332,0:24:50,24.833333333333332,12.865052672940111,8,518,5.066327203285219,0.0003348691313931984,50.917042041377265,40,12.865052672940111,40.0,6.808635869714725,514.8004483547405,4,0,0,0,4,"['ㅋㅋㅋㅋㅋ', '뻔치', '에옹']"
2025-09-06T16:00:19.421364,0:24:55,24.916666666666668,12.86556802956218,8,518,5.067799422539483,0.000335068839083356,50.917042041377265,40,12.86556802956218,40.0,6.807772282743252,515.4754035192665,4,0,0,0,4,"['ㅋㅋㅋㅋㅋ', '뻔치', '에옹']"
2025-09-06T16:00:24.424918,0:25:00,25.0,12.510192457488692,7,518,3.8258150181216735,0.00010458520227994056,51.711153670651946,40,12.510192457488692,40.0,6.786995054468927,516.1428631673399,3,0,0,0,3,"['레이스 다시 들어왔네', 'ㅋㅋㅋㅋㅋㅋㅋ', 'ㅋㅋㅋㅋㅋㅋㅋㅋ']"
2025-09-06T16:00:29.519753,0:25:05,25.083333333333332,13.57272167152121,9,518,6.906696725189517,0.00010700954315980533,51.55335013887614,40,13.57272167152121,40.0,6.743295549022035,516.803576850606,3,0,0,0,3,"['레이스 다시 들어왔네', 'ㅋㅋㅋㅋㅋㅋㅋ', 'ㅋㅋㅋㅋㅋㅋㅋㅋ']"
2025-09-06T16:00:34.522681,0:25:10,25.166666666666668,15.399136687583766,11,518,12.436776417596391,7.017423675193137e-05,50.46236871730328,40,15.399136687583766,40.0,6.693965994119831,517.4582191655454,2,0,1,0,3,"['에옹', '{:bigheadBig:}{:bigheadHa:}{:bigheadBig:}{:bigheadHa:}', 'ㅋㅋㅋ']"
2025-09-06T16:00:39.533035,0:25:15,25.25,17.020621393637228,12,518,16.81804101353904,7.183007419181905e-05,51.34278306868888,40,17.020621393637228,40.0,6.644569394707848,518.1073972489909,2,0,1,0,3,"['{:bigheadBig:}{:bigheadHa:}{:bigheadBig:}{:bigheadHa:}', 'ㅋㅋㅋ', '빅하']"
2025-09-06T16:00:44.732081,0:25:21,25.35,15.521657388756044,11,518,12.841164583328435,7.249989242841122e-05,50.2722078463412,40,15.521657388756044,40.0,6.625112455237064,518.7516575240918,2,0,1,0,3,"['{:bigheadBig:}{:bigheadHa:}{:bigheadBig:}{:bigheadHa:}', 'ㅋㅋㅋ', '빅하']"
2025-09-06T16:00:49.742538,0:25:26,25.433333333333334,15.537535903415693,11,518,12.88653146943024,7.276120246927061e-05,50.2722078463412,40,15.537535903415693,40.0,6.617601209713357,519.3914917716827,2,0,1,0,3,"['{:bigheadBig:}{:bigheadHa:}{:bigheadBig:}{:bigheadHa:}', 'ㅋㅋㅋ', '빅하']"
2025-09-06T16:00:54.841102,0:25:31,25.516666666666666,17.047630398613073,12,518,16.93359147104165,0.00269804795884595,51.197941645649564,40,17.047630398613073,40.0,6.630841088742022,519.9123425945145,5,0,1,0,6,"['ㅋㅋㅋ', '뚱냥이 뭐야', ';;']"
2025-09-06T16:00:59.918614,0:25:36,25.6,18.75503800096189,13,518,21.80697055426471,0.028629374702783893,51.11146557088128,40,18.75503800096189,40.0,6.6677569798678205,520.326108335063,7,0,1,0,8,"['저 공격도 딜 있으려나', '이 캐릭 냥체 말투 함?', '예전에 몸통박치기로 상자다깨고 다녔을땐 공포였늨데']"
2025-09-06T16:01:04.924834,0:25:41,25.683333333333334,12.857356532108028,10,518,9.229510734546785,0.01250024233867506,51.22027678081184,30,12.857356532108028,40.0,6.730981281881039,520.6434975015568,7,0,0,0,7,"['예전에 몸통박치기로 상자다깨고 다녔을땐 공포였늨데', 'ㅋㅋㅋㅋㅋㅋㅋㅋㅋㅋㅋ', 'ㅋㅋㅋㅋㅋㅋㅋ']"
2025-09-06T16:01:09.937460,0:25:46,25.766666666666666,12.695923968124154,10,494,8.956941344718619,0.011448048656966425,50.56415278009851,30,12.695923968124154,40.0,6.802883153692935,520.8741477514011,7,0,0,0,7,"['ㅋㅋㅋㅋㅋㅋㅋㅋㅋㅋㅋ', 'ㅋㅋㅋㅋㅋㅋㅋ', 'ㅋㅋㅋㅋㅋㅋㅋㅋㅋ']"
2025-09-06T16:01:15.028775,0:25:51,25.85,16.402539051625997,13,494,19.455706395505384,0.10474639561327105,50.51143254953803,30,16.402539051625997,40.0,6.892594838323642,520.9067329762611,9,0,0,0,9,"['ㅋㅋㅋㅋㅋㅋ', 'ㅋㅋㅋㅋㅋㅋㅋㅋㅋㅋㅋㅋㅋㅋㅋㅋ', 'ㅋㅋㅋㅋㅋㅋㅋㅋㅋㅋㅋㅋㅋ']"
2025-09-06T16:01:20.032629,0:25:56,25.933333333333334,17.827990263567244,14,494,23.504025733298686,0.08561761000119271,50.67334212912226,30,17.827990263567244,40.0,7.028335354491278,520.761059678635,9,0,0,0,9,"['ㅋㅋㅋㅋㅋㅋㅋㅋㅋㅋㅋㅋㅋㅋㅋㅋ', 'ㅋㅋㅋㅋㅋㅋㅋㅋㅋㅋㅋㅋㅋ', '스읍....']"
2025-09-06T16:01:25.047885,0:26:01,26.016666666666666,14.104237206087088,12,494,12.93497333175098,0.000781557027401146,50.76683917163284,30,14.104237206087088,40.0,7.21050181904215,520.4549537107715,5,0,0,0,5,"['스읍....', 'ㅋㅋㅋㅋ', '불 가 능']"
2025-09-06T16:01:30.125401,0:26:06,26.1,12.06558642518913,10,494,7.071832028716088,0.00022676390621274774,50.90354509576014,30,12.06558642518913,40.0,7.424451637137935,520.0044583396943,4,0,0,0,4,"['ㅋㅋㅋㅋ', '불 가 능', '우리 서로 같이 늙어가는데 그러지말자;']"
2025-09-06T16:01:35.128310,0:26:11,26.183333333333334,11.039952548424948,9,494,5.070434084322514,0.00019894051174072308,47.65221042707371,30,11.039952548424948,40.0,7.657006473424142,519.4240125057249,4,0,0,0,4,"['우리 서로 같이 늙어가는데 그러지말자;', '1940년대 바즈임', 'ㅋㅋㅋㅋㅋㅋㅋㅋㅋㅋ']"
2025-09-06T16:01:40.132303,0:26:16,26.266666666666666,10.92149800411218,9,494,4.74339024408967,0.0004279930650334965,47.61140221454782,30,10.92149800411218,40.0,7.886305826081728,518.7266112551524,4,1,0,0,5,"['1940년대 바즈임', 'ㅋㅋㅋㅋㅋㅋㅋㅋㅋㅋ', 'ㅋㅋㅋㅋㅋㅋㅋㅋㅋㅋㅋ']"
2025-09-06T16:01:45.139916,0:26:21,26.35,10.345286648562238,6,494,2.1525710984881306,5.187813412695897e-05,50.91866012837742,30,10.345286648562238,40.0,8.112675243473555,517.9239501296372,2,1,0,0,3,"['뭔가 리워드를 외칠거같은데..', '에', '?']"
2025-09-06T16:01:50.217718,0:26:26,26.433333333333334,10.324904278190633,6,494,2.0785467921534235,4.847792802964843e-05,50.973935097657225,30,10.324904278190633,40.0,8.3114077191262,517.0265551166735,2,1,0,0,3,"['에', '?', '알주인이 계셧네 ㅋㅋㅋㅋㅋㅋㅋㅋㅋㅋㅋㅋㅋㅋㅋ']"
2025-09-06T16:01:55.230867,0:26:31,26.516666666666666,10.017670080991465,4,494,1.2646365295757194,4.5805689059229935e-05,50.750289733643406,30,10.017670080991465,40.0,8.48526694721358,516.0438996050062,2,1,0,0,3,"['알주인이 계셧네 ㅋㅋㅋㅋㅋㅋㅋㅋㅋㅋㅋㅋㅋㅋㅋ', 'ㅋㅋㅋㅋ', '강해져셔 돌아와라']"
2025-09-06T16:02:00.323705,0:26:36,26.6,9.90194691671709,3,494,0.9893309483363668,1.7350404340283743e-05,50.55674144637626,30,9.90194691671709,40.0,8.621740252492222,515.0395096445056,1,1,0,0,2,"['ㅋㅋㅋㅋ', '강해져셔 돌아와라', '빅붕이 줘패기']"
2025-09-06T16:02:05.420919,0:26:41,26.683333333333334,9.780511821171341,2,494,0.7812515262346628,6.797943355157671e-06,50.07071067811866,30,9.780511821171341,40.0,8.719566227243,514.015558680055,0,1,0,0,1,"['강해져셔 돌아와라', '빅붕이 줘패기']"
2025-09-06T16:02:10.437565,0:26:46,26.766666666666666,9.77961489199569,2,508,0.7786931593870376,3.0459959025520697e-06,50.07071067811866,30,9.77961489199569,40.0,8.7826096045187,512.9740028120495,0,0,0,0,0,"['빅붕이 줘패기', '레이스 돌아왔네?']"
2025-09-06T16:02:15.617113,0:26:51,26.85,10.136745444052773,4,508,1.222415020592424,3.0459959025520697e-06,52.08898968447063,30,10.136745444052773,40.0,8.804348644066831,511.9866025308446,0,0,0,0,0,"['빅붕이 줘패기', '레이스 돌아왔네?', '래 황']"
2025-09-06T16:02:23.035925,0:26:57,26.95,9.947266332807791,3,508,0.9763850072635973,3.0459959025520697e-06,51.05530361867171,30,9.947266332807791,40.0,8.788913779660147,511.04794227776017,0,0,0,0,0,"['레이스 돌아왔네?', '래 황', '쓰레기 등장!']"
2025-09-06T16:02:28.741916,0:27:05,27.083333333333332,8.930079169576452,7,508,2.434476394884891,1.698000523194193e-05,50.78005639364647,20,8.930079169576452,40.0,8.730022401694132,510.1531480499842,1,1,0,0,2,"['레이스 돌아왔네?', '래 황', '쓰레기 등장!']"
2025-09-06T16:02:33.919927,0:27:10,27.166666666666668,7.6972621480823396,8,508,3.098489301961786,4.340744795641954e-05,51.12773529416531,10,7.6972621480823396,40.0,8.65702016152472,509.29783324498584,2,1,0,0,3,"['레이스 돌아왔네?', '래 황', '쓰레기 등장!']"
2025-09-06T16:02:42.220863,0:27:18,27.3,7.71949341724158,8,508,3.1519910607681023,4.450631991819503e-05,51.162787434447765,10,7.71949341724158,40.0,8.576318145372248,508.47804992048725,2,1,0,0,3,"['래 황', '쓰레기 등장!', '빅하빅하']"
2025-09-06T16:02:48.335525,0:27:24,27.4,7.509571977260967,7,508,2.549038642121182,4.582882745203482e-05,51.17390120987572,10,7.509571977260967,40.0,8.483686330835024,507.6902449284385,2,1,0,0,3,"['빅하빅하', '빌어먹을 개자식등장', '오늘도 데드락 아조씨']"
2025-09-06T16:02:53.339659,0:27:29,27.483333333333334,7.357596867591694,6,508,2.0577489994592106,4.754290605331733e-05,51.37365700618549,10,7.357596867591694,40.0,8.370317697751522,506.93122043559464,2,1,0,0,3,"['오늘도 데드락 아조씨', '래쉬 데미지봐 ㅋㅋ', '헤이즈 궁 할때 고양이 상태로 집까지 온 아군 봤는데 ㅋㅋ 개빠르던데']"
2025-09-06T16:02:58.342594,0:27:34,27.566666666666666,7.195699809999775,5,508,1.652671026568402,8.034352140549084e-06,51.172617369599784,10,7.195699809999775,40.0,8.24828592797637,506.19809839203515,1,0,0,0,1,"['헤이즈 궁 할때 고양이 상태로 집까지 온 아군 봤는데 ㅋㅋ 개빠르던데', '!카테고리 수정 데드락', '{:d_54:}']"
2025-09-06T16:03:03.345512,0:27:39,27.65,7.548297749394467,7,508,2.7456620279611337,5.186395856249732e-05,50.87295294024645,10,7.548297749394467,40.0,8.113457335178733,505.6082885528316,2,1,0,0,3,"['!카테고리 수정 데드락', '{:d_54:}', '빅하']"
2025-09-06T16:03:08.421803,0:27:44,27.733333333333334,7.876944279795702,9,525,4.643792662536534,0.00014949556105960614,47.51557049683491,10,7.876944279795702,40.0,7.96211160166086,505.14745969754847,3,1,0,0,4,"['{:d_54:}', '빅하', '우리 다른라인이 다 털리고 있었네']"
2025-09-06T16:03:13.425016,0:27:49,27.816666666666666,8.2781057032932,9,525,4.860496726660523,0.0004518040309753187,50.76751127349626,10,8.2781057032932,40.0,7.800900441494774,504.88771372779365,4,1,0,0,5,"['빅하', '우리 다른라인이 다 털리고 있었네', '오']"
2025-09-06T16:03:18.439765,0:27:54,27.9,10.367052470189206,12,525,10.843879166280065,0.0014293867204885802,50.711230073029874,10,10.367052470189206,40.0,7.640810397345296,504.8089423550143,5,1,0,0,6,"['오', 'ㅋㅋㅋㅋㅋㅋㅋㅋ', '래황 ㅋㅋ']"
2025-09-06T16:03:23.519019,0:27:59,27.983333333333334,9.678894183276006,11,525,8.878334503963089,0.0015953826662304157,50.708389538224324,10,9.678894183276006,40.0,7.506729357610767,504.8930481195129,5,1,0,0,6,"['오', 'ㅋㅋㅋㅋㅋㅋㅋㅋ', '래황 ㅋㅋ']"
2025-09-06T16:03:28.530358,0:28:04,28.066666666666666,9.064603618390178,10,525,7.142723866713968,0.0017520767134019779,50.63949434354929,10,9.064603618390178,40.0,7.396056421849691,505.12374330756165,5,1,0,0,6,"['오', 'ㅋㅋㅋㅋㅋㅋㅋㅋ', '래황 ㅋㅋ']"
2025-09-06T16:03:33.618638,0:28:09,28.15,7.732485133169069,7,525,3.3168685158803473,8.151976432432169e-05,50.715485447052174,10,7.732485133169069,40.0,7.301450779664721,505.4863689768055,3,0,0,0,3,"['ㅋㅋㅋㅋㅋㅋㅋㅋㅋㅋㅋ', '계단 아래로 쏙 넣는거보소', '가세요라']"
2025-09-06T16:03:38.720833,0:28:14,28.233333333333334,7.6004002773185615,6,525,2.5782010632631756,2.79241965982995e-05,51.9801873549781,10,7.6004002773185615,40.0,7.22130570169825,505.96773207912497,2,0,0,0,2,"['궁 되게 기분나쁘게 날리네 ㅋㅋ', '아 레이스', '저리가식 래쉬 궁 ㅋㅋㅋ']"
2025-09-06T16:03:43.745672,0:28:20,28.333333333333332,7.201959259480856,5,525,1.9879238212527788,2.8555461433602466e-05,50.06174499857809,10,7.201959259480856,40.0,7.149175131528425,506.5559588712125,2,0,0,0,2,"['저리가식 래쉬 궁 ㅋㅋㅋ', '패링 할끄야 안할끄야', '휴 먹었다']"
2025-09-06T16:03:48.752599,0:28:25,28.416666666666668,6.620444789305918,4,525,1.5206728444740918,9.41492151395014e-06,45.8820552777138,10,6.620444789305918,40.0,7.089257618375583,507.24036298409123,1,0,0,0,1,"['휴 먹었다', '웨옹', 'ㅋㅋㅋㅋ']"
2025-09-06T16:03:53.756519,0:28:30,28.5,7.0872905204470795,5,525,2.030939207946538,9.489044752554071e-06,48.7645800204789,10,7.0872905204470795,40.0,7.040331856538025,508.01132668568215,1,0,0,0,1,"['휴 먹었다', '웨옹', 'ㅋㅋㅋㅋ']"
2025-09-06T16:03:58.817630,0:28:35,28.583333333333332,7.518281259009057,6,525,2.707993753498995,2.9840264656777666e-05,50.70471509178546,10,7.518281259009057,40.0,7.011298670884222,508.86019401711394,2,0,0,0,2,"['휴 먹었다', '웨옹', 'ㅋㅋㅋㅋ']"
2025-09-06T16:04:03.825595,0:28:40,28.666666666666668,9.724595267290212,11,525,10.838855773768552,0.0002935012721769395,44.30878345962349,10,9.724595267290212,40.0,7.0051688037958,509.70917461540256,4,0,0,0,4,"['웨옹', 'ㅋㅋㅋㅋ', '요번에 패치내역 보심?']"
2025-09-06T16:04:08.829341,0:28:45,28.75,8.411829026627817,9,534,6.206247575584883,0.0002879355587537795,47.395272009496075,10,8.411829026627817,40.0,7.03465192341622,510.5582571538623,4,0,0,0,4,"['ㅋㅋㅋㅋ', '요번에 패치내역 보심?', '가이스트 궁까지 5초']"
2025-09-06T16:04:13.833291,0:28:50,28.833333333333332,8.366612658295217,9,534,6.084736533770548,0.0002776802742356423,47.36843799365831,10,8.366612658295217,40.0,7.091186731074598,511.4524314384761,4,0,0,0,4,"['요번에 패치내역 보심?', '가이스트 궁까지 5초', 'ㅋㅋㅋㅋㅋㅋㅋㅋㅋㅋㅋㅋ']"
2025-09-06T16:04:18.837406,0:28:55,28.916666666666668,8.331234307984468,9,534,5.9585454177559205,0.00026721589912228976,47.45636525410247,10,8.331234307984468,40.0,7.1520680579671385,512.3871882946285,4,0,0,0,4,"['가이스트 궁까지 5초', 'ㅋㅋㅋㅋㅋㅋㅋㅋㅋㅋㅋㅋ', '캬']"
2025-09-06T16:04:23.840500,0:29:00,29.0,8.643909663840969,9,534,5.839093224150411,0.00025748497346728615,51.00124041398937,10,8.643909663840969,40.0,7.211861252170425,513.3584694651656,4,0,0,0,4,"['ㅋㅋㅋㅋㅋㅋㅋㅋㅋㅋㅋㅋ', '캬', 'ㅋㅋㅋ']"
2025-09-06T16:04:28.931989,0:29:05,29.083333333333332,8.139625326615302,8,534,4.378912947644646,2.7507226068589138e-05,51.069947920492496,10,8.139625326615302,40.0,7.270675126953383,514.3626225186491,2,0,0,0,2,"['ㅋㅋㅋ', '패링을 안하네', '패링 절대 안하네']"
2025-09-06T16:04:34.022533,0:29:10,29.166666666666668,7.283040868134549,5,534,1.9216388610672839,2.358477380672035e-05,51.10457832851477,10,7.283040868134549,40.0,7.328607614258044,515.3963602667842,1,1,0,0,2,"['ㅋㅋㅋㅋㅋㅋㅋ', '가이스트 궁 날먹 하려고 했나 왜 안햇지', '애옹']"
2025-09-06T16:04:39.026587,0:29:15,29.25,7.277256511399343,5,534,1.9051124778319808,2.3278266682698405e-05,51.10457832851477,10,7.277256511399343,40.0,7.37574685283224,516.4567242401058,1,1,0,0,2,"['ㅋㅋㅋㅋㅋㅋㅋ', '가이스트 궁 날먹 하려고 했나 왜 안햇지', '애옹']"
2025-09-06T16:04:44.029480,0:29:20,29.333333333333332,7.470937494609842,6,534,2.4683453113064564,7.826039444560183e-06,51.070135052368045,10,7.470937494609842,40.0,7.418172167549017,517.5410518160952,0,1,0,0,1,"['애옹', '요즘 유저는 립 상도덕이 읎서', '워커가 날라갔는데??']"
2025-09-06T16:04:49.033010,0:29:25,29.416666666666668,7.714839896758416,7,534,3.1933631075000593,7.793221715546059e-06,50.97159691844709,10,7.714839896758416,40.0,7.451354950794116,518.6469466344856,0,1,0,0,1,"['애옹', '요즘 유저는 립 상도덕이 읎서', '워커가 날라갔는데??']"
2025-09-06T16:04:54.053996,0:29:30,29.5,7.453042767275394,6,534,2.4405008913669093,7.773780483276088e-06,50.98864345784782,10,7.453042767275394,40.0,7.471219455714705,519.6872519710371,0,1,0,0,1,"['요즘 유저는 립 상도덕이 읎서', '워커가 날라갔는데??', '집이 불탄다 안카요']"
2025-09-06T16:04:59.120547,0:29:35,29.583333333333332,6.490696586759495,6,534,2.4390103437024213,2.2663576585536206e-05,41.370339010330134,10,6.490696586759495,40.0,7.474097510143235,520.6685267739334,1,1,0,0,2,"['워커가 날라갔는데??', '집이 불탄다 안카요', '개맛도리인 미드보스 2층 박스 보러가죠']"
2025-09-06T16:05:04.134300,0:29:40,29.666666666666668,7.028015836569216,7,534,3.197065571835804,8.918528924813555e-06,44.09039319015115,10,7.028015836569216,40.0,7.446687759128912,521.59667409654,1,0,0,0,1,"['집이 불탄다 안카요', '개맛도리인 미드보스 2층 박스 보러가죠', '애옹']"
2025-09-06T16:05:09.137259,0:29:45,29.75,7.589174548469233,8,518,4.214752169811397,8.976536197469851e-06,46.140076984207646,10,7.589174548469233,40.0,7.402018983216021,522.477006686886,1,0,0,0,1,"['집이 불탄다 안카요', '개맛도리인 미드보스 2층 박스 보러가죠', '애옹']"
2025-09-06T16:05:14.140342,0:29:50,29.833333333333332,7.483960174906408,6,518,2.5041938885213195,9.04302944905606e-06,51.074886967121664,10,7.483960174906408,40.0,7.351817084894419,523.2343060181975,1,0,0,0,1,"['어디가 그냥 개터졌네', 'ㅋㅋㅋㅋ', '어우']"
2025-09-06T16:05:19.219004,0:29:55,29.916666666666668,7.709741837519365,7,518,3.3167103991019067,9.110912208991352e-06,50.48889553468814,10,7.709741837519365,40.0,7.3016353764049775,523.8808754163778,1,0,0,0,1,"['ㅋㅋㅋㅋ', '어우', '자판기 잘 구워놓기']"
2025-09-06T16:05:24.225694,0:30:00,30.0,10.060867949707752,9,518,5.743204188208674,9.166292544087904e-06,50.50742817317698,20,10.060867949707752,40.0,7.26147183876448,524.42778787474,1,0,0,0,1,"['ㅋㅋㅋㅋ', '어우', '자판기 잘 구워놓기']"
2025-09-06T16:05:29.333294,0:30:05,30.083333333333332,10.07429223758319,9,518,5.7741013334255005,3.0459959025520697e-06,50.53355552485905,20,10.07429223758319,40.0,7.245324654888033,524.8850090872661,0,0,0,0,0,"['어우', '자판기 잘 구워놓기', '냥냥펀치 압수당해볼래!?']"
2025-09-06T16:05:34.337655,0:30:10,30.166666666666668,9.231298371317273,7,518,3.356455934311056,3.0459959025520697e-06,50.56537575910042,20,9.231298371317273,40.0,7.25579218939923,525.2615081785394,0,0,0,0,0,"['냥냥펀치 압수당해볼래!?', '집사가 누구야', '미나가 미라지 개털고 과성장했네']"
2025-09-06T16:05:39.346499,0:30:15,30.25,9.639311183451706,8,518,4.373037837032953,9.147238637124319e-06,51.08744281594718,20,9.639311183451706,40.0,7.275212970459307,525.5653573606855,1,0,0,0,1,"['집사가 누구야', '미나가 미라지 개털고 과성장했네', '어우 야미다']"
2025-09-06T16:05:44.418983,0:30:20,30.333333333333332,9.62713011410228,8,518,4.337780296275303,9.109468431191635e-06,51.08903366618552,20,9.62713011410228,40.0,7.302691673413377,525.803821624617,1,0,0,0,1,"['미나가 미라지 개털고 과성장했네', '어우 야미다', '인페 미라지가 라인이 터졌네']"
2025-09-06T16:05:49.423493,0:30:25,30.416666666666668,9.007668611438682,6,518,2.526032269052839,9.096198390705206e-06,51.235536787908316,20,9.007668611438682,40.0,7.312422506072039,525.9834394621553,1,0,0,0,1,"['인페 미라지가 라인이 터졌네', '미라지 실직했는데', '빅하']"
2025-09-06T16:05:54.426806,0:30:30,30.5,8.670610960454752,4,518,1.4709359683333023,9.104704724459665e-06,51.557797296562065,20,8.670610960454752,40.0,7.306180255464836,526.0650955159398,1,0,0,0,1,"['빅하', '헤황', 'ㅋㅋㅋㅋㅋㅋㅋㅋㅋㅋㅋㅋㅋ']"
2025-09-06T16:05:59.430002,0:30:35,30.583333333333332,8.239564520576346,4,518,1.4776794523782535,9.14675579581367e-06,47.22373053541639,20,8.239564520576346,40.0,7.275562229918353,526.0585859643459,1,0,0,0,1,"['헤황', 'ㅋㅋㅋㅋㅋㅋㅋㅋㅋㅋㅋㅋㅋ', '쉬브가 싹둑해버렸다']"
2025-09-06T16:06:04.448090,0:30:40,30.666666666666668,8.243688087426058,4,518,1.4894609879782903,9.22023004500006e-06,47.22373053541639,20,8.243688087426058,40.0,7.223006006926517,525.9727273679113,1,0,0,0,1,"['헤황', 'ㅋㅋㅋㅋㅋㅋㅋㅋㅋㅋㅋㅋㅋ', '쉬브가 싹둑해버렸다']"
2025-09-06T16:06:09.518279,0:30:45,30.75,8.316409664774342,2,519,0.8636180307207136,3.0459959025520697e-06,50.14142135623731,20,8.316409664774342,40.0,7.1507054062338655,525.8154546311201,0,0,0,0,0,"['쉬브가 싹둑해버렸다', '4k 차이남']"
2025-09-06T16:06:14.725089,0:30:50,30.833333333333332,8.22962132260545,1,519,0.6560574405916788,3.0459959025520697e-06,50.0,20,8.22962132260545,40.0,7.055634865610479,525.5989091680082,0,0,0,0,0,['4k 차이남']
2025-09-06T16:06:20.637797,0:30:56,30.933333333333334,8.230608807409121,1,519,0.658878825745029,3.0459959025520697e-06,50.0,20,8.230608807409121,40.0,6.950071379049431,525.3290182512073,0,0,0,0,0,['4k 차이남']
2025-09-06T16:06:25.726360,0:31:02,31.033333333333335,8.23172440694304,1,519,0.6620662529847993,3.0459959025520697e-06,50.0,20,8.23172440694304,40.0,6.835064241144488,525.0111164260866,0,0,0,0,0,['4k 차이남']
2025-09-06T16:06:30.738311,0:31:07,31.116666666666667,8.23302573501483,1,519,0.6657763387449882,1.004113521289677e-05,50.0,20,8.23302573501483,40.0,6.706557817030039,524.6500047834779,1,0,0,0,1,['ㅋㅋㅋㅋ']
2025-09-06T16:06:35.746925,0:31:12,31.2,7.044761693894746,3,519,1.229563184192827,8.70972179872867e-05,51.14379740540061,10,7.044761693894746,40.0,6.560902035327036,524.2500043051301,1,2,0,0,3,"['ㅋㅋㅋㅋ', '오', '오 드디어 데드락']"
2025-09-06T16:06:40.819298,0:31:17,31.283333333333335,8.99116799596191,9,519,7.8784725863613545,0.022013326020219562,47.248972603273465,10,8.99116799596191,40.0,6.414811831794332,523.8150038746171,1,7,0,0,8,"['ㅋㅋㅋㅋ', '오', '오 드디어 데드락']"
2025-09-06T16:06:45.824456,0:31:22,31.366666666666667,10.294152118900742,10,519,11.202316386631605,0.025944509395311836,48.62963579821555,10,10.294152118900742,40.0,6.2983306486148996,523.3485034871554,1,7,0,0,8,"['ㅋㅋㅋㅋ', '오', '오 드디어 데드락']"
2025-09-06T16:06:50.834188,0:31:27,31.45,10.46917195785864,10,519,11.698225271863585,0.029573832212072673,48.62963579821555,10,10.46917195785864,40.0,6.2084975837534095,522.8536531384399,1,7,0,0,8,"['ㅋㅋㅋㅋ', '오', '오 드디어 데드락']"
2025-09-06T16:06:55.837312,0:31:32,31.533333333333335,10.6162182073533,10,519,12.114579348221707,0.03287963913536944,48.62963579821555,10,10.6162182073533,40.0,6.137647825378068,522.413287824596,1,7,0,0,8,"['ㅋㅋㅋㅋ', '오', '오 드디어 데드락']"
2025-09-06T16:07:00.844336,0:31:37,31.616666666666667,9.727784375346637,9,519,9.076203965243632,0.009458137116400492,50.473297326648044,10,9.727784375346637,40.0,6.093883042840262,522.0219590421364,0,7,0,0,7,"['오', '오 드디어 데드락', '패링하네']"
2025-09-06T16:07:05.921437,0:31:42,31.7,8.355521815418262,7,532,4.865682102960313,0.004311974091285512,51.50808289745638,10,8.355521815418262,40.0,6.0644947385562356,521.6747631379227,2,4,0,0,6,"['오', '오 패링', '오']"
2025-09-06T16:07:11.027130,0:31:47,31.783333333333335,7.350500196701544,4,519,1.8517764143652429,4.329719288808863e-05,52.02361132796553,10,7.350500196701544,40.0,6.028045264700612,521.4322868241304,2,0,0,0,2,"['패링치면 쿨 초', '캬', '캬']"
2025-09-06T16:07:16.030889,0:31:52,31.866666666666667,7.205458538257354,4,532,1.8754996229330707,4.442430082653399e-05,50.49015900510449,10,7.205458538257354,40.0,5.970240738230551,521.2190581417174,2,0,0,0,2,"['캬', '캬', '세다']"
2025-09-06T16:07:21.423058,0:31:57,31.95,7.508861950058941,5,532,2.6615586912549114,0.00014990594621489906,50.77256445741236,10,7.508861950058941,40.0,5.903216664407497,521.0971523275457,2,1,0,0,3,"['캬', '캬', '세다']"
2025-09-06T16:07:26.433117,0:32:02,32.03333333333333,8.455885825173695,7,532,5.33100735280347,0.00015764782350889784,50.89970192563077,10,8.455885825173695,40.0,5.827894997966747,521.0574370947911,2,1,0,0,3,"['캬', '캬', '세다']"
2025-09-06T16:07:31.533530,0:32:07,32.11666666666667,8.511869093520069,7,532,5.490950326715559,0.00016571651636651153,50.89970192563077,10,8.511869093520069,40.0,5.755105498170073,521.091693385312,2,1,0,0,3,"['캬', '캬', '세다']"
2025-09-06T16:07:36.536794,0:32:12,32.2,8.017722228711335,6,532,3.996401758058797,1.0413090082580266e-05,51.18977448154722,10,8.017722228711335,40.0,5.694594948353065,521.1925240467808,0,1,0,0,1,"['세다', '캐릭 개맛있게 하네', '오직 도파민 뽑기만을 위한 요시님의 큰 그림']"
2025-09-06T16:07:41.630896,0:32:17,32.28333333333333,8.038104244826721,6,532,4.061863535784252,1.0514299873654789e-05,51.16447801582283,10,8.038104244826721,40.0,5.650135453517759,521.3532716421028,0,1,0,0,1,"['캐릭 개맛있게 하네', '오직 도파민 뽑기만을 위한 요시님의 큰 그림', '역시 데드락아저씨']"
2025-09-06T16:07:46.724891,0:32:23,32.38333333333333,7.346045777319549,4,532,2.037118305812302,3.0459959025520697e-06,51.330531518868824,10,7.346045777319549,40.0,5.6201219081659834,521.5679444778925,0,0,0,0,0,"['역시 데드락아저씨', '좋은데요', '칼리코도 스킬쿨 짧네']"
2025-09-06T16:07:51.727836,0:32:28,32.46666666666667,7.6679144811287365,5,532,2.919828140643056,3.0459959025520697e-06,51.45973413505306,10,7.6679144811287365,40.0,5.593109717349385,521.8311500301032,0,0,0,0,0,"['역시 데드락아저씨', '좋은데요', '칼리코도 스킬쿨 짧네']"
2025-09-06T16:07:56.733691,0:32:33,32.55,7.167327997711634,3,532,1.4414095909148295,3.0459959025520697e-06,51.62833422493083,10,7.167327997711634,40.0,5.5837987456144464,522.1330350270929,0,0,0,0,0,"['칼리코도 스킬쿨 짧네', '헤드님 지금 랭 어디신가요', '케인이랑 비슷함 하는거']"
2025-09-06T16:08:01.738813,0:32:38,32.63333333333333,7.16717191247763,3,532,1.4409636331033888,3.0459959025520697e-06,51.62833422493083,10,7.16717191247763,40.0,5.585418871053002,522.4697315243836,0,0,0,0,0,"['칼리코도 스킬쿨 짧네', '헤드님 지금 랭 어디신가요', '케인이랑 비슷함 하는거']"
2025-09-06T16:08:06.743834,0:32:43,32.71666666666667,6.859865523383505,2,545,1.0079806776379352,3.0459959025520697e-06,50.07071067811866,10,6.859865523383505,40.0,5.596876983947702,522.8377583719453,0,0,0,0,0,"['헤드님 지금 랭 어디신가요', '케인이랑 비슷함 하는거']"
2025-09-06T16:08:11.747127,0:32:48,32.8,6.746926047535518,1,545,0.7054995118204477,3.0459959025520697e-06,50.0,10,6.746926047535518,40.0,5.612189285552932,523.2989825347507,0,0,0,0,0,['케인이랑 비슷함 하는거']
2025-09-06T16:08:16.818728,0:32:53,32.88333333333333,6.746711350965927,1,545,0.7048860930501887,3.0459959025520697e-06,50.0,10,6.746711350965927,40.0,5.625970356997639,523.8440842812756,0,0,0,0,0,['케인이랑 비슷함 하는거']
2025-09-06T16:08:36.831491,0:33:13,33.21666666666667,6.746674041597553,1,545,0.704779494854833,3.0459959025520697e-06,50.0,10,6.746674041597553,40.0,5.628373321297876,524.464675853148,0,0,0,0,0,['달다']
2025-09-06T16:08:41.842052,0:33:18,33.3,6.853079110268336,2,545,1.008793976771357,3.0459959025520697e-06,50.0,10,6.853079110268336,40.0,5.590535989168089,525.1532082678333,0,0,0,0,0,"['달다', '웨옹']"
2025-09-06T16:08:46.918111,0:33:23,33.38333333333333,7.124087780608993,3,545,1.46029537639973,3.0459959025520697e-06,51.12983180470726,10,7.124087780608993,40.0,5.51648239025128,525.90288744105,0,0,0,0,0,"['달다', '웨옹', '상대 캐리라인 줘패기']"
2025-09-06T16:08:51.931073,0:33:28,33.46666666666667,7.134551970186685,3,545,1.4901930609074208,3.0459959025520697e-06,51.12983180470726,10,7.134551970186685,40.0,5.414834151226152,526.707598696945,0,0,0,0,0,"['달다', '웨옹', '상대 캐리라인 줘패기']"
2025-09-06T16:08:56.934070,0:33:33,33.55,7.425652549269511,4,545,2.2252906117858675,3.0459959025520697e-06,51.46799616746096,10,7.425652549269511,40.0,5.288350736103538,527.5618388272504,0,0,0,0,0,"['달다', '웨옹', '상대 캐리라인 줘패기']"
2025-09-06T16:09:01.943345,0:33:38,33.63333333333333,7.457699260865372,4,545,2.3168526449168985,3.0459959025520697e-06,51.46799616746096,10,7.457699260865372,40.0,5.149515662493184,528.4606549445253,0,0,0,0,0,"['달다', '웨옹', '상대 캐리라인 줘패기']"
2025-09-06T16:09:07.029038,0:33:43,33.71666666666667,7.271525423682984,3,552,1.6288088447897273,3.0459959025520697e-06,52.01441109608218,10,7.271525423682984,40.0,5.0095640962438654,529.3345894500728,0,0,0,0,0,"['웨옹', '상대 캐리라인 줘패기', '!멤버']"
2025-09-06T16:09:12.036487,0:33:48,33.8,6.920004540972711,2,552,1.1191972895053925,3.0459959025520697e-06,50.28284271247462,10,6.920004540972711,40.0,4.878607686619479,530.2861305050656,0,0,0,0,0,"['상대 캐리라인 줘패기', '!멤버']"
2025-09-06T16:09:17.042625,0:33:53,33.88333333333333,6.763346960546884,1,552,0.7524164061386367,3.0459959025520697e-06,50.0,10,6.763346960546884,40.0,4.750746917957532,531.242517454559,0,0,0,0,0,['!멤버']
2025-09-06T16:09:22.048247,0:33:58,33.96666666666667,6.766598988118812,1,552,0.7617079134870008,3.0459959025520697e-06,50.0,10,6.766598988118812,40.0,4.615672226161778,532.2032657091031,0,0,0,0,0,['!멤버']
2025-09-06T16:09:37.140795,0:34:13,34.21666666666667,7.197905020847927,3,552,1.8830856586452664,0.00010972447591755087,50.38781150531717,10,7.197905020847927,40.0,4.464105003545601,533.1679391381929,2,0,0,0,2,"['빅붕이 순살 치킨이네', '캬', '캬']"
2025-09-06T16:09:42.144778,0:34:18,34.3,7.700110739477614,4,552,3.125851097015902,0.0001249746755113572,51.06012865651843,10,7.700110739477614,40.0,4.307694503191041,534.1361452243736,2,0,0,0,2,"['빅붕이 순살 치킨이네', '캬', '캬']"
2025-09-06T16:09:47.226456,0:34:23,34.38333333333333,7.775075809316504,4,552,3.3400164134955133,0.00014299735307696953,51.06012865651843,10,7.775075809316504,40.0,4.156925052871937,535.1075307019363,2,0,0,0,2,"['빅붕이 순살 치킨이네', '캬', '캬']"
2025-09-06T16:09:52.423006,0:34:28,34.46666666666667,10.154045774211957,5,552,5.822739030619426,0.0012083610818141024,51.15603769062432,20,10.154045774211957,40.0,4.0112325475847435,536.0817776317426,3,0,0,0,3,"['빅붕이 순살 치킨이네', '캬', '캬']"
2025-09-06T16:09:57.433133,0:34:33,34.55,10.320531161299474,5,552,6.298115511327411,0.0014674081811192606,51.15603769062432,20,10.320531161299474,40.0,3.885109292826269,537.0585998685684,3,0,0,0,3,"['빅붕이 순살 치킨이네', '캬', '캬']"
2025-09-06T16:10:02.438313,0:34:38,34.63333333333333,10.294301710404762,5,552,6.788180128639755,0.0017672306042604998,49.177317731391426,20,10.294301710404762,40.0,3.771598363543642,538.0377398817116,3,0,0,0,3,"['캬', '캬', '빅붕쿤']"
2025-09-06T16:10:07.620017,0:34:43,34.71666666666667,9.055295711299927,4,555,4.267356050578306,0.0001795647709065146,45.61649267689156,20,9.055295711299927,40.0,3.6794385271892778,539.0189658935404,1,1,0,0,2,"['빅붕쿤', 'ㅋㅋㅋㅋㅋ', '마저깎으면 살살녹아버리는 빅터']"
2025-09-06T16:10:12.641244,0:34:48,34.8,8.968154434945587,3,555,2.5889773176652238,0.0001961273868830116,50.61933922808005,20,8.968154434945587,40.0,3.60149467447035,540.0170693041864,1,1,0,0,2,"['ㅋㅋㅋㅋㅋ', '마저깎으면 살살녹아버리는 빅터', '와 캐릭 개빨라']"
2025-09-06T16:10:17.724728,0:34:54,34.9,8.99602632473602,3,555,2.6685934128118314,0.0002117686096828947,50.61933922808005,20,8.99602632473602,40.0,3.536345207023315,540.9653623737678,1,1,0,0,2,"['ㅋㅋㅋㅋㅋ', '마저깎으면 살살녹아버리는 빅터', '와 캐릭 개빨라']"
2025-09-06T16:10:22.738201,0:34:59,34.983333333333334,9.1081046246279,3,555,2.73161050600551,2.266620436257115e-05,51.52031881044226,20,9.1081046246279,40.0,3.4877106863209835,541.868826136391,0,1,0,0,1,"['마저깎으면 살살녹아버리는 빅터', '와 캐릭 개빨라', '에옹']"
2025-09-06T16:10:27.830125,0:35:04,35.06666666666667,9.124097152576974,3,555,2.777302929637439,2.3115399108320074e-05,51.52031881044226,20,9.124097152576974,40.0,3.453939617688885,542.7319435227519,0,1,0,0,1,"['마저깎으면 살살녹아버리는 빅터', '와 캐릭 개빨라', '에옹']"
2025-09-06T16:10:32.917320,0:35:09,35.15,8.082397725416904,3,555,2.8057033874332085,0.00024044433233964257,41.00305362082345,20,8.082397725416904,40.0,3.4335456559199966,543.5587491704766,1,1,0,0,2,"['와 캐릭 개빨라', '에옹', 'ㅋㅋㅋㅋㅋ']"
2025-09-06T16:10:37.922205,0:35:14,35.233333333333334,8.039913167591692,3,555,2.8246414130071793,0.00032764394114315995,40.51157615462722,20,8.039913167591692,40.0,3.420191090327997,544.352874253429,2,0,0,0,2,"['에옹', 'ㅋㅋㅋㅋㅋ', 'ㅋㅋㅋㅋㅋㅋㅋㅋㅋㅋㅋㅋㅋ']"
2025-09-06T16:10:42.932503,0:35:19,35.31666666666667,18.11611530930911,7,555,26.198172438166008,3.905527522538435,43.84543946935632,20,18.11611530930911,40.0,3.4081719812951974,545.1175868280861,6,0,0,0,6,"['에옹', 'ㅋㅋㅋㅋㅋ', 'ㅋㅋㅋㅋㅋㅋㅋㅋㅋㅋㅋㅋㅋ']"
2025-09-06T16:10:47.938567,0:35:24,35.4,23.879295686574626,8,555,42.22970968570049,3.763215019965288,45.936112885933404,20,23.879295686574626,40.0,3.4173547831656776,545.8558281452775,6,0,0,0,6,"['에옹', 'ㅋㅋㅋㅋㅋ', 'ㅋㅋㅋㅋㅋㅋㅋㅋㅋㅋㅋㅋㅋ']"
2025-09-06T16:10:52.942830,0:35:29,35.483333333333334,18.24056411380554,7,555,25.198429909687864,3.3605482029191913,50.76894364247113,20,18.24056411380554,40.0,3.44561930484911,546.5702453307498,6,0,0,0,6,"['ㅋㅋㅋㅋㅋ', 'ㅋㅋㅋㅋㅋㅋㅋㅋㅋㅋㅋㅋㅋ', 'ㅋㅋㅋㅋㅋㅋㅋㅋㅋㅋㅋㅋㅋㅋㅋㅋㅋ']"
2025-09-06T16:10:58.018870,0:35:34,35.56666666666667,17.68591264807872,7,555,24.178577093816735,2.8662907524893755,50.76894364247113,20,17.68591264807872,40.0,3.486057374364199,547.2632207976749,6,0,0,0,6,"['ㅋㅋㅋㅋㅋ', 'ㅋㅋㅋㅋㅋㅋㅋㅋㅋㅋㅋㅋㅋ', 'ㅋㅋㅋㅋㅋㅋㅋㅋㅋㅋㅋㅋㅋㅋㅋㅋㅋ']"
2025-09-06T16:11:03.036171,0:35:39,35.65,11.438783633818513,6,555,13.667454885345236,0.24382914257753363,50.576427669166684,10,11.438783633818513,40.0,3.5424516369277788,547.9018987179073,5,0,0,0,5,"['ㅋㅋㅋㅋㅋㅋㅋㅋㅋㅋㅋㅋㅋ', 'ㅋㅋㅋㅋㅋㅋㅋㅋㅋㅋㅋㅋㅋㅋㅋㅋㅋ', 'ㅋㅋㅋㅋㅋㅋㅋㅋ']"
2025-09-06T16:11:08.039085,0:35:44,35.733333333333334,8.294831291767057,4,551,4.437017269916942,0.00025519460172444857,52.417731694554384,10,8.294831291767057,40.0,3.6132064732350013,548.4917088461166,2,0,0,0,2,"['ㅋㅋㅋㅋㅋㅋㅋㅋㅋㅋㅋ', '걍 국박아버리네 ㅋㅋ', '스택 20마리 정도 쌓았나?']"
2025-09-06T16:11:13.136169,0:35:49,35.81666666666667,7.7190148586915575,4,551,4.236848714507623,0.00023221304795883278,47.36024923394706,10,7.7190148586915575,40.0,3.691885825911501,549.017537961505,2,0,0,0,2,"['스택 20마리 정도 쌓았나?', '쭈아압', 'ㅋㅋㅋㅋ']"
2025-09-06T16:11:18.140914,0:35:54,35.9,10.477915085672851,6,551,11.213887862929942,0.0017491684623812923,50.523546662624184,10,10.477915085672851,40.0,3.7776972433203513,549.4857841653545,3,0,0,0,3,"['쭈아압', 'ㅋㅋㅋㅋ', 'ㅋㅋㅋㅋ']"
2025-09-06T16:11:23.144037,0:35:59,35.983333333333334,12.470745689462653,7,551,16.905534268343413,0.0015034036938310704,50.532073340649255,10,12.470745689462653,40.0,3.8699275189883164,549.902205748819,3,0,0,0,3,"['쭈아압', 'ㅋㅋㅋㅋ', 'ㅋㅋㅋㅋ']"
2025-09-06T16:11:28.230125,0:36:04,36.06666666666667,14.668161768765266,8,551,24.527752926762204,0.001289884563151714,45.82932290573234,10,14.668161768765266,40.0,3.967934767089485,550.2719851739371,3,0,0,0,3,"['쭈아압', 'ㅋㅋㅋㅋ', 'ㅋㅋㅋㅋ']"
2025-09-06T16:11:33.235550,0:36:09,36.15,13.893859237456114,8,551,22.315678651326657,0.001098547296377267,45.82932290573234,10,13.893859237456114,40.0,4.076141290380536,550.5997866565434,3,0,0,0,3,"['쭈아압', 'ㅋㅋㅋㅋ', 'ㅋㅋㅋㅋ']"
2025-09-06T16:11:38.239230,0:36:14,36.233333333333334,13.702513432201783,8,551,20.311428542010194,0.0009380103739939732,50.93138238348619,10,13.702513432201783,40.0,4.188527161342483,550.889807990889,3,0,0,0,3,"['ㅋㅋㅋㅋ', 'ㅋㅋㅋㅋ', '캣맘들이셔?']"
2025-09-06T16:11:43.729120,0:36:20,36.333333333333336,8.329886943171525,5,551,4.935174291928359,1.95362685633453e-05,51.02568126489174,10,8.329886943171525,40.0,4.304674445208235,551.1458271918001,1,0,0,0,1,"['너가 다 패고다녓잖아 ㅋㅋㅋㅋㅋㅋ', '저 ㅈ냥이 잡아!', '동물학대 on']"
2025-09-06T16:11:48.732452,0:36:25,36.416666666666664,7.189796622341033,3,551,1.9145591166872866,3.0459959025520697e-06,50.19699713102121,10,7.189796622341033,40.0,4.409207000687411,551.3712444726201,0,0,0,0,0,"['동물학대 on', '길고양이 싫어하나보네', '고양이 알러지있나봄']"
2025-09-06T16:11:53.736382,0:36:30,36.5,6.923205096060196,2,551,1.1990524107311475,3.0459959025520697e-06,50.03535533905933,10,6.923205096060196,40.0,4.498286300618671,551.5541200253581,0,0,0,0,0,"['길고양이 싫어하나보네', '고양이 알러지있나봄']"
2025-09-06T16:11:58.739912,0:36:35,36.583333333333336,6.767663312655859,1,551,0.7647488407357083,3.0459959025520697e-06,50.0,10,6.767663312655859,40.0,4.573457670556804,551.6987080228223,0,0,0,0,0,['고양이 알러지있나봄']
2025-09-06T16:12:03.818512,0:36:40,36.666666666666664,6.969267496047757,2,551,1.1690348607101106,3.0459959025520697e-06,50.601040764008566,10,6.969267496047757,40.0,4.6311119035011235,551.8088372205401,0,0,0,0,0,"['고양이 알러지있나봄', '후반가면 상대 딜 못 버티니까 다 쓸어먹긴 해야함']"
2025-09-06T16:12:08.829128,0:36:45,36.75,6.951618839002747,2,579,1.159016228077887,3.0459959025520697e-06,50.45961940777126,10,6.951618839002747,40.0,4.678000713151011,551.8879534984861,0,0,0,0,0,"['후반가면 상대 딜 못 버티니까 다 쓸어먹긴 해야함', '이러면 상대는 뭐가 남나요']"
2025-09-06T16:12:13.920627,0:36:50,36.833333333333336,6.948907224230375,2,579,1.1512687572996803,3.0459959025520697e-06,50.45961940777126,10,6.948907224230375,40.0,4.71520064183591,552.0791581486376,0,0,0,0,0,"['후반가면 상대 딜 못 버티니까 다 쓸어먹긴 해야함', '이러면 상대는 뭐가 남나요']"
2025-09-06T16:12:18.925072,0:36:55,36.916666666666664,6.946871925373744,2,579,1.145453617709305,3.0459959025520697e-06,50.45961940777126,10,6.946871925373744,40.0,4.743680577652319,552.3712423337738,0,0,0,0,0,"['후반가면 상대 딜 못 버티니까 다 쓸어먹긴 해야함', '이러면 상대는 뭐가 남나요']"
2025-09-06T16:12:23.927985,0:37:00,37.0,6.945418971332411,2,579,1.1413023204483557,3.0459959025520697e-06,50.45961940777126,10,6.945418971332411,40.0,4.7643125198870875,552.7541181003965,0,0,0,0,0,"['후반가면 상대 딜 못 버티니까 다 쓸어먹긴 해야함', '이러면 상대는 뭐가 남나요']"
2025-09-06T16:12:29.019323,0:37:05,37.083333333333336,7.627496991493959,4,579,2.628746664037947,1.6366695891340902e-05,52.074291124023205,10,7.627496991493959,40.0,4.757881267898378,553.2187062903567,1,0,0,0,1,"['후반가면 상대 딜 못 버티니까 다 쓸어먹긴 해야함', '이러면 상대는 뭐가 남나요', '어디서 ㅋㅋ']"
2025-09-06T16:12:34.023187,0:37:10,37.166666666666664,8.075577245909582,5,579,4.019844244708899,0.0004856930758478022,51.68437483031127,10,8.075577245909582,40.0,4.732093141108541,553.756835661321,3,0,0,0,3,"['이러면 상대는 뭐가 남나요', '어디서 ㅋㅋ', '무-빙']"
2025-09-06T16:12:39.122691,0:37:15,37.25,8.701619509836652,6,579,6.176465029426138,0.0027626400554092603,50.38751693515339,10,8.701619509836652,40.0,4.698883826997688,554.3611520951889,4,0,0,0,4,"['어디서 ㅋㅋ', '무-빙', 'ㅋㅋㅋ']"
2025-09-06T16:12:44.217365,0:37:20,37.333333333333336,8.742059467959656,6,579,6.291842762015588,0.0029070193471507472,50.38751693515339,10,8.742059467959656,40.0,4.663995444297918,555.02503688567,4,0,0,0,4,"['어디서 ㅋㅋ', '무-빙', 'ㅋㅋㅋ']"
2025-09-06T16:12:49.224298,0:37:25,37.416666666666664,8.779615394686783,6,579,6.398987262644501,0.003045398114670922,50.38751693515339,10,8.779615394686783,40.0,4.632595899868126,555.7425331971031,4,0,0,0,4,"['어디서 ㅋㅋ', '무-빙', 'ㅋㅋㅋ']"
2025-09-06T16:12:54.419458,0:37:30,37.5,10.069093643432158,7,579,9.79735560255298,0.0005528056646918249,51.39798060272739,10,10.069093643432158,40.0,4.614336309881314,556.5282798773927,3,0,0,0,3,"['무-빙', 'ㅋㅋㅋ', 'ㅋㅋㅋㅋ']"
2025-09-06T16:12:59.637775,0:37:35,37.583333333333336,8.919189813499642,6,579,6.467842539731109,0.0005536999733277292,51.55223444604424,10,8.919189813499642,40.0,4.612902678893183,557.3754518896535,3,0,0,0,3,"['ㅋㅋㅋ', 'ㅋㅋㅋㅋ', 'ㅋㅋㅋㅋㅋㅋ']"
2025-09-06T16:13:04.730455,0:37:41,37.68333333333333,7.676044060172134,4,596,2.77074967354182,1.7263233394158598e-05,52.062747691391394,10,7.676044060172134,40.0,4.611612411003865,558.2779067006882,1,0,0,0,1,"['ㅋㅋㅋㅋㅋㅋ', '친구가 있으시네', '엄']"
2025-09-06T16:13:09.733521,0:37:46,37.766666666666666,7.33973546343177,3,596,1.8127611423139924,1.3972250927565999e-05,52.052634747215016,10,7.33973546343177,40.0,4.595451169903479,559.3151160306194,0,1,0,0,1,"['엄', '얘들 패링을 안치네', '와 상대 자판기에 목숨을거네']"
2025-09-06T16:13:15.419353,0:37:51,37.85,7.346900499785403,3,596,1.8332324622228162,1.415821479024603e-05,52.052634747215016,10,7.346900499785403,40.0,4.555906052913131,560.4736044275575,0,1,0,0,1,"['엄', '얘들 패링을 안치네', '와 상대 자판기에 목숨을거네']"
2025-09-06T16:13:20.616794,0:37:56,37.93333333333333,8.227674954572567,5,596,4.482530477833648,0.0005078889224339172,51.585861317618175,10,8.227674954572567,40.0,4.4953154476218184,561.7412439848017,2,1,0,0,3,"['엄', '얘들 패링을 안치네', '와 상대 자판기에 목숨을거네']"
2025-09-06T16:13:25.622873,0:38:01,38.016666666666666,7.345549880046041,3,596,1.9049183825256026,0.000550399650905584,51.786082863017164,10,7.345549880046041,40.0,4.425783902859637,563.1071195863216,2,1,0,0,3,"['와 상대 자판기에 목숨을거네', 'ㅋㅋㅋㅋㅋㅋㅋㅋㅋ', 'ㅋㅋㅋㅋㅋ']"
2025-09-06T16:13:30.634222,0:38:06,38.1,9.211827875831721,4,596,3.066667593488951,0.003770633307625743,51.36985964787538,20,9.211827875831721,40.0,4.353205512573673,564.5614076276894,3,1,0,0,4,"['와 상대 자판기에 목숨을거네', 'ㅋㅋㅋㅋㅋㅋㅋㅋㅋ', 'ㅋㅋㅋㅋㅋ']"
2025-09-06T16:13:35.641110,0:38:11,38.18333333333333,8.827216674930316,3,596,1.9857574970257006,0.0008160452544092703,51.318751328695555,20,8.827216674930316,40.0,4.292884961316306,566.0952668649204,3,0,0,0,3,"['ㅋㅋㅋㅋㅋㅋㅋㅋㅋ', 'ㅋㅋㅋㅋㅋ', 'ㅋㅋㅋㅋㅋㅋ']"
2025-09-06T16:13:40.646841,0:38:16,38.266666666666666,8.838498445761374,3,596,2.017928559671255,0.0008707925171978993,51.318751328695555,20,8.838498445761374,40.0,4.243596465184675,567.7007401784284,3,0,0,0,3,"['ㅋㅋㅋㅋㅋㅋㅋㅋㅋ', 'ㅋㅋㅋㅋㅋ', 'ㅋㅋㅋㅋㅋㅋ']"
2025-09-06T16:13:45.718983,0:38:21,38.35,9.317283927911314,4,596,3.2623672798638426,0.0009119357666914648,51.75090605652292,20,9.317283927911314,40.0,4.2092368186662075,569.3706661605856,3,0,0,0,3,"['ㅋㅋㅋㅋㅋㅋㅋㅋㅋ', 'ㅋㅋㅋㅋㅋ', 'ㅋㅋㅋㅋㅋㅋ']"
2025-09-06T16:13:50.725190,0:38:27,38.45,8.47986148680283,2,596,1.280095580186908,2.057146004434334e-05,50.31819805153395,20,8.47986148680283,40.0,4.188313136799587,571.098599544527,1,0,0,0,1,"['ㅋㅋㅋㅋㅋㅋ', '게임이 비벼지는 소리가 난다']"
2025-09-06T16:13:55.728279,0:38:32,38.53333333333333,9.949964253705392,2,596,1.2855934963783056,1.6324932463976515e-05,50.0,30,9.949964253705392,40.0,4.169481823119629,572.7387395900744,0,1,0,0,1,"['게임이 비벼지는 소리가 난다', '와 데드락 맵 많이 바뀌었네']"
2025-09-06T16:14:00.734559,0:38:37,38.61666666666667,9.951718173088707,2,596,1.2906045663366275,1.643717721790824e-05,50.0,30,9.951718173088707,40.0,4.152533640807666,574.299865631067,0,1,0,0,1,"['게임이 비벼지는 소리가 난다', '와 데드락 맵 많이 바뀌었네']"
2025-09-06T16:14:05.739765,0:38:42,38.7,10.283875073067161,3,596,2.0918132883440395,0.00011436527964400955,50.5169467603489,30,10.283875073067161,40.0,4.1372802767269,575.7898790679602,1,1,0,0,2,"['게임이 비벼지는 소리가 난다', '와 데드락 맵 많이 바뀌었네', 'ㅋㅋㅋㅋ']"
2025-09-06T16:14:10.742895,0:38:47,38.78333333333333,10.826561795124352,4,576,3.383731911461473,0.0008001378778158204,51.419355709617086,30,10.826561795124352,40.0,4.12855224905421,577.2158911611642,2,1,0,0,3,"['게임이 비벼지는 소리가 난다', '와 데드락 맵 많이 바뀌었네', 'ㅋㅋㅋㅋ']"
2025-09-06T16:14:15.817811,0:38:52,38.86666666666667,10.806540377959664,4,576,3.3960414198644178,0.0008086804601770061,51.17602408823046,30,10.806540377959664,40.0,4.1206970241487895,578.4843020450478,2,1,0,0,3,"['와 데드락 맵 많이 바뀌었네', 'ㅋㅋㅋㅋ', 'ㅋㅋㅋ']"
2025-09-06T16:14:20.838335,0:38:57,38.95,11.522544105265611,5,576,5.497791301916618,0.0008220494162571762,50.979883298282914,30,11.522544105265611,40.0,4.108627321733911,579.610871840543,2,1,0,0,3,"['와 데드락 맵 많이 바뀌었네', 'ㅋㅋㅋㅋ', 'ㅋㅋㅋ']"
2025-09-06T16:14:25.844514,0:39:02,39.03333333333333,10.748012511718535,4,576,3.440558694373212,0.0001518912997913035,50.43756212167993,30,10.748012511718535,40.0,4.09276458956052,580.6097846564888,2,0,0,0,2,"['ㅋㅋㅋㅋ', 'ㅋㅋㅋ', '빅하']"
2025-09-06T16:14:30.854344,0:39:07,39.11666666666667,10.76189536695132,4,576,3.4802198981397434,0.0001554760860409024,50.43756212167993,30,10.76189536695132,40.0,4.068488130604468,581.49380619084,2,0,0,0,2,"['ㅋㅋㅋㅋ', 'ㅋㅋㅋ', '빅하']"
2025-09-06T16:14:35.856948,0:39:12,39.2,9.97136674479142,2,576,1.326555595946264,3.0459959025520697e-06,50.07071067811866,30,9.97136674479142,40.0,4.036639317544021,582.274425571756,0,0,0,0,0,"['빅하', '에이바~']"
2025-09-06T16:14:41.026360,0:39:17,39.28333333333333,9.785517924555688,1,576,0.8157620175923619,3.0459959025520697e-06,50.0,30,9.785517924555688,40.0,3.9829753857896195,582.9619830145804,0,0,0,0,0,['에이바~']
2025-09-06T16:14:46.029205,0:39:22,39.36666666666667,9.788215540550567,1,576,0.8234460343102046,2.357135498969412e-05,50.0,30,9.788215540550567,40.0,3.909677847210658,583.5657847131223,1,0,0,0,1,['ㅋㅋㅋㅋㅋ']
2025-09-06T16:14:51.036538,0:39:27,39.45,10.018079490713326,2,576,1.3993867827835325,2.46137290707034e-05,50.28284271247462,30,10.018079490713326,40.0,3.8287100624895922,584.00920624181,1,0,0,0,1,"['ㅋㅋㅋㅋㅋ', '저새끼 스택만 먹고 가네']"
2025-09-06T16:14:56.039527,0:39:32,39.53333333333333,11.783526470709862,5,576,6.885072278037027,0.0002169222643540161,48.736644044911614,30,11.783526470709862,40.0,3.750839056240633,584.308285617629,2,0,0,0,2,"['ㅋㅋㅋㅋㅋ', '저새끼 스택만 먹고 가네', 'ㅋㅋㅋㅋㅋㅋㅋㅋ']"
2025-09-06T16:15:01.049670,0:39:37,39.61666666666667,11.886588649098082,5,576,7.179517817096719,0.00023252155766921416,48.736644044911614,30,11.886588649098082,40.0,3.6907551506165697,584.4774570558662,2,0,0,0,2,"['ㅋㅋㅋㅋㅋ', '저새끼 스택만 먹고 가네', 'ㅋㅋㅋㅋㅋㅋㅋㅋ']"
2025-09-06T16:15:06.133104,0:39:42,39.7,11.986044734254277,5,576,7.463660366326683,0.0002480038719376114,48.736644044911614,30,11.986044734254277,40.0,3.6366796355549127,584.5297113502796,2,0,0,0,2,"['ㅋㅋㅋㅋㅋ', '저새끼 스택만 먹고 가네', 'ㅋㅋㅋㅋㅋㅋㅋㅋ']"
2025-09-06T16:15:11.136220,0:39:47,39.78333333333333,17.211189367012455,7,599,21.645761037051177,0.00026001183555645973,51.350689993103224,30,17.211189367012455,40.0,3.5980116719994215,584.4767402152517,2,0,0,0,2,"['ㅋㅋㅋㅋㅋ', '저새끼 스택만 먹고 가네', 'ㅋㅋㅋㅋㅋㅋㅋㅋ']"
2025-09-06T16:15:16.139261,0:39:52,39.86666666666667,22.110681168656452,8,599,35.64291165970046,2.8490828131433067e-05,51.35650691430038,30,22.110681168656452,40.0,3.5782105047994794,584.4440661937265,1,0,0,0,1,"['저새끼 스택만 먹고 가네', 'ㅋㅋㅋㅋㅋㅋㅋㅋ', '도망 goat']"
2025-09-06T16:15:21.146299,0:39:57,39.95,14.264841737816775,6,599,13.159845761583519,3.0459959025520697e-06,51.58894502864183,30,14.264841737816775,40.0,3.5853894543195315,584.4296595743538,0,0,0,0,0,"['도망 goat', '빅하', '해머?']"
2025-09-06T16:15:26.321388,0:40:02,40.03333333333333,12.288690326065142,5,599,7.628786870247872,3.0459959025520697e-06,51.18613703080026,30,12.288690326065142,40.0,3.6068505088875784,584.4316936169184,0,0,0,0,0,"['해머?', '환영타격?', '둔화주술']"
2025-09-06T16:15:31.324834,0:40:07,40.11666666666667,14.033007834427789,6,599,12.650538114403084,3.0459959025520697e-06,51.0531827598835,30,14.033007834427789,40.0,3.6311654579988204,584.4485242552266,0,0,0,0,0,"['해머?', '환영타격?', '둔화주술']"
2025-09-06T16:15:36.331157,0:40:12,40.2,13.879259498866961,6,599,12.211257155657856,3.0459959025520697e-06,51.0531827598835,30,13.879259498866961,40.0,3.6730489121989383,584.478671829704,0,0,0,0,0,"['해머?', '환영타격?', '둔화주술']"
2025-09-06T16:15:41.337420,0:40:17,40.28333333333333,11.859099361244995,5,599,6.98118150707963,3.0459959025520697e-06,49.15684615368764,30,11.859099361244995,40.0,3.730744020979045,584.5208046467336,0,0,0,0,0,"['둔화주술', '고양이상태일땐 고혈주머니가 장난감같네', '그래서 모루는 누가 감?']"
2025-09-06T16:15:46.341523,0:40:22,40.36666666666667,11.013156507907162,4,599,3.9936362112228547,2.5037703263851824e-05,51.15373818897858,30,11.013156507907162,40.0,3.7976696188811405,584.5737241820602,1,0,0,0,1,"['그래서 모루는 누가 감?', '아 모루', '아님 저주나 포커스렌즈 정도']"
2025-09-06T16:15:51.348345,0:40:27,40.45,15.561011720535378,7,599,17.00763068086257,0.0015204549368744735,51.07732800258729,30,15.561011720535378,40.0,3.8629026569930263,584.6363517638542,3,0,0,0,3,"['그래서 모루는 누가 감?', '아 모루', '아님 저주나 포커스렌즈 정도']"
2025-09-06T16:15:56.427948,0:40:32,40.53333333333333,13.094783000347226,6,599,9.931303871244435,0.0013534789785195629,51.18285253820265,30,13.094783000347226,40.0,3.936612391293724,584.8077165874688,3,0,0,0,3,"['아 모루', '아님 저주나 포커스렌즈 정도', 'ㅋㅋㅋ']"
2025-09-06T16:16:01.435872,0:40:37,40.61666666666667,14.834141885980191,7,599,15.01401891783695,0.008848161478730835,50.75696000145766,30,14.834141885980191,40.0,4.0129511521643515,585.0769449287219,4,0,0,0,4,"['아님 저주나 포커스렌즈 정도', 'ㅋㅋㅋ', '크아아악']"
2025-09-06T16:16:06.445983,0:40:42,40.7,20.327461352610218,9,599,33.57387631838248,0.007589979900611754,40.73568649216106,30,20.327461352610218,40.0,4.091656036947916,585.4342504358498,4,0,0,0,4,"['아님 저주나 포커스렌즈 정도', 'ㅋㅋㅋ', '크아아악']"
2025-09-06T16:16:11.449359,0:40:47,40.78333333333333,19.37372601551094,9,631,30.854342585705556,0.006346156902376247,40.72167647753044,30,19.37372601551094,40.0,4.187490433253124,585.8708253922648,4,0,0,0,4,"['ㅋㅋㅋ', '크아아악', 'ㅋㅋㅋ']"
2025-09-06T16:16:17.131693,0:40:53,40.88333333333333,13.096837709218013,7,631,12.093995287245336,0.0008098535079297571,43.63615417278973,30,13.096837709218013,40.0,4.298741389927812,586.5387428530383,3,0,0,0,3,"['ㅋㅋㅋ', 'ㅋㅋㅋㅋㅋㅋㅋㅋㅋㅋㅋㅋㅋㅋㅋㅋㅋㅋㅋㅋ', '고양이 잡아라']"
2025-09-06T16:16:22.147050,0:40:58,40.96666666666667,12.132312207463363,6,631,7.2009103188317605,9.042546865634038e-05,51.11957425684784,30,12.132312207463363,40.0,4.423867250935031,587.4148685677345,1,1,0,0,2,"['고양이 잡아라', 'ㅋㅋㅋㅋㅋㅋㅋㅋㅋㅋㅋ', '래쉬가 쌓인게 많은듯']"
2025-09-06T16:16:27.218907,0:41:03,41.05,10.939923513306478,5,631,4.343290830464143,8.163299507732843e-05,49.19739069445997,30,10.939923513306478,40.0,4.561480525841528,588.478381710961,1,1,0,0,2,"['ㅋㅋㅋㅋㅋㅋㅋㅋㅋㅋㅋ', '래쉬가 쌓인게 많은듯', '이걸 또 살았네']"
2025-09-06T16:16:32.322844,0:41:08,41.13333333333333,10.58206516800771,4,631,2.6779084040850396,1.3483971596851243e-05,51.447918329893064,30,10.58206516800771,40.0,4.705332473257375,589.710543539865,0,1,0,0,1,"['래쉬가 쌓인게 많은듯', '이걸 또 살았네', '잘놀다갑니다']"
2025-09-06T16:16:37.326296,0:41:13,41.21666666666667,9.92931457233244,2,631,1.1255830451187312,1.2918703891292262e-05,50.35355339059328,30,9.92931457233244,40.0,4.844799225931638,591.0944891858785,0,1,0,0,1,"['잘놀다갑니다', '데드락 엄청많이 바꼈네여 ㄷㄷ']"
2025-09-06T16:16:42.332699,0:41:18,41.3,9.939843817225068,2,631,1.1051594429190983,1.2509035979147159e-05,50.53033008588991,30,9.939843817225068,40.0,4.955319303338474,592.6150402672906,0,1,0,0,1,"['데드락 엄청많이 바꼈네여 ㄷㄷ', '?']"
2025-09-06T16:16:47.435361,0:41:23,41.38333333333333,12.375185772048411,7,631,7.668458614173996,0.0002396286067105707,51.91129405644828,30,12.375185772048411,40.0,5.039787373004627,594.2585362405615,1,2,0,0,3,"['데드락 엄청많이 바꼈네여 ㄷㄷ', '?', '오']"
2025-09-06T16:16:52.438958,0:41:28,41.46666666666667,14.906820821621933,9,631,15.335660133966853,0.001289033156837947,50.388241614708,30,14.906820821621933,40.0,5.125808635704164,596.0126826165053,3,1,0,0,4,"['?', '오', '데미지 봐라']"
2025-09-06T16:16:57.442793,0:41:33,41.55,14.62211670631011,9,631,14.522361879250054,0.0011647177544781503,50.388241614708,30,14.62211670631011,40.0,5.213227772133749,597.7514143548549,3,1,0,0,4,"['?', '오', '데미지 봐라']"
2025-09-06T16:17:02.446346,0:41:38,41.63333333333333,17.921992882910125,10,631,19.519475354749332,0.001060289069008165,50.89752393120257,40,17.921992882910125,40.0,5.296904994920373,599.4762729193694,3,1,0,0,4,"['?', '오', '데미지 봐라']"
2025-09-06T16:17:07.619077,0:41:43,41.71666666666667,20.036962264827835,11,628,25.57134071762584,0.0009560905308548771,50.86610577446448,40,20.036962264827835,40.0,5.392214495428336,601.1886456274325,3,1,0,0,4,"['오', '데미지 봐라', '줘패고 끝 ㅋㅋ']"
2025-09-06T16:17:12.623273,0:41:48,41.8,14.127173673453743,8,628,8.661711392758443,0.00023772884373359887,50.95479594450794,40,14.127173673453743,40.0,5.507993045885502,602.8747810646892,3,0,0,0,3,"['줘패고 끝 ㅋㅋ', '핵펀츼!', '파리타임 (죽음)']"
2025-09-06T16:17:17.627628,0:41:53,41.88333333333333,12.13260573770036,5,628,2.8933359970816945,5.244116535018354e-05,51.199171622556264,40,12.13260573770036,40.0,5.622193741296952,604.5373029582203,2,0,0,0,2,"['ㅋㅋㅋㅋㅋㅋ', '캬', '감히 궁을 써? 죽어야지']"
2025-09-06T16:17:22.630668,0:41:58,41.96666666666667,11.706009716785083,3,628,1.4052595484747068,3.0459959025520697e-06,52.14167656420575,40,11.706009716785083,40.0,5.719974367167257,606.1785726623983,0,0,0,0,0,"['미드쪽 상자 다 살아있나?', '빅하', '위에 2렙 정글 떳네']"
2025-09-06T16:17:27.733004,0:42:03,42.05,11.364117359844276,4,628,1.950930520622829,3.0459959025520697e-06,46.812904592279246,40,11.364117359844276,40.0,5.797976930450532,607.8007153961585,0,0,0,0,0,"['미드쪽 상자 다 살아있나?', '빅하', '위에 2렙 정글 떳네']"
2025-09-06T16:17:32.736886,0:42:09,42.15,11.349501682333159,4,628,1.9192978377528924,3.0459959025520697e-06,46.77746220721286,40,11.349501682333159,40.0,5.868179237405479,609.4056438565426,0,0,0,0,0,"['빅하', '위에 2렙 정글 떳네', '먹혓다']"
2025-09-06T16:17:37.741691,0:42:14,42.233333333333334,10.51180792903267,3,628,1.3574983813363024,3.0459959025520697e-06,40.36682277166604,40,10.51180792903267,40.0,5.916361313664931,610.9950794708883,0,0,0,0,0,"['위에 2렙 정글 떳네', '먹혓다', '인페 무럭무럭 자라고있네']"
2025-09-06T16:17:42.748642,0:42:19,42.31666666666667,10.509529981439805,3,628,1.3509899596423982,3.0459959025520697e-06,40.36682277166604,40,10.509529981439805,40.0,5.944725182298438,612.5705715237995,0,0,0,0,0,"['위에 2렙 정글 떳네', '먹혓다', '인페 무럭무럭 자라고있네']"
2025-09-06T16:17:47.752449,0:42:24,42.4,11.3300450527973,4,628,1.8838810561166208,3.0459959025520697e-06,46.706854647581196,40,11.3300450527973,40.0,5.950252664068595,614.1335143714196,0,0,0,0,0,"['위에 2렙 정글 떳네', '먹혓다', '인페 무럭무럭 자라고있네']"
2025-09-06T16:17:52.818679,0:42:29,42.483333333333334,11.67765514467569,3,628,1.3543049858048588,3.0459959025520697e-06,52.036471812456284,40,11.67765514467569,40.0,5.930227397661736,615.6851629342776,0,0,0,0,0,"['먹혓다', '인페 무럭무럭 자라고있네', '인페 미라지 착실하게 공부중']"
2025-09-06T16:17:57.821176,0:42:34,42.56666666666667,12.847903287294677,2,628,0.9738028602412876,3.0459959025520697e-06,50.07071067811866,50,12.847903287294677,40.0,5.882204657895563,617.06664664085,0,0,0,0,0,"['인페 무럭무럭 자라고있네', '인페 미라지 착실하게 공부중']"
2025-09-06T16:18:02.934102,0:42:39,42.65,12.743901225487152,1,628,0.6968571631108296,3.0459959025520697e-06,50.0,50,12.743901225487152,40.0,5.813984192106007,618.294981976765,0,0,0,0,0,['인페 미라지 착실하게 공부중']
2025-09-06T16:18:07.938618,0:42:44,42.733333333333334,13.289444981761221,3,628,1.4033157719987364,1.23120310099093e-05,52.98279536749258,50,13.289444981761221,40.0,5.727585772895407,619.3854837790885,1,0,0,0,1,"['인페 미라지 착실하게 공부중', '총알이 부족해서 정글링이 시간이 좀 걸리네 ㅋㅋ', '애옹']"
2025-09-06T16:18:13.135552,0:42:49,42.81666666666667,13.297459346400238,3,612,1.4262136475155716,1.2582551327374614e-05,52.98279536749258,50,13.297459346400238,40.0,5.639827195605866,620.3519354011796,1,0,0,0,1,"['인페 미라지 착실하게 공부중', '총알이 부족해서 정글링이 시간이 좀 걸리네 ㅋㅋ', '애옹']"
2025-09-06T16:18:18.142133,0:42:54,42.9,13.237757280446612,3,612,1.4491671167728584,4.531722893487396e-05,52.30530662684536,50,13.237757280446612,40.0,5.55584447604528,621.1267418610616,1,1,0,0,2,"['총알이 부족해서 정글링이 시간이 좀 걸리네 ㅋㅋ', '애옹', '와우']"
2025-09-06T16:18:23.218835,0:42:59,42.983333333333334,16.67405601285143,9,612,12.378352208011934,0.11901739220939607,47.94025783163495,50,16.67405601285143,40.0,5.485260028440752,621.7290676749556,4,3,1,0,8,"['총알이 부족해서 정글링이 시간이 좀 걸리네 ㅋㅋ', '애옹', '와우']"
2025-09-06T16:18:28.225618,0:43:04,43.06666666666667,18.64956649476934,10,612,17.65624781415475,0.1257772026110523,49.19568878770753,50,18.64956649476934,40.0,5.456734025596678,622.17616090746,4,3,1,0,8,"['총알이 부족해서 정글링이 시간이 좀 걸리네 ㅋㅋ', '애옹', '와우']"
2025-09-06T16:18:33.230104,0:43:09,43.15,18.691215814974605,10,612,17.77222201068966,0.12842308115617945,49.19568878770753,50,18.691215814974605,40.0,5.4460606230370106,622.483544816714,4,3,1,0,8,"['총알이 부족해서 정글링이 시간이 좀 걸리네 ㅋㅋ', '애옹', '와우']"
2025-09-06T16:18:38.341752,0:43:14,43.233333333333334,15.685963521044458,8,612,8.960880420298302,0.029804016974582265,50.37733767150219,50,15.685963521044458,40.0,5.44145456073331,622.6651903350426,3,3,1,0,7,"['와우', '와', '살살녹네 ㅋㅋㅋㅋㅋㅋ']"
2025-09-06T16:18:43.418657,0:43:19,43.31666666666667,28.703712999861814,13,612,45.80510904724299,0.1319300793446139,51.191528015889205,50,28.703712999861814,40.0,5.432309104659979,622.7336713015384,4,3,1,0,8,"['캬', '캬', '딜 진짜 미쳤나봐']"
2025-09-06T16:18:48.426175,0:43:24,43.4,21.21534346550913,11,612,24.797557423967547,0.0022814925237915587,50.3528577011097,50,21.21534346550913,40.0,5.439078194193981,622.7003041713846,3,1,1,0,5,"['캬', '딜 진짜 미쳤나봐', '와']"
2025-09-06T16:18:53.429270,0:43:29,43.483333333333334,14.757966604442956,7,612,6.280788349189684,1.323705005264333e-05,50.596853874065445,50,14.757966604442956,40.0,5.445170374774583,622.5902737542461,1,0,0,0,1,"['궁 2개 씩어주고', '인기 많은거 봐 ㅋㅋㅋㅋㅋㅋㅋ', '궁 2개 잘뺏다']"
2025-09-06T16:18:58.436279,0:43:34,43.56666666666667,14.757481138111208,7,612,6.279401304498595,1.3235325387276433e-05,50.596853874065445,50,14.757481138111208,40.0,5.4456533372971245,622.4112463788216,1,0,0,0,1,"['궁 2개 씩어주고', '인기 많은거 봐 ㅋㅋㅋㅋㅋㅋㅋ', '궁 2개 잘뺏다']"
2025-09-06T16:19:03.439369,0:43:39,43.65,15.69246273727837,8,612,8.893620763870201,1.3198192232902871e-05,50.796901906469074,50,15.69246273727837,40.0,5.4560880035674115,622.1701217409394,1,0,0,0,1,"['궁 2개 씩어주고', '인기 많은거 봐 ㅋㅋㅋㅋㅋㅋㅋ', '궁 2개 잘뺏다']"
2025-09-06T16:19:08.519432,0:43:44,43.733333333333334,16.908225792866695,9,625,12.34217881913074,1.3077531127784237e-05,50.88457975158485,50,16.908225792866695,40.0,5.49047920321067,621.8731095668454,1,0,0,0,1,"['궁 2개 씩어주고', '인기 많은거 봐 ㅋㅋㅋㅋㅋㅋㅋ', '궁 2개 잘뺏다']"
2025-09-06T16:19:13.529389,0:43:49,43.81666666666667,13.394304565715293,5,625,2.9634390283033105,1.288671276304169e-05,48.57095751124029,50,13.394304565715293,40.0,5.546431282889603,621.5907986101608,1,0,0,0,1,"['데드락 권위자', '캐리 조은데용?', '애옹']"
2025-09-06T16:19:18.640208,0:43:54,43.9,13.279150283494051,4,625,2.046533523223075,1.2704334993416032e-05,50.62858468631976,50,13.279150283494051,40.0,5.601788154600643,621.3217187491448,1,0,0,0,1,"['캐리 조은데용?', '애옹', '애옹쓰']"
2025-09-06T16:19:24.026665,0:44:00,44.0,13.569135775452441,5,625,2.862639885533,1.2529710379511168e-05,50.672068036317384,50,13.569135775452441,40.0,5.656609339140579,621.0645468742304,1,0,0,0,1,"['애옹', '애옹쓰', '캬']"
2025-09-06T16:19:29.036427,0:44:05,44.083333333333336,17.88425174061571,10,625,15.157367620560965,0.0006903829299188316,50.78896920247406,50,17.88425174061571,40.0,5.715948405226522,620.8180921868073,3,1,0,0,4,"['애옹', '애옹쓰', '캬']"
2025-09-06T16:19:34.042082,0:44:10,44.166666666666664,17.625595197081484,10,625,14.467305997028229,0.0006385807198564247,50.617826658336625,50,17.625595197081484,40.0,5.79935356470387,620.5812829681266,3,1,0,0,4,"['애옹쓰', '캬', '패링 못하면 죽어야지']"
2025-09-06T16:19:39.129230,0:44:15,44.25,16.03134146821595,9,625,9.909420069071562,0.0005780661547804794,50.628132175789894,50,16.03134146821595,40.0,5.909418208233483,620.353154671314,3,1,0,0,4,"['캬', '패링 못하면 죽어야지', '반갑 강펀치']"
2025-09-06T16:19:44.133114,0:44:20,44.333333333333336,16.843400708282644,10,625,12.705509728757002,0.000514565751853698,48.96266476916951,50,16.843400708282644,40.0,6.043476387410136,620.1328392041826,3,1,0,0,4,"['패링 못하면 죽어야지', '반갑 강펀치', '근접 공격딜이 미쳤네 그냥']"
2025-09-06T16:19:49.233510,0:44:25,44.416666666666664,16.490889065592565,10,625,11.69461917594731,0.003641496974749512,48.96315755221106,50,16.490889065592565,40.0,6.209128748669123,619.9195552837643,4,1,1,0,6,"['반갑 강펀치', '근접 공격딜이 미쳤네 그냥', 'ㅋㅋㅋㅋㅋㅋ']"
2025-09-06T16:19:54.427895,0:44:30,44.5,15.050487395098738,9,625,7.950521380936679,0.0029693799718064733,47.66617159782179,50,15.050487395098738,40.0,6.393215873802211,619.7125997553879,4,1,1,0,6,"['근접 공격딜이 미쳤네 그냥', 'ㅋㅋㅋㅋㅋㅋ', 'ㅋㅋㅋㅋㅋㅋㅋㅋ']"
2025-09-06T16:19:59.524835,0:44:35,44.583333333333336,12.7253511452958,4,625,1.655609358011012,7.377417630999344e-05,46.458583603214215,50,12.7253511452958,40.0,6.58889428642199,619.5913397798491,2,0,1,0,3,"['!멤버', '내실도 겁나 잘 다져놔서', '저승사자네 ㅋㅋ']"
2025-09-06T16:20:04.531231,0:44:40,44.666666666666664,12.748625355281307,4,625,1.6031212564776056,6.774465721533545e-05,46.87505817651259,50,12.748625355281307,40.0,6.770004857779791,619.5472058018642,2,0,1,0,3,"['내실도 겁나 잘 다져놔서', '저승사자네 ㅋㅋ', '개깡패네 진짜 ㅋㅋ']"
2025-09-06T16:20:13.417940,0:44:49,44.81666666666667,13.119954142432306,3,634,1.174666598527403,6.367419376613999e-05,52.08795363270209,50,13.119954142432306,40.0,6.9080043720018125,619.5724852216778,2,0,1,0,3,"['저승사자네 ㅋㅋ', '개깡패네 진짜 ㅋㅋ', '이번에 뭐상향받았더라']"
2025-09-06T16:20:19.731401,0:44:56,44.93333333333333,12.519186935214261,6,634,2.717218849367968,3.0459959025520697e-06,40.681591195371105,50,12.519186935214261,40.0,6.9972039348016315,619.70523669951,0,0,0,0,0,"['이번에 뭐상향받았더라', '전체적으로 다 받음', '계수부터 시작해서']"
2025-09-06T16:20:24.849224,0:45:01,45.016666666666666,12.5055430510766,6,634,2.6782363232603674,3.0459959025520697e-06,40.681591195371105,50,12.5055430510766,40.0,7.057483541321468,619.934713029559,0,0,0,0,0,"['이번에 뭐상향받았더라', '전체적으로 다 받음', '계수부터 시작해서']"
2025-09-06T16:20:30.240257,0:45:06,45.1,12.495794929523438,6,634,2.6503845473941934,3.0459959025520697e-06,40.681591195371105,50,12.495794929523438,40.0,7.1017351871893215,620.2512417266032,0,0,0,0,0,"['이번에 뭐상향받았더라', '전체적으로 다 받음', '계수부터 시작해서']"
2025-09-06T16:20:35.419514,0:45:11,45.18333333333333,13.073281934562306,5,634,2.00449979374599,3.0459959025520697e-06,48.71705788352848,50,13.073281934562306,40.0,7.106561668470389,620.6461175539429,0,0,0,0,0,"['전체적으로 다 받음', '계수부터 시작해서', '2스 근접계수 0.2상향']"
2025-09-06T16:20:40.422533,0:45:16,45.266666666666666,13.296329082231146,4,634,1.5226828753555597,3.0459959025520697e-06,52.6338885745834,50,13.296329082231146,40.0,7.08090550162335,621.1115057985486,0,0,0,0,0,"['아맞다 그랬었지', '저거노트 나왔다 미나 이제 안무섭다', '상향전엔 뭔템을가도 애매했는데']"
2025-09-06T16:20:45.439638,0:45:21,45.35,13.29957052101323,4,634,1.5319441290186522,3.0459959025520697e-06,52.6338885745834,50,13.29957052101323,40.0,7.042814951461016,621.6403552186937,0,0,0,0,0,"['아맞다 그랬었지', '저거노트 나왔다 미나 이제 안무섭다', '상향전엔 뭔템을가도 애매했는데']"
2025-09-06T16:20:50.731263,0:45:27,45.45,13.10759621644267,4,634,1.5441606358555844,3.0459959025520697e-06,50.67138775494855,50,13.10759621644267,40.0,6.993533456314914,622.2263196968244,0,0,0,0,0,"['상향전엔 뭔템을가도 애매했는데', '담템 저주 ㄱ?', '친구데려왔네']"
2025-09-06T16:20:55.738066,0:45:32,45.53333333333333,13.532526192685854,6,634,2.76271561665413,3.0459959025520697e-06,50.655745084585455,50,13.532526192685854,40.0,6.929180110683423,622.863687727142,0,0,0,0,0,"['상향전엔 뭔템을가도 애매했는데', '담템 저주 ㄱ?', '친구데려왔네']"
2025-09-06T16:21:00.835666,0:45:37,45.61666666666667,13.55024784197579,6,634,2.813348900339665,3.0459959025520697e-06,50.655745084585455,50,13.55024784197579,40.0,6.856262099615081,623.4823189544278,0,0,0,0,0,"['상향전엔 뭔템을가도 애매했는데', '담템 저주 ㄱ?', '친구데려왔네']"
2025-09-06T16:21:06.022873,0:45:42,45.7,13.565522173286446,6,632,2.856989846941537,3.0459959025520697e-06,50.655745084585455,50,13.565522173286446,40.0,6.795635889653573,624.0840870589851,0,0,0,0,0,"['상향전엔 뭔템을가도 애매했는데', '담템 저주 ㄱ?', '친구데려왔네']"
2025-09-06T16:21:11.322362,0:45:47,45.78333333333333,13.109622491262764,4,632,1.6083998349211783,3.0459959025520697e-06,50.4668133064199,50,13.109622491262764,40.0,6.751072300688215,624.6606783530866,0,0,0,0,0,"['친구데려왔네', '헤이즈 친구데리고 왔네', '혼자서 41k']"
2025-09-06T16:21:16.537787,0:45:52,45.86666666666667,12.970044401859656,3,632,1.2056234420831415,3.0459959025520697e-06,50.480749787321955,50,12.970044401859656,40.0,6.705965070619394,625.2146105177779,0,0,0,0,0,"['헤이즈 친구데리고 왔네', '혼자서 41k', '2대 1은 좀 에이바']"
2025-09-06T16:21:22.128875,0:45:58,45.96666666666667,12.819306729955589,2,632,0.9021999361465529,3.0459959025520697e-06,50.03535533905933,50,12.819306729955589,40.0,6.630368563557455,625.7481494660001,0,0,0,0,0,"['2대 1은 좀 에이바', '총 소리가 안 들리는데']"
2025-09-06T16:21:27.229324,0:46:03,46.05,10.822463556659962,2,632,0.9112194410161929,3.0459959025520697e-06,30.03535533905933,50,10.822463556659962,40.0,6.522331707201709,626.2633345194001,0,0,0,0,0,"['총 소리가 안 들리는데', '미라지 보고 도망갔나']"
2025-09-06T16:21:51.929715,0:46:28,46.46666666666667,12.851266737011553,2,632,0.9228035639020872,3.0459959025520697e-06,50.28284271247462,50,12.851266737011553,40.0,6.390098536481538,626.7620010674601,0,0,0,0,0,"['미라지 보고 도망갔나', '칼리코1번 미나처럼 바꿔줘야함 ㄹㅇ']"
2025-09-06T16:21:57.117156,0:46:33,46.55,15.566749065032994,9,632,8.529041011768639,9.367320326909641e-06,50.81580963985839,50,15.566749065032994,40.0,6.231088682833384,627.2458009607141,0,1,0,0,1,"['칼리코1번 미나처럼 바꿔줘야함 ㄹㅇ', '점프하고 아래 내려다보면서 2하면 근접2됨', '돌진이라 오히려 더 힘들어']"
2025-09-06T16:22:02.134615,0:46:38,46.63333333333333,14.911033363897651,8,632,6.651125165666949,9.627077308543201e-06,50.831357050832956,50,14.911033363897651,40.0,6.082979814550046,627.7162208646428,0,1,0,0,1,"['점프하고 아래 내려다보면서 2하면 근접2됨', '돌진이라 오히려 더 힘들어', '엄']"
2025-09-06T16:22:07.234375,0:46:43,46.71666666666667,14.391153550755915,7,650,5.091519223734589,3.0459959025520697e-06,51.091206040504474,50,14.391153550755915,40.0,5.944681833095041,628.1745987781785,0,0,0,0,0,"['사고났다', '자식들 힙합 선ㄴ언', '어디서 곡소리가..']"
2025-09-06T16:22:12.239284,0:46:48,46.8,14.467313082696336,7,650,5.315395751604147,1.199889439940824e-05,51.069197700771255,50,14.467313082696336,40.0,5.835213649785538,628.7121389003607,1,0,0,0,1,"['어디서 곡소리가..', '농사개망했네', '근딜 아찔하네']"
2025-09-06T16:22:17.242488,0:46:53,46.88333333333333,14.79864217130673,8,650,7.6972338419649065,1.2240166210413593e-05,46.04605430552528,50,14.79864217130673,40.0,5.7516922848069845,629.3209250103247,1,0,0,0,1,"['어디서 곡소리가..', '농사개망했네', '근딜 아찔하네']"
2025-09-06T16:22:22.247676,0:46:58,46.96666666666667,17.146986235567695,10,650,15.281848962538009,1.2390892328495476e-05,42.983341423224616,50,17.146986235567695,40.0,5.701523056326287,629.9488325092923,1,0,0,0,1,"['근딜 아찔하네', '답은 백도어다', '?']"
2025-09-06T16:22:27.426941,0:47:03,47.05,22.232822899839977,12,650,29.060089342097566,1.2468170971746356e-05,45.61786642837442,50,22.232822899839977,40.0,5.676370750693658,630.5939492583631,1,0,0,0,1,"['아닠ㅋㅋㅋㅋㅋㅋㅋㅋㅋㅋ', '온다', '답은 뒤를 털어']"
2025-09-06T16:22:32.719888,0:47:08,47.13333333333333,22.185301229403432,12,650,28.924313166841962,1.244542826157478e-05,45.61786642837442,50,22.185301229403432,40.0,5.683733675624293,631.2545543325268,1,0,0,0,1,"['아닠ㅋㅋㅋㅋㅋㅋㅋㅋㅋㅋ', '온다', '답은 뒤를 털어']"
2025-09-06T16:22:37.738187,0:47:14,47.233333333333334,18.67972171178843,11,650,20.789958817738,4.994159809939167e-05,39.032161489408914,50,18.67972171178843,40.0,5.7203603080618635,631.9290988992741,2,0,0,0,2,"['온다', '답은 뒤를 털어', '조졌다']"
2025-09-06T16:22:42.748415,0:47:19,47.31666666666667,18.407655991264697,11,650,20.022783617895197,0.00019319293727567733,38.99604447826469,50,18.407655991264697,40.0,5.783324277255677,632.6161890093467,3,0,0,0,3,"['조졌다', '미드 나갔다', '미드치네']"
2025-09-06T16:22:48.934413,0:47:25,47.416666666666664,15.11583779165421,9,650,10.078886895295787,0.0007067241768120527,40.8794468862996,50,15.11583779165421,40.0,5.87499184953011,633.3145701084121,4,0,0,0,4,"['미드치네', '건틀렛 끼고 때리네', '어우']"
2025-09-06T16:22:54.020378,0:47:30,47.5,30.948493585892734,12,650,24.087487108137438,24.841467110852513,50.812862537036224,50,30.948493585892734,40.0,5.9824926645771,634.0231130975709,12,0,0,0,12,"['ㅋㅋㅋㅋㅋㅋㅋㅋㅋ', 'ㅋㅋㅋㅋㅋㅋㅋㅋㅋㅋㅋㅋㅋ', 'ㅋㅋㅋㅋ']"
2025-09-06T16:22:59.138580,0:47:35,47.583333333333336,65.84948332508114,14,650,38.798582400668295,100.0,47.69979484847224,50,65.84948332508114,40.0,6.11924339811939,634.7408017878138,13,1,0,0,14,"['? ㅋㅋㅋ', 'ㅋㅋㅋㅋㅋㅋㅋㅋㅋ', 'ㅋㅋㅋㅋㅋㅋㅋㅋㅋㅋㅋㅋㅋㅋㅋㅋ']"
2025-09-06T16:23:04.236838,0:47:40,47.666666666666664,66.00357617069132,16,650,57.54989163987242,83.58168840299567,49.28438735537693,50,66.00357617069132,40.0,6.2823190583074515,635.4667216090324,13,1,0,0,14,"['ㅋㅋㅋㅋㅋㅋㅋㅋㅋㅋㅋㅋㅋㅋㅋㅋ', 'ㅋㅋㅋㅋㅋㅋㅋㅋㅋㅋㅋㅋㅋㅋㅋ', 'ㅋㅋㅋ']"
2025-09-06T16:23:09.241144,0:47:45,47.75,39.13327957043749,16,658,51.42243324713745,21.76695785218544,49.28644793065208,50,39.13327957043749,40.0,6.479087152476707,636.2000494481292,12,1,0,0,13,"['ㅋㅋㅋㅋㅋㅋㅋㅋㅋㅋㅋㅋㅋㅋㅋ', 'ㅋㅋㅋ', 'ㅋㅋㅋㅋ ㅋㅋㅋㅋ']"
2025-09-06T16:23:14.423568,0:47:50,47.833333333333336,24.60676372498586,15,658,35.700880693810895,0.3971311745503647,44.52603012331901,50,24.60676372498586,40.0,6.7061784372290365,636.9900445033163,9,1,0,0,10,"['ㅋㅋㅋㅋ ㅋㅋㅋㅋ', 'ㅋㅋㅋㅋㅋㅋㅋㅋㅋㅋ', 'ㅋㅋㅋㅋㅋㅋㅋㅋ']"
2025-09-06T16:23:19.430123,0:47:55,47.916666666666664,22.436712117549227,15,658,31.07382100803555,0.008182700183503411,40.57601684663382,50,22.436712117549227,40.0,6.965560593506133,637.8310400529847,6,1,0,0,7,"['오래 버텼다', '이랬는데 성과가 없음', '라인이 너무 밀려있었어서']"
2025-09-06T16:23:24.433667,0:48:00,48.0,15.9905067528343,12,658,12.668495741418004,7.989653854639783e-06,40.565300474764555,50,15.9905067528343,40.0,7.25900453415552,638.7179360476862,0,1,0,0,1,"['라인이 너무 밀려있었어서', 'ㄴㄴ 막으러안건거', '라인만 막고']"
2025-09-06T16:23:29.519255,0:48:05,48.083333333333336,13.512434854977926,10,658,6.7198491681444,3.0459959025520697e-06,36.604864277290254,50,13.512434854977926,40.0,7.573104080739968,639.6461424429175,0,0,0,0,0,"['라인이 너무 밀려있었어서', 'ㄴㄴ 막으러안건거', '라인만 막고']"
2025-09-06T16:23:34.524561,0:48:10,48.166666666666664,12.586777782381779,8,658,3.6916808998238904,3.0459959025520697e-06,37.946882490450555,50,12.586777782381779,40.0,7.895793672665972,640.6115281986257,0,0,0,0,0,"['라인만 막고', '미드보스를 안 감', '성소하나깼나']"
2025-09-06T16:23:39.532713,0:48:15,48.25,13.599466203506589,7,658,2.687831808284797,3.0459959025520697e-06,51.58723852208549,50,13.599466203506589,40.0,8.216214305399374,641.6103753787631,0,0,0,0,0,"['성소하나깼나', '못 깸', '못깼네']"
2025-09-06T16:23:44.544054,0:48:20,48.333333333333336,13.549761711115202,7,658,2.543712099530491,3.0459959025520697e-06,51.594612578811685,50,13.549761711115202,40.0,8.494592874859437,642.6393378408868,0,0,0,0,0,"['못 깸', '못깼네', '쇼핑중']"
2025-09-06T16:23:49.631570,0:48:25,48.416666666666664,13.22156138010081,5,658,1.544518286999909,3.0459959025520697e-06,51.80978761252481,50,13.22156138010081,40.0,8.740133587373494,643.6954040567982,0,0,0,0,0,"['섭섭하이', '타임 스톱프', '이겜도 근데 운영법 드가면 골치아플꺼같은데']"
2025-09-06T16:23:54.638239,0:48:30,48.5,14.452822811881305,11,658,5.6269752899649275,1.819803460829264e-05,49.83374181179737,50,14.452822811881305,40.0,8.951120228636146,644.6858636511184,2,0,0,0,2,"['매칭이 통나무 게임이야', '아 왜', '?']"
2025-09-06T16:23:59.647260,0:48:35,48.583333333333336,20.404237263085804,18,658,22.40340857081739,0.0005150505382718113,50.62838243084406,50,20.404237263085804,40.0,9.161008205772532,645.6172772860066,5,1,0,0,6,"['?', 'ㅋㅋㅋㅋㅋㅋㅋㅋㅋㅋㅋㅋㅋㅋ', '뭔데']"
2025-09-06T16:24:04.653907,0:48:40,48.666666666666664,22.773342139234867,20,653,29.744932595245903,0.0004520871304572426,48.624348960466186,50,22.773342139234867,40.0,9.399907385195279,646.4955495574059,5,1,0,0,6,"['뭔데', 'ㅋㅋㅋㅋㅋㅋㅋㅋㅋ?', '??']"
2025-09-06T16:24:09.720610,0:48:46,48.766666666666666,23.36418052198434,21,653,32.10341809523041,0.0009019046540653077,46.27623426792072,50,23.36418052198434,40.0,9.664916646675751,647.3009946016654,6,1,0,0,7,"['??', '누군가는 통나무를 들어야지 ㅋ', 'ㅋㅋㅋㅋㅋㅋㅋㅋㅋ']"
2025-09-06T16:24:14.734680,0:48:51,48.85,28.828878881518772,24,653,47.186310307401016,0.0012676588123311876,48.13163210403485,50,28.828878881518772,40.0,9.948424982008175,648.0408951414988,6,1,1,0,8,"['뭐지?', '언퍼즈 연타눌렀나봄ㅋㅋㅋㅋ', '폴 왓']"
2025-09-06T16:24:20.040176,0:48:56,48.93333333333333,27.02791704749669,24,653,42.05493973206919,0.0010533540202875156,48.08266799664358,50,27.02791704749669,40.0,10.263582483807358,648.721805627349,6,1,1,0,8,"['언퍼즈 연타눌렀나봄ㅋㅋㅋㅋ', '폴 왓', '시위하나?']"
2025-09-06T16:24:25.043247,0:49:01,49.016666666666666,15.179491933689599,15,653,8.038352741460363,4.683006067054029e-05,48.66049742154204,50,15.179491933689599,40.0,10.612224235426623,649.3496250646141,3,0,1,0,4,"['폴 왓', '시위하나?', '페이지 화가 잔뜩 났네 ㅋㅋㅋ']"
2025-09-06T16:24:30.048457,0:49:06,49.1,13.76391789866911,11,653,3.63226130876026,9.988916557078298e-06,49.92622445036396,50,13.76391789866911,40.0,10.946001811883962,649.9296625581527,1,0,1,0,2,"['시위하나?', '페이지 화가 잔뜩 났네 ㅋㅋㅋ', '페이즈는 실수같은데']"
2025-09-06T16:24:35.220430,0:49:11,49.18333333333333,13.439339997771324,13,653,4.871752746413184,9.66707957898332e-06,42.342226696948785,50,13.439339997771324,40.0,11.256401630695567,650.4666963023374,1,0,1,0,2,"['레이스는 뭐지', '진짜 랭겜있던시절이', '밸브놈이 스타만 해봤어도 포즈가 얼마나 위험한지 알았을텐데']"
2025-09-06T16:24:40.343058,0:49:16,49.266666666666666,13.445382251132344,12,653,3.889435711349176,4.697708687068624e-06,45.84077873076658,50,13.445382251132344,40.0,11.54076146762601,650.9650266721036,0,0,1,0,1,"['밸브놈이 스타만 해봤어도 포즈가 얼마나 위험한지 알았을텐데', '매칭 훨나았음', '혹시 뉴스 보심?']"
2025-09-06T16:24:45.623815,0:49:21,49.35,12.708045463437843,10,653,2.6690225025888847,3.0459959025520697e-06,42.73886369133373,50,12.708045463437843,40.0,11.78668532086341,651.4285240048932,0,0,0,0,0,"['매칭 훨나았음', '혹시 뉴스 보심?', '!멤버']"
2025-09-06T16:24:50.628271,0:49:26,49.43333333333333,12.334593756635664,9,653,2.203379413145079,3.0459959025520697e-06,40.63409743636526,50,12.334593756635664,40.0,11.978016788777069,651.8606716044039,0,0,0,0,0,"['!멤버', '도타로 10년 넘게 한 얘라', '완전 위로 올라가도 아래로 매칭 당하고']"
2025-09-06T16:24:55.749468,0:49:32,49.53333333333333,12.6786745250876,10,653,2.5505256439762887,3.5927200197107663e-06,42.8598911260789,50,12.6786745250876,40.0,12.115215109899363,652.2246044439635,0,0,0,1,1,"['!멤버', '도타로 10년 넘게 한 얘라', '완전 위로 올라가도 아래로 매칭 당하고']"
2025-09-06T16:25:00.829173,0:49:37,49.61666666666667,12.337643245549025,9,653,2.141079006676884,3.5879411236274885e-06,40.882641580356655,50,12.337643245549025,40.0,12.213693598909428,652.5271439995671,0,0,0,1,1,"['완전 위로 올라가도 아래로 매칭 당하고', '이미 보심', '데서운 이야기 이게 랭겜이다']"
2025-09-06T16:25:05.925996,0:49:42,49.7,12.039446168343277,6,653,1.3093866181422875,3.5851353267759434e-06,40.81159417939346,50,12.039446168343277,40.0,12.272324239018484,652.7744295996104,0,0,0,1,1,"['통나무 못 들면 지는 케이스도 있어서', '랭겜이 있는게 맞는거 같은데', '장전모션 참 재밌어']"
2025-09-06T16:25:11.027365,0:49:47,49.78333333333333,12.780716161065019,5,622,1.1119052777913232,3.584053573516942e-06,48.91547880216628,50,12.780716161065019,40.0,12.295091815116637,652.9719866396493,0,0,0,1,1,"['랭겜이 있는게 맞는거 같은데', '장전모션 참 재밌어', '아니 예전엔 랭겜 따로 있었고 그땐 매칭 밸런스 잘맞았음.']"
2025-09-06T16:25:16.121265,0:49:52,49.86666666666667,11.844415188114688,3,622,0.8044997708458814,3.5842674735788477e-06,40.628388346116395,50,11.844415188114688,40.0,12.290582633604973,652.9697879756844,0,0,0,1,1,"['아니 예전엔 랭겜 따로 있었고 그땐 매칭 밸런스 잘맞았음.', '없다가 생겼따가 사라지고 통합한거라', '유통기한 다되는데']"
2025-09-06T16:25:21.232882,0:49:57,49.95,12.521898499356393,4,622,0.9474475472881758,3.5856499790584895e-06,46.90290423545539,50,12.521898499356393,40.0,12.261524370244477,652.787809178116,0,0,0,1,1,"['아니 예전엔 랭겜 따로 있었고 그땐 매칭 밸런스 잘맞았음.', '없다가 생겼따가 사라지고 통합한거라', '유통기한 다되는데']"
2025-09-06T16:25:26.422060,0:50:02,50.03333333333333,13.016361116875128,3,622,0.8067502624528976,3.0459959025520697e-06,52.33997306618254,50,13.016361116875128,40.0,12.22037193322003,652.4440282603045,0,0,0,0,0,"['없다가 생겼따가 사라지고 통합한거라', '유통기한 다되는데', '랭겜이 따로 있었는데 상위권 매칭 안 됨 + 핵으로 유저들 빠져나가서 매칭풀 좁힌다고 없앰']"
2025-09-06T16:25:31.426254,0:50:07,50.11666666666667,12.885205620957276,2,622,0.6864214640447788,3.0459959025520697e-06,51.44956890143242,50,12.885205620957276,40.0,12.163334739898026,651.9546254342741,0,0,0,0,0,"['유통기한 다되는데', '랭겜이 따로 있었는데 상위권 매칭 안 됨 + 핵으로 유저들 빠져나가서 매칭풀 좁힌다고 없앰']"
2025-09-06T16:25:36.429292,0:50:12,50.2,12.704111537948844,1,622,0.5831723415728045,3.0459959025520697e-06,50.0,50,12.704111537948844,40.0,12.097001265908224,651.3341628908468,0,0,0,0,0,['랭겜이 따로 있었는데 상위권 매칭 안 됨 + 핵으로 유저들 빠져나가서 매칭풀 좁힌다고 없앰']
2025-09-06T16:25:41.649320,0:50:17,50.28333333333333,13.181432977004286,3,622,0.8144570749464175,3.0459959025520697e-06,53.96371782374679,50,13.181432977004286,40.0,11.9873011393174,650.5957466017621,0,0,0,0,0,"['랭겜이 따로 있었는데 상위권 매칭 안 됨 + 핵으로 유저들 빠져나가서 매칭풀 좁힌다고 없앰', '지금은 너무 통나무겜임', '빅붕이 저거 어케 잡음']"
2025-09-06T16:25:46.716869,0:50:22,50.36666666666667,13.145938343140397,4,622,0.9710643866370194,5.995535878243478e-06,53.060634096030896,50,13.145938343140397,40.0,11.813571025385661,649.751171941586,1,0,0,0,1,"['랭겜이 따로 있었는데 상위권 매칭 안 됨 + 핵으로 유저들 빠져나가서 매칭풀 좁힌다고 없앰', '지금은 너무 통나무겜임', '빅붕이 저거 어케 잡음']"
2025-09-06T16:25:51.721419,0:50:28,50.46666666666667,12.410847974028012,4,622,0.984516293865619,6.079001370458534e-06,45.662648395744974,50,12.410847974028012,40.0,11.577213922847095,648.8360547474274,1,0,0,0,1,"['지금은 너무 통나무겜임', '빅붕이 저거 어케 잡음', 'ㅋㅋㅋㅋㅋㅋㅋㅋㅋㅋㅋ']"
2025-09-06T16:25:56.824782,0:50:33,50.55,12.417158776417327,4,622,1.0025470299566863,6.1908949724139326e-06,45.662648395744974,50,12.417158776417327,40.0,11.279492530562385,647.8574492726847,1,0,0,0,1,"['지금은 너무 통나무겜임', '빅붕이 저거 어케 잡음', 'ㅋㅋㅋㅋㅋㅋㅋㅋㅋㅋㅋ']"
2025-09-06T16:26:01.828507,0:50:38,50.63333333333333,12.425608581483,4,622,1.0266891588861362,6.340745888377246e-06,45.662648395744974,50,12.425608581483,40.0,10.911543277506146,646.8217043454163,1,0,0,0,1,"['지금은 너무 통나무겜임', '빅붕이 저거 어케 잡음', 'ㅋㅋㅋㅋㅋㅋㅋㅋㅋㅋㅋ']"
2025-09-06T16:26:06.834589,0:50:43,50.71666666666667,11.671936053437582,5,626,1.2789826778994555,6.5349084681821965e-06,37.24289502209385,50,11.671936053437582,40.0,10.480388949755532,645.7345339108747,1,0,0,0,1,"['지금은 너무 통나무겜임', '빅붕이 저거 어케 잡음', 'ㅋㅋㅋㅋㅋㅋㅋㅋㅋㅋㅋ']"
2025-09-06T16:26:11.838577,0:50:48,50.8,12.495937768454631,4,626,1.0935843810302752,1.1115556118740758e-05,46.13178788871588,50,12.495937768454631,40.0,10.042350054779979,644.6210805197873,1,0,1,0,2,"['ㅋㅋㅋㅋㅋㅋㅋㅋㅋㅋㅋ', '헤이즈 불쌍해', '게임 갔다']"
2025-09-06T16:26:16.842519,0:50:53,50.88333333333333,12.941033261165558,3,626,0.9211322923705476,5.124078305404922e-06,51.186349092045425,50,12.941033261165558,40.0,9.61311504930198,643.4839724678086,0,0,1,0,1,"['헤이즈 불쌍해', '게임 갔다', '미나 진짜 개잘도망가네']"
2025-09-06T16:26:21.940680,0:50:58,50.96666666666667,12.792033434203416,2,626,0.7636645597508385,5.252372734243337e-06,50.24748737341529,50,12.792033434203416,40.0,9.176803544371783,642.3255752210277,0,0,1,0,1,"['게임 갔다', '미나 진짜 개잘도망가네']"
2025-09-06T16:26:27.018716,0:51:03,51.05,12.97930706538967,5,626,1.5457254344049427,5.399439795570773e-06,49.383010035720204,50,12.97930706538967,40.0,8.734123189934605,641.148017698925,0,0,1,0,1,"['게임 갔다', '미나 진짜 개잘도망가네', 'dodhd']"
2025-09-06T16:26:32.242349,0:51:08,51.13333333333333,13.014684588889432,5,626,1.6378118203801049,5.559238551905323e-06,49.41448228060975,50,13.014684588889432,40.0,8.310710870941145,639.9532159290325,0,0,1,0,1,"['미나 진짜 개잘도망가네', 'dodhd', '애옹']"
2025-09-06T16:26:37.430678,0:51:13,51.21666666666667,13.05043498458177,5,626,1.739955611263463,5.731446457152949e-06,49.41448228060975,50,13.05043498458177,40.0,7.90963978384703,638.7428943361292,0,0,1,0,1,"['미나 진짜 개잘도망가네', 'dodhd', '애옹']"
2025-09-06T16:26:42.434140,0:51:18,51.3,13.433795703425458,6,626,2.4136515143437607,2.2365825180890696e-05,50.8900872707507,50,13.433795703425458,40.0,7.523675805462328,637.5186049025162,1,1,0,0,2,"['dodhd', '애옹', '애옹']"
2025-09-06T16:26:47.437402,0:51:23,51.38333333333333,13.784974205588947,7,626,3.4415092738623025,7.560566614128277e-05,50.804157174706845,50,13.784974205588947,40.0,7.161308224916095,636.2817444122646,2,1,0,0,3,"['dodhd', '애옹', '애옹']"
2025-09-06T16:26:52.622315,0:51:28,51.46666666666667,13.897216401505728,7,626,3.7660921421966247,8.790998338410451e-05,50.79048987743556,50,13.897216401505728,40.0,6.8401774024244855,635.0335699710382,2,1,0,0,3,"['애옹', '애옹', '냥냥이 귀엽다']"
2025-09-06T16:26:57.638085,0:51:33,51.55,13.644633690210485,6,626,3.040263832855325,0.000294768083737617,50.80423441477625,50,13.644633690210485,40.0,6.561159662182037,633.9302129739344,2,2,0,0,4,"['ㅋㅋㅋㅋㅋㅋㅋㅋ', '와 딜', 'ㅋㅋㅋㅋㅋ']"
2025-09-06T16:27:02.727017,0:51:39,51.65,15.654221826523774,10,641,11.0613374633417,0.01554105704423756,42.76537291536484,50,15.654221826523774,40.0,6.325043695963833,632.957191676541,5,2,0,0,7,"['ㅋㅋㅋㅋㅋㅋㅋㅋ', '와 딜', 'ㅋㅋㅋㅋㅋ']"
2025-09-06T16:27:07.729885,0:51:44,51.733333333333334,17.743097048101205,11,641,16.35577396687315,0.19547548682732702,44.403859649646726,50,17.743097048101205,40.0,6.142539326367451,632.176472508887,5,4,0,0,9,"['ㅋㅋㅋㅋㅋ', '크아아아악', 'ㅈㅈ']"
2025-09-06T16:27:12.826063,0:51:49,51.81666666666667,16.915686247984027,10,641,12.87132691442379,0.07682005139486899,48.799938073777525,50,16.915686247984027,40.0,6.0182853937307055,631.5688252579982,5,3,0,0,8,"['ㅋㅋㅋㅋㅋ', '크아아아악', 'ㅈㅈ']"
2025-09-06T16:27:17.845812,0:51:54,51.9,17.087626709521693,10,641,13.363289639304284,0.02261990023867476,49.01427375669723,50,17.087626709521693,40.0,5.946456854357636,631.1169427321985,4,3,0,0,7,"['크아아아악', 'ㅈㅈ', '크아악 누가 저주좀사다오']"
2025-09-06T16:27:22.924673,0:51:59,51.983333333333334,32.30773689537661,15,641,56.25054544761105,0.08982253876645767,50.84116973206159,50,32.30773689537661,40.0,5.926811168921873,630.8052484589786,5,3,0,0,8,"['빅터 개사기', '모루 저주 누가 올리냐고오오', '게임 터진듯ㅋㅋ']"
2025-09-06T16:27:27.940579,0:52:04,52.06666666666667,27.19081795129375,14,641,42.52417542743259,0.025854579882341577,47.97014719739408,50,27.19081795129375,40.0,5.969130052029685,630.6197236130807,5,2,0,0,7,"['게임 터진듯ㅋㅋ', '라인 너무 중요함 이겜', '빅터 있는데 부패 산 사람이 없어?']"
2025-09-06T16:27:33.024763,0:52:09,52.15,23.33201937867375,13,641,30.695059835999132,0.0004312100361039675,50.88575952059613,50,23.33201937867375,40.0,6.057217046826716,630.5477512517726,2,2,0,0,4,"['빅터 있는데 부패 산 사람이 없어?', 'ehxksdl djqtsp', '칼리코 총이 구려서 후반이 안좋아 ㅋㅋㅋ']"
2025-09-06T16:27:38.040444,0:52:14,52.233333333333334,33.78334344731324,16,641,61.01445798048501,0.001967943284037446,49.27495976829869,50,33.78334344731324,40.0,6.181495342144045,630.5779761265954,5,0,0,0,5,"['잘해준거 같은데 지네', '도탄이 없네', '쩔수없지']"
2025-09-06T16:27:43.318896,0:52:19,52.31666666666667,46.079780214749334,20,641,100.0,0.07217864050969669,50.5090875854545,40,46.079780214749334,40.0,6.3533458079296405,630.7001785139358,8,0,0,0,8,"['달리기인페인가봄', '느낌 없는거 맞음', '신나게 달리네 ㅋㅋㅋ']"
2025-09-06T16:27:49.323203,0:52:25,52.416666666666664,32.16563292530387,17,641,60.34444420541133,0.014973573356415047,50.39088024067331,40,32.16563292530387,40.0,6.588011227136676,630.9051606625422,7,0,0,0,7,"['신나게 달리네 ㅋㅋㅋ', 'ㅋㅋㅋㅋㅋ', 'ㅋㅋㅋㅋㅋㅋ']"
2025-09-06T16:27:54.332978,0:52:30,52.5,25.50779700714097,16,641,41.67528596050778,0.010699794329289917,49.17167003231529,40,25.50779700714097,40.0,6.85921010442301,631.1646445962881,7,0,0,0,7,"['ㅋㅋㅋㅋㅋㅋ', 'ㅋㅋㅋㅋㅋㅋㅋ', 'ㅋㅋㅋㅋ']"
2025-09-06T16:27:59.336284,0:52:35,52.583333333333336,23.353927433226346,16,641,35.51750821492194,0.007566061625721076,49.197731333533795,40,23.353927433226346,40.0,7.163289093980709,631.4731801366593,7,0,0,0,7,"['ㅋㅋㅋㅋㅋㅋㅋ', 'ㅋㅋㅋㅋ', 'ㅋㅋㅋ']"
2025-09-06T16:28:04.339549,0:52:40,52.666666666666664,17.62852534166151,14,641,18.767703037759528,0.005316215978375777,50.577027920543266,40,17.62852534166151,40.0,7.501960184582639,631.8258621229934,7,0,0,0,7,"['ㅋㅋㅋ', 'ㅋㅋㅋㅋㅋㅋㅋ', '아']"
2025-09-06T16:28:09.436405,0:52:45,52.75,12.993544724073734,10,641,6.108256328943821,4.991907447149185e-05,48.55635041313607,40,12.993544724073734,40.0,7.8667641661243755,632.2182759106942,1,2,0,0,3,"['아', '저거너트 어디갔냐고~', '라인만 먹었구나']"
2025-09-06T16:28:14.539517,0:52:50,52.833333333333336,14.933264012991408,13,661,11.071266399902813,0.0005043446733544861,50.581190351560814,40,14.933264012991408,40.0,8.220087749511938,632.6464483196247,2,3,1,0,6,"['ㅋㅋㅋㅋㅋㅋㅋㅋㅋㅋㅋ', '알케 매칭이면 뭐 어쩔수없음', '실존투!!']"
2025-09-06T16:28:19.543681,0:52:55,52.916666666666664,16.157659532350465,15,661,15.133634813366095,0.008441949140382482,48.57510568016178,40,16.157659532350465,40.0,8.578078974560745,633.2068034876623,2,6,2,0,10,"['ㅋㅋㅋㅋㅋㅋ', '데드락도 락이지', '실존투 겜중인데']"
2025-09-06T16:28:24.552427,0:53:00,53.0,19.23521148889496,18,661,24.311235075802216,0.013271790274066091,47.20970496254561,40,19.23521148889496,40.0,8.95027107710467,633.8861231388961,2,7,2,0,11,"['뭣', '데드락 조오치', '난 좋지']"
2025-09-06T16:28:29.817769,0:53:06,53.1,26.22373054607245,22,661,43.112273582111946,0.23057606949426812,50.42204364535563,40,26.22373054607245,40.0,9.345243969394204,634.6725108250065,4,9,2,0,15,"['ㄱㄱㄱㄱㄱㄱ', '12시간 하던데', '실프랑 듀오?']"
2025-09-06T16:28:34.821833,0:53:11,53.18333333333333,26.225906290836864,23,661,43.01963689725004,0.31853427682076496,50.416196660710455,40,26.225906290836864,40.0,9.775719572454785,635.5552597425059,5,9,2,0,16,"['좋죠', '데드락 할 사람 모여라~~', 'ㅋㅋㅋㅋㅋㅋ']"
2025-09-06T16:28:39.917327,0:53:16,53.266666666666666,36.21746494575832,28,661,73.96673143947979,2.1382544555592236,49.73807159716702,30,36.21746494575832,40.0,10.243147615209306,636.5247337682553,9,8,2,0,19,"['ㅋㅋㅋㅋㅋㅋㅋㅋㅋㅋㅋㅋ', 'ㅋㅋㅋㅋㅋㅋㅋㅋㅋㅋㅋㅋ', '시간가는줄 모름']"
2025-09-06T16:28:44.940414,0:53:21,53.35,22.0519418450669,24,661,35.168845370376886,0.481601240980583,50.50205469042754,30,22.0519418450669,40.0,10.773832853688376,637.5722603914298,10,7,0,0,17,"['시간가는줄 모름', 'ㅋㅋㅋㅋㅋㅋㅋㅋㅋㅋㅋㅋㅋㅋㅋㅋ', 'ㅋㅋㅋㅋㅋㅋㅋㅋㅋㅋ']"
2025-09-06T16:28:50.039524,0:53:26,53.43333333333333,24.88194675746963,27,661,45.22603808070282,0.7122384538902374,42.6793804766755,30,24.88194675746963,40.0,11.321449568319538,638.6150343522868,14,4,0,0,18,"['저기도 하루종일 데드락하네', '20시간 방송?', '20시간 무슨 ㅋㅋ']"
2025-09-06T16:28:55.127636,0:53:31,53.516666666666666,26.928966110054915,29,661,49.064508262378304,2.6880705660878013,41.8115999178739,30,26.928966110054915,40.0,11.894304611487584,639.6535309170581,16,5,0,0,21,"['방송 20시간 하셨네', '20 ㅋㅋㅋㅋㅋ', '20시간은 ㅋㅋㅋㅋ']"
2025-09-06T16:29:00.224244,0:53:36,53.6,19.926649947715358,27,661,31.374525628519358,0.454478899663021,42.63774417868373,30,19.926649947715358,40.0,12.504874150338827,640.6881778253523,16,3,0,0,19,"['20시간은 ㅋㅋㅋㅋ', '실존투 ㅋㅋ', 'ㅋㅋㅋㅋㅋㅋㅋㅋㅋㅋㅋ']"
2025-09-06T16:29:05.241001,0:53:41,53.68333333333333,23.017372097082756,29,661,33.9953813702312,6.073448533314695,41.896092041759566,30,23.017372097082756,40.0,13.139386735304944,641.7193600428171,17,5,4,0,26,"['20시간 ㄷㄷ', 'ㅋㅋㅋㅋㅋㅋㅋㅋㅋㅋ', '20시간? 체력 괜찮나']"
2025-09-06T16:29:10.318647,0:53:46,53.766666666666666,16.995117930218605,27,664,22.183474803079704,1.1466588941617144,42.72238191476023,30,16.995117930218605,40.0,13.78044806177445,642.7474240385354,14,5,6,0,25,"['ㅋㅋㅋㅋㅋㅋㅋㅋㅋㅋㅋㅋㅋㅋㅋㅋㅋㅋㅋㅋㅋㅋㅋ', 'ㄹㅇ 20 어캐하는거임?', '미친 ㅋㅋㅋㅋㅋㅋㅋㅋㅋ']"
2025-09-06T16:29:15.322809,0:53:51,53.85,18.94537839129352,30,664,27.414855044276955,1.485091355126378,42.56142583746036,30,18.94537839129352,40.0,14.422403255597006,643.7876816346818,14,6,7,0,27,"['자야되는거아님?', '진짜 어케함', '진짜 미친넘인데 ㅋㅋㅋㅋ']"
2025-09-06T16:29:20.331662,0:53:56,53.93333333333333,15.029099111312625,27,664,16.32719655586584,0.22318857599238529,47.253048863626276,30,15.029099111312625,40.0,15.085162930037306,644.8389134712136,10,7,8,0,25,"['진짜 미친넘인데 ㅋㅋㅋㅋ', '체력이 달라', '안자나']"
2025-09-06T16:29:25.346923,0:54:01,54.016666666666666,13.296349429360426,25,664,11.221921348404159,0.012560135609569732,48.636529031751415,30,13.296349429360426,40.0,15.736646637033576,645.9000221240922,7,5,8,0,20,"['젊네', '대단한데?', '실존투는 헤드가 없어도 혼자한다고 진짜 20시간동안 데드락만함']"
2025-09-06T16:29:30.522393,0:54:06,54.1,11.78936046722532,23,664,7.937693854136183,0.00270712715370455,45.10084767416174,30,11.78936046722532,40.0,16.347981973330217,646.9700199116829,6,4,7,0,17,"['대단한데?', '실존투는 헤드가 없어도 혼자한다고 진짜 20시간동안 데드락만함', '중간에 롤체도 하지않았나']"
2025-09-06T16:29:35.530494,0:54:11,54.18333333333333,10.672054903390018,18,664,4.072973223107229,0.00016915182792634988,47.464466145713175,30,10.672054903390018,40.0,16.928183775997198,648.0480179205147,4,3,3,0,10,"['미친놈임...', '체력은 워모그로 채우시나 대단하시네 진짜', '빅헤드 너가 만든 데악마다']"
2025-09-06T16:29:40.537428,0:54:16,54.266666666666666,10.350240053639506,15,664,2.7258262870157988,2.016246352977327e-05,48.96192788198564,30,10.350240053639506,40.0,17.460365398397478,649.1332161284632,2,1,2,0,5,"['체력은 워모그로 채우시나 대단하시네 진짜', '빅헤드 너가 만든 데악마다', '안졸리나;']"
2025-09-06T16:29:45.540894,0:54:21,54.35,10.10070745480156,11,664,1.676315397064164,1.4513503223004853e-05,50.13991260427813,30,10.10070745480156,40.0,17.93432885855773,650.2248945156169,2,1,1,0,4,"['빅헤드 너가 만든 데악마다', '안졸리나;', '탈 하']"
2025-09-06T16:29:50.618841,0:54:26,54.43333333333333,10.119901457891984,10,664,1.4639420182997254,1.0670834327996335e-05,51.07517483153348,30,10.119901457891984,40.0,18.34589597270196,651.3224050640553,2,1,0,0,3,"['빅헤드 너가 만든 데악마다', '안졸리나;', '탈 하']"
2025-09-06T16:29:55.630746,0:54:31,54.516666666666666,9.942925947386442,6,664,0.9368559231285548,1.0409333120991722e-05,51.150222105581996,30,9.942925947386442,40.0,18.716306375431763,652.4251645576497,2,1,0,0,3,"['출국', '워모그 안 샀음 아직 저거 ㅋㅋ', 'ㅋㅋㅋㅋㅋㅋㅋㅋㅋㅋ']"
2025-09-06T16:30:00.718953,0:54:36,54.6,10.009935229503718,6,664,0.9275212820113254,1.475462466195666e-05,51.852968789498895,30,10.009935229503718,40.0,19.014675737888588,653.4326481018848,2,2,0,0,4,"['워모그 안 샀음 아직 저거 ㅋㅋ', 'ㅋㅋㅋㅋㅋㅋㅋㅋㅋㅋ', '실청자 미아내~']"
2025-09-06T16:30:05.728195,0:54:42,54.7,11.51524979797638,3,676,0.6749048864372205,6.306282720011417e-06,52.790305652102646,40,11.51524979797638,40.0,19.23820816409973,654.3543832916963,0,2,0,0,2,"['타르코프 망했나요', '실청자들이 데드락 하는거 보고 오열했다던데 이유가 있구나', '리매치->롤체->데드락 무한방송ㄷㄷ']"
2025-09-06T16:30:10.738459,0:54:47,54.78333333333333,11.19186602357755,1,676,0.5481836417435768,4.372418245850485e-06,50.0,40,11.19186602357755,40.0,19.36438734768976,655.2589449625267,0,1,0,0,1,['리매치->롤체->데드락 무한방송ㄷㄷ']
2025-09-06T16:30:15.741463,0:54:52,54.86666666666667,11.469436312067028,3,676,0.6734474296492585,4.37171981485582e-06,52.3372796300186,40,11.469436312067028,40.0,19.372948612920784,656.148050466274,0,1,0,0,1,"['리매치->롤체->데드락 무한방송ㄷㄷ', 'ㅇㅇ', '역시 실프는 가엔 간게 분명해']"
2025-09-06T16:30:20.819674,0:54:57,54.95,11.469784843353326,3,676,0.6744432246751576,4.379287900406966e-06,52.3372796300186,40,11.469784843353326,40.0,19.280653751628705,657.0232454196466,0,1,0,0,1,"['리매치->롤체->데드락 무한방송ㄷㄷ', 'ㅇㅇ', '역시 실프는 가엔 간게 분명해']"
2025-09-06T16:30:25.824097,0:55:02,55.03333333333333,11.470584866009863,3,676,0.6767289838318701,4.396667120298929e-06,52.3372796300186,40,11.470584866009863,40.0,19.072588376465834,657.8859208776819,0,1,0,0,1,"['리매치->롤체->데드락 무한방송ㄷㄷ', 'ㅇㅇ', '역시 실프는 가엔 간게 분명해']"
2025-09-06T16:30:30.827678,0:55:07,55.11666666666667,11.506136442960042,3,676,0.680038809611693,3.0459959025520697e-06,52.68121641197589,40,11.506136442960042,40.0,18.78032953881925,658.7373287899137,0,0,0,0,0,"['ㅇㅇ', '역시 실프는 가엔 간게 분명해', '왔다네~']"
2025-09-06T16:30:35.841400,0:55:12,55.2,11.463775745164728,4,676,0.762877496326688,4.456298943935424e-06,51.96766838930809,40,11.463775745164728,40.0,18.397296584937326,659.5785959109223,0,1,0,0,1,"['ㅇㅇ', '역시 실프는 가엔 간게 분명해', '왔다네~']"
2025-09-06T16:30:40.917027,0:55:17,55.28333333333333,11.423757451352387,3,676,0.6904162648396952,4.50094793008355e-06,51.82109958279321,40,11.423757451352387,40.0,17.927566926443596,660.4107363198301,0,1,0,0,1,"['역시 실프는 가엔 간게 분명해', '왔다네~', '데리견 실프 ㄷㄷ']"
2025-09-06T16:30:45.926614,0:55:22,55.36666666666667,11.235401981811176,2,676,0.6220642566313958,4.556151309286991e-06,50.17677669529664,40,11.235401981811176,40.0,17.384810233799236,661.2346626878472,0,1,0,0,1,"['왔다네~', '데리견 실프 ㄷㄷ']"
2025-09-06T16:30:50.934870,0:55:27,55.45,11.42605088057411,3,676,0.7066249903016966,4.624905220051013e-06,51.787302840064264,40,11.42605088057411,40.0,16.761329210419312,662.0511964190625,0,1,0,0,1,"['왔다네~', '데리견 실프 ㄷㄷ', '{:bigheadDance:}{:bigheadDance:}{:bigheadDance:}']"
2025-09-06T16:30:55.938871,0:55:32,55.53333333333333,11.429816013720536,3,676,0.7173824192424104,4.7074481639347935e-06,51.787302840064264,40,11.429816013720536,40.0,16.08019628937738,662.8460767771563,0,1,0,0,1,"['왔다네~', '데리견 실프 ㄷㄷ', '{:bigheadDance:}{:bigheadDance:}{:bigheadDance:}']"
2025-09-06T16:31:00.942755,0:55:37,55.61666666666667,11.481849680508756,4,676,0.8318757439276613,4.80849468579989e-06,51.90691246736199,40,11.481849680508756,40.0,15.332176660439641,663.6214690994407,0,1,0,0,1,"['데리견 실프 ㄷㄷ', '{:bigheadDance:}{:bigheadDance:}{:bigheadDance:}', '서바킷?']"
2025-09-06T16:31:06.138898,0:55:42,55.7,11.606910920373647,7,689,1.2897478292333215,5.279780128137485e-06,51.55497068229932,40,11.606910920373647,40.0,14.543958994395677,664.3793221894966,1,0,0,0,1,"['{:bigheadDance:}{:bigheadDance:}{:bigheadDance:}', '서바킷?', '레츠고']"
2025-09-06T16:31:11.143194,0:55:47,55.78333333333333,11.066223067017653,10,689,2.101965265230539,9.756410306561923e-06,43.305313216228406,40,11.066223067017653,40.0,13.744563094956108,665.186389970547,2,0,0,0,2,"['{:bigheadDance:}{:bigheadDance:}{:bigheadDance:}', '서바킷?', '레츠고']"
2025-09-06T16:31:16.222894,0:55:52,55.86666666666667,10.71752579261252,9,689,1.9685618323074379,1.0468655489526333e-05,40.28524963842721,40,10.71752579261252,40.0,12.960106785460498,666.0377509734923,2,0,0,0,2,"['서바킷?', '레츠고', '얼마 안남았네']"
2025-09-06T16:31:21.230014,0:55:57,55.95,10.915591536599806,11,689,2.9604452847357474,1.1294616465509383e-05,38.794311690957066,40,10.915591536599806,40.0,12.209096106914448,666.9289758761431,2,0,0,0,2,"['레츠고', '얼마 안남았네', 'ㄹㅊㄱ']"
2025-09-06T16:31:26.234880,0:56:02,56.03333333333333,11.236297049010147,10,689,2.7772804346557436,1.2225680479031415e-05,42.64244006608446,40,11.236297049010147,40.0,11.513186496223003,667.8560782885288,2,0,0,0,2,"['레츠고', '얼마 안남았네', 'ㄹㅊㄱ']"
2025-09-06T16:31:31.340402,0:56:07,56.11666666666667,10.324006128761326,9,689,2.5588763104013106,1.3252201248426365e-05,34.28394119240369,40,10.324006128761326,40.0,10.881867846600702,668.8154704596759,2,0,0,0,2,"['ㄹㅊㄱ', 'ㅋㅋ', '수술킷?']"
2025-09-06T16:31:36.453948,0:56:12,56.2,9.66339908940682,6,689,1.5753490682347344,6.618527102538565e-06,31.120242681138226,40,9.66339908940682,40.0,10.308681061940632,669.8039234137084,1,0,0,0,1,"['그럼 죽어', 'ㅋㅋㅋㅋㅋㅋㅋ', '개그지']"
2025-09-06T16:31:41.519673,0:56:17,56.28333333333333,14.413981595476972,15,689,10.075414307327055,0.00209901309087413,48.86746982676153,40,14.413981595476972,40.0,9.79281295574657,670.8185310723376,8,0,0,0,8,"['ㅋㅋㅋㅋㅋㅋㅋㅋㅋㅋㅋㅋㅋ', 'ㅋㅋㅋㅋㅋㅋㅋㅋㅋㅋㅋㅋㅋㅋ', 'ㅋㅋㅋㅋㅋㅋㅋㅋㅋㅋㅋ']"
2025-09-06T16:31:46.529957,0:56:22,56.36666666666667,14.792587884362687,17,689,17.054639942354378,0.015497290687791952,43.17264988263539,30,14.792587884362687,40.0,9.373531660171913,671.8566779651038,10,0,0,0,10,"['ㅋㅋㅋㅋㅋㅋㅋㅋㅋㅋㅋㅋㅋㅋㅋㅋㅋㅋㅋ', '유부남이시잖아', 'ㅋㅋㅋㅋ']"
2025-09-06T16:31:51.534913,0:56:27,56.45,15.827209099163916,17,689,19.073376713197135,0.0206966877514933,46.43248574444322,30,15.827209099163916,40.0,9.066178494154723,672.8560101685935,10,0,0,0,10,"['유부남이시잖아', 'ㅋㅋㅋㅋ', '뭘 모르네']"
2025-09-06T16:31:56.539025,0:56:32,56.53333333333333,16.348210134613506,17,689,20.556841433287165,0.025167646296692915,46.43248574444322,30,16.348210134613506,40.0,8.869560644739252,673.8204091517341,10,0,0,0,10,"['유부남이시잖아', 'ㅋㅋㅋㅋ', '뭘 모르네']"
2025-09-06T16:32:01.628496,0:56:37,56.61666666666667,15.53024746139861,16,689,17.44309976732905,0.028096295698348192,49.13924024554104,30,15.53024746139861,40.0,8.762604580265327,674.7533682365606,10,0,0,0,10,"['유부남이시잖아', 'ㅋㅋㅋㅋ', '뭘 모르네']"
2025-09-06T16:32:06.726476,0:56:42,56.7,18.26613949268047,18,678,26.548529921057586,0.11469198523458803,44.282772262164805,30,18.26613949268047,40.0,8.731344122238795,675.6580314129046,8,4,0,0,12,"['헬스장보셈', '일탈이네 ㅇㅇ', '못참지']"
2025-09-06T16:32:11.924394,0:56:48,56.8,10.94590204749364,9,678,3.78016495649479,0.00500654740653636,51.20841693757848,30,10.94590204749364,40.0,8.778209710014917,676.4822282716142,2,7,0,0,9,"['ㅋㅋㅋㅋ ㅋㅋㅋㅋ', '씹덕킬라로 도배를 해야지', '역시 브로']"
2025-09-06T16:32:17.017764,0:56:53,56.88333333333333,10.926525835139799,9,678,3.718640362844625,0.0017048375095124009,51.243197731403754,30,10.926525835139799,40.0,8.850388739013425,677.2340054444528,0,8,0,0,8,"['역시 브로', '운동할 때 테스토스테론 잘나오겠네', '오 너 헬스 잘한다']"
2025-09-06T16:32:22.021744,0:56:58,56.96666666666667,11.13947688458373,10,678,4.537682993056685,0.0015996768177366479,50.50647966286797,30,11.13947688458373,40.0,8.940349865112083,677.9206049000076,0,8,0,0,8,"['운동할 때 테스토스테론 잘나오겠네', '오 너 헬스 잘한다', '하드코어라 안 나오나']"
2025-09-06T16:32:27.053858,0:57:03,57.05,11.931277922877431,12,678,6.779586492241398,0.0014763839842158951,50.578320969992554,30,11.931277922877431,40.0,9.056314878600874,678.5485444100068,0,8,0,0,8,"['하드코어라 안 나오나', '오 좀 친다', '오']"
2025-09-06T16:32:32.117676,0:57:08,57.13333333333333,13.592395092710088,15,678,12.097633012418854,0.0013310422801961104,48.57691121451409,30,13.592395092710088,40.0,9.210683390740787,679.1236899690061,0,8,0,0,8,"['오 오늘 좀 친다?', '오', '헬스 갸잘해']"
2025-09-06T16:32:37.142337,0:57:13,57.21666666666667,14.330715923371834,17,678,16.8388952761353,0.0007651610244770091,39.367965123146874,30,14.330715923371834,40.0,9.409615051666707,679.6513209721056,3,4,0,0,7,"['이두근 삼두근 승모근까찌', '아', '아']"
2025-09-06T16:32:42.217328,0:57:18,57.3,16.21422510150333,19,678,22.495030082813532,0.0001727174378978042,38.40895485543436,30,16.21422510150333,40.0,9.658653546500036,680.1361888748951,4,1,0,0,5,"['음', 'ㅋㅋㅋㅋㅋㅋㅋㅋㅋㅋㅋㅋㅋ', '?']"
2025-09-06T16:32:47.224771,0:57:23,57.38333333333333,13.339010601236186,17,678,14.014357422855028,7.574652622108037e-05,39.33955204626437,30,13.339010601236186,40.0,9.957788191850033,680.5825699874056,4,0,0,0,4,"['음', 'ㅋㅋㅋㅋㅋㅋㅋㅋㅋㅋㅋㅋㅋ', '?']"
2025-09-06T16:32:52.240707,0:57:28,57.46666666666667,12.882263253883345,17,678,12.693639258233919,6.855071872210288e-05,39.39462093213984,30,12.882263253883345,40.0,10.27700937266503,680.9293129886651,4,0,0,0,4,"['?', 'ㅋㅋㅋㅋㅋㅋㅋ', 'ㅋㅋㅋㅋㅋㅋㅋㅋㅋㅋㅋㅋㅋㅋ']"
2025-09-06T16:32:57.318989,0:57:33,57.55,12.13063142922256,17,678,11.548952370106342,0.00013264261139548533,35.88445042640784,30,12.13063142922256,40.0,10.599308435398527,681.1863816897986,5,0,0,0,5,"['ㅋㅋㅋㅋㅋㅋㅋㅋㅋㅋㅋㅋㅋㅋ', '우득 ?', '안했네']"
2025-09-06T16:33:02.335454,0:57:38,57.63333333333333,10.596257168332425,14,678,6.225161460372622,0.00011835494007216685,39.17403315225979,30,10.596257168332425,40.0,10.929377591858675,681.3627435208188,5,0,0,0,5,"['ㅋㅋㅋㅋㅋㅋㅋㅋㅋㅋㅋㅋㅋㅋ', '우득 ?', '안했네']"
2025-09-06T16:33:07.451672,0:57:43,57.71666666666667,9.781668301754898,8,646,2.036812956299918,1.2643371450288812e-05,45.68778709701347,30,9.781668301754898,40.0,11.241439832672807,681.4664691687369,2,0,0,0,2,"['안했네', '흠', 'ㅋㅋㅋㅋㅋㅋㅋㅋㅋㅋㅋ']"
2025-09-06T16:33:12.519236,0:57:48,57.8,9.847389829692352,5,646,1.1747586500350133,1.222699499051061e-05,49.36219411382101,30,9.847389829692352,40.0,11.512295849405525,681.3448222518632,2,0,0,0,2,"['조명도 좀 달고', '헬스장 벽보면 핫함', '테라피스트 누나 사진도 걸고']"
2025-09-06T16:33:17.539488,0:57:53,57.88333333333333,10.034948644726743,5,646,1.155573783740308,1.1907240780552085e-05,51.304930575213234,30,10.034948644726743,40.0,11.736066264464974,681.0203400266769,2,0,0,0,2,"['헬스장 벽보면 핫함', '테라피스트 누나 사진도 걸고', '공짜로 쓰면서 ㅋㅋㅋㅋ']"
2025-09-06T16:33:22.545094,0:57:58,57.96666666666667,9.926149312522053,3,646,0.8163251777365985,1.164303516521976e-05,51.40430843100178,30,9.926149312522053,40.0,11.932459638018475,680.5133060240092,2,0,0,0,2,"['공짜로 쓰면서 ㅋㅋㅋㅋ', 'ㅋㅋㅋㅋ', '모든게 공짜']"
2025-09-06T16:33:27.548031,0:58:03,58.05,9.748067829086622,2,646,0.6885554131767312,5.916657249881486e-06,50.07071067811866,30,9.748067829086622,40.0,12.04921367421663,679.8419754216084,1,0,0,0,1,"['ㅋㅋㅋㅋ', '모든게 공짜']"
2025-09-06T16:33:32.634550,0:58:08,58.13333333333333,9.747869376224877,2,646,0.6879884161704211,5.906883407738533e-06,50.07071067811866,30,9.747869376224877,40.0,12.079292306794965,679.0227778794475,1,0,0,0,1,"['ㅋㅋㅋㅋ', '모든게 공짜']"
2025-09-06T16:33:37.743245,0:58:14,58.233333333333334,10.06047126864892,3,646,0.812971550314142,8.974051128647495e-06,52.759276364185176,30,10.06047126864892,40.0,12.031363076115468,678.0705000915028,1,0,1,0,2,"['ㅋㅋㅋㅋ', '모든게 공짜', '탈콥이라니 진짜 할게없엇구나?']"
2025-09-06T16:33:42.747683,0:58:19,58.31666666666667,9.777229423879191,2,646,0.6910635181260112,4.633689400931844e-06,50.35355339059328,30,9.777229423879191,40.0,11.918226768503922,676.9984500823525,0,0,1,0,1,"['모든게 공짜', '탈콥이라니 진짜 할게없엇구나?']"
2025-09-06T16:33:47.818564,0:58:24,58.4,9.705118926545076,1,646,0.5860487476004193,4.662212325844432e-06,50.0,30,9.705118926545076,40.0,11.74640409165353,675.8186050741173,0,0,1,0,1,['탈콥이라니 진짜 할게없엇구나?']
2025-09-06T16:33:52.834293,0:58:29,58.483333333333334,9.705845425296967,1,646,0.5881244108759931,4.703725922927862e-06,50.0,30,9.705845425296967,40.0,11.506763682488177,674.5967445667055,0,0,1,0,1,['탈콥이라니 진짜 할게없엇구나?']
2025-09-06T16:33:57.837162,0:58:34,58.56666666666667,9.706657683419479,1,646,0.5904450950239986,4.750402701574052e-06,50.0,30,9.706657683419479,40.0,11.25108731423936,673.337070110035,0,0,1,0,1,['탈콥이라니 진짜 할게없엇구나?']
2025-09-06T16:34:02.840703,0:58:39,58.65,9.707560606735685,1,646,0.5930248162553412,4.802615789168077e-06,50.0,30,9.707560606735685,40.0,10.980978582815425,672.0433630990315,0,0,1,0,1,['탈콥이라니 진짜 할게없엇구나?']
2025-09-06T16:34:18.020445,0:58:54,58.9,11.258395270311153,2,661,0.7180624507152522,5.861872372521584e-06,50.07071067811866,40,11.258395270311153,40.0,10.692880724533882,670.7190267891283,0,1,0,0,1,"['비비드라라러브', '오히려좋아']"
2025-09-06T16:34:23.133033,0:58:59,58.983333333333334,10.936972564919792,4,661,1.0654763665153684,1.2915324796549483e-05,45.64050670509495,40,10.936972564919792,40.0,10.383592652080495,669.4421241102154,1,1,0,0,2,"['비비드라라러브', '오히려좋아', '캬']"
2025-09-06T16:34:28.137118,0:59:04,59.06666666666667,11.332090712470684,5,661,1.331940839959222,1.3549240721541232e-05,48.65905998788667,40,11.332090712470684,40.0,10.050233386872446,668.2079116991939,1,1,0,0,2,"['비비드라라러브', '오히려좋아', '캬']"
2025-09-06T16:34:33.143598,0:59:09,59.15,11.950831554973345,8,661,2.551367426463514,1.4321786571253374e-05,50.57847226996485,40,11.950831554973345,40.0,9.6902100481852,667.0121205292745,1,1,0,0,2,"['비비드라라러브', '오히려좋아', '캬']"
2025-09-06T16:34:38.151508,0:59:14,59.233333333333334,12.306281144063394,10,661,4.15892599156262,1.5253254422758168e-05,48.50650945714709,40,12.306281144063394,40.0,9.31118904336668,665.8509084763471,1,1,0,0,2,"['비비드라라러브', '오히려좋아', '캬']"
2025-09-06T16:34:43.219243,0:59:19,59.31666666666667,13.01156448967965,12,661,7.019107875416915,1.6323502409032047e-05,45.54870203882765,40,13.01156448967965,40.0,8.935070139030012,664.7208176287124,1,1,0,0,2,"['캬', '좋디ㅣㅣㅣ', '하드코어 끝났으니 가능가능']"
2025-09-06T16:34:48.227246,0:59:24,59.4,13.30208192814921,12,661,7.832813756325279,3.0459959025520697e-06,45.60595895037003,40,13.30208192814921,40.0,8.57156312512701,663.6187358658412,0,0,0,0,0,"['다가올 그날을 위해서', '{:d_59:}', '되긴할듯']"
2025-09-06T16:34:53.243193,0:59:29,59.483333333333334,13.637136529147051,12,661,8.78728038902716,3.0459959025520697e-06,45.61587174589184,40,13.637136529147051,40.0,8.21940681261431,662.5418622792571,0,0,0,0,0,"['{:d_59:}', '되긴할듯', '지금 고통일텐데']"
2025-09-06T16:34:58.246278,0:59:34,59.56666666666667,13.958847523200118,13,661,12.527344826734964,3.0459959025520697e-06,50.7427561544452,30,13.958847523200118,40.0,7.8924661313528786,661.4876760513314,0,0,0,0,0,"['지금 고통일텐데', '테드가 어려움', '그냥 플리 35렙인 시즌이잖음']"
2025-09-06T16:35:03.326317,0:59:39,59.65,12.907729943654607,12,661,10.9184552540434,3.959763290726017e-06,45.862690208341,30,12.907729943654607,40.0,7.62321951821759,660.6139084461983,0,0,0,1,1,"['그냥 플리 35렙인 시즌이잖음', '헤드는 실크송은 안하나보네', '초기화 정발때 하는거임?']"
2025-09-06T16:35:08.330334,0:59:44,59.733333333333334,13.245671539711967,12,690,11.863410270723316,3.988913119108869e-06,45.93476349393559,30,13.245671539711967,40.0,7.415897566395831,659.9025176015784,0,0,0,1,1,"['초기화 정발때 하는거임?', '이번시즌 카파 하드코어업적 0.7%인가', '어딘가 병목 느끼는 구간이 있을 듯']"
2025-09-06T16:35:13.350178,0:59:49,59.81666666666667,20.141209859316625,16,690,33.73911452799596,9.513639254478476e-05,38.324817199610216,30,20.141209859316625,40.0,7.2643078097562475,659.4822658414207,2,1,0,1,4,"['맞긴하', '1을 안 했으면 실크송이 아니라 1을 해야ㅑ지', '스팀출시 언제하나']"
2025-09-06T16:35:18.517561,0:59:54,59.9,16.875886931953893,14,690,21.678637186304,9.844402682338685e-05,47.88324539136762,30,16.875886931953893,40.0,7.192877028780623,659.3240392572786,2,1,0,1,4,"['스팀출시 언제하나', '실크송 난이도가 할로우 나이트 후반부랑 비슷해서', 'ㅋㅋㅋㅋㅋ']"
2025-09-06T16:35:23.522095,0:59:59,59.983333333333334,18.679532121253747,15,690,27.725908751651506,9.864832184415295e-05,44.75424598846983,30,18.679532121253747,40.0,7.188589325902561,659.4016353315508,2,1,0,1,4,"['실크송 난이도가 할로우 나이트 후반부랑 비슷해서', 'ㅋㅋㅋㅋㅋ', 'ㅋㅋㅋㅋ']"
2025-09-06T16:35:28.525957,1:00:04,60.06666666666667,14.939498145490155,13,690,16.427397277040708,9.579701672605133e-05,46.898707797192166,30,14.939498145490155,40.0,7.249730393312306,659.6914717983957,2,1,0,1,4,"['실크송 난이도가 할로우 나이트 후반부랑 비슷해서', 'ㅋㅋㅋㅋㅋ', 'ㅋㅋㅋㅋ']"
2025-09-06T16:35:33.539994,1:00:09,60.15,13.348987527133541,12,690,12.167227304354528,0.00017997528086176296,45.90385980497112,30,13.348987527133541,40.0,7.354757353981076,660.1723246185562,2,2,0,0,4,"['ㅋㅋㅋㅋㅋ', 'ㅋㅋㅋㅋ', '2달 남았네']"
2025-09-06T16:35:38.543529,1:00:14,60.233333333333334,13.094758914386482,12,690,11.468148584772608,0.0014049286053975877,45.80344938273911,30,13.094758914386482,40.0,7.499281618582968,660.8250921567005,4,2,0,0,6,"['2달 남았네', '많이 오네', '실크송 입문은 어렵긴 해']"
2025-09-06T16:35:43.546827,1:00:19,60.31666666666667,10.44794545663725,8,690,3.899239992673928,0.0004873943509607421,45.83016501460992,30,10.44794545663725,40.0,7.684353456724672,661.6325829410305,4,1,0,0,5,"['캠페인모드? 스토리모드도 은근 호평이라던데', '배필도 이제 1개월', '뭐가 많이 오네']"
2025-09-06T16:35:48.621120,1:00:24,60.4,10.583485008867232,7,690,2.8838027432244484,0.0004280971384869284,50.739828098832795,30,10.583485008867232,40.0,7.885918111052205,662.5793246469275,4,1,0,0,5,"['배필도 이제 1개월', '뭐가 많이 오네', '믿지마? ㅋㅋㅋ']"
2025-09-06T16:35:53.822557,1:00:30,60.5,10.523061175264798,7,690,2.754986246647797,0.0008931111029085453,50.58458744496905,30,10.523061175264798,40.0,8.097326299946985,663.6513921822348,4,2,0,0,6,"['뭐가 많이 오네', '믿지마? ㅋㅋㅋ', 'ㅋㅋㅋㅋㅋㅋㅋ']"
2025-09-06T16:35:58.827277,1:00:35,60.583333333333336,11.044962894449002,12,690,8.502210485496276,0.03600309323430311,50.54787987231583,20,11.044962894449002,40.0,8.317593669952286,664.8362529640112,8,2,0,0,10,"['ㅋㅋㅋㅋㅋㅋㅋ', 'ㅋㅋㅋㅋㅋㅋㅋㅋㅋㅋ', '니키타를 믿어?']"
2025-09-06T16:36:03.834343,1:00:40,60.666666666666664,10.319183837228685,12,690,7.846919264521292,0.0121187659100754,45.67914588282204,20,10.319183837228685,40.0,8.565834302957057,666.0476276676102,8,1,0,0,9,"['ㅋㅋㅋㅋㅋㅋㅋㅋㅋㅋ', '니키타를 믿어?', '눈으로 보고 판단해야함 ㅋㅋ']"
2025-09-06T16:36:08.838567,1:00:45,60.75,10.016207681860482,11,682,5.815497710705999,0.0013800226494641633,49.80231474053596,20,10.016207681860482,40.0,8.829250872661351,667.2828649008492,5,2,0,0,7,"['눈으로 보고 판단해야함 ㅋㅋ', '아크 뭐시기도 나오지 앟나?', '탈콥 스토리라....']"
2025-09-06T16:36:13.847649,1:00:50,60.833333333333336,8.370787840418114,11,682,5.41634433737528,0.0010331328854860705,49.746540691825714,10,8.370787840418114,40.0,9.096325785395216,668.4995784107643,4,3,0,0,7,"['탈콥 스토리라....', 'ㅋㅋㅋㅋㅋㅋㅋㅋ', 'ㅋㅋㅋㅋㅋㅋㅋㅋㅋㅋㅋㅋ']"
2025-09-06T16:36:18.920200,1:00:55,60.916666666666664,8.415156534831043,13,682,7.685808915027575,0.0020728929926323264,42.242942573743385,10,8.415156534831043,40.0,9.351693206855696,669.6996205696879,5,3,0,0,8,"['ㅋㅋㅋㅋㅋㅋㅋ', 'ㅋㅋㅋㅋㅋㅋㅋㅋ', '지난번에 쇼라 폭탄 떨군게 그 빌드업인가']"
2025-09-06T16:36:23.924989,1:01:00,61.0,11.689816949811913,17,682,15.784897984484184,0.0040396414943641885,46.63486798644703,10,11.689816949811913,40.0,9.596523886170127,670.884658512719,6,3,0,0,9,"['스토리는 배필만 기대하는걸로..', '낙원 너희 이러다 죽어!!!!!', '아 빨리 탈콥 카파런해야겠다']"
2025-09-06T16:36:28.932388,1:01:05,61.083333333333336,10.281857031964984,16,682,12.03331286471762,0.0002947500071074726,45.70079629310973,10,10.281857031964984,40.0,9.841871497553115,672.0561926614472,3,3,0,0,6,"['아 빨리 탈콥 카파런해야겠다', '캬', 'ㅋㅋㅋㅋㅋㅋㅋㅋㅋㅋㅋㅋㅋㅋ']"
2025-09-06T16:36:33.936269,1:01:10,61.166666666666664,10.710354677318964,15,682,9.26534712160728,0.00026425743889822495,44.67377481780858,20,10.710354677318964,40.0,10.082684347797803,673.2155733953025,3,3,0,0,6,"['아 빨리 탈콥 카파런해야겠다', '캬', 'ㅋㅋㅋㅋㅋㅋㅋㅋㅋㅋㅋㅋㅋㅋ']"
2025-09-06T16:36:38.940719,1:01:15,61.25,9.777404552796447,13,682,5.9816505578478845,0.00012126658921846208,46.83778350914001,20,9.777404552796447,40.0,10.314415913018024,674.3640160557723,3,2,0,0,5,"['아 빨리 탈콥 카파런해야겠다', '캬', 'ㅋㅋㅋㅋㅋㅋㅋㅋㅋㅋㅋㅋㅋㅋ']"
2025-09-06T16:36:44.016472,1:01:20,61.333333333333336,9.01106118264247,9,682,2.705376678215339,2.980129256531286e-05,50.64167424750075,20,9.01106118264247,40.0,10.522974321716223,675.5026144501951,3,0,0,0,3,"['캬', 'ㅋㅋㅋㅋㅋㅋㅋㅋㅋㅋㅋㅋㅋㅋ', '알차다']"
2025-09-06T16:36:49.119998,1:01:25,61.416666666666664,8.920578547811509,8,682,2.1885642490001525,1.3595778757274246e-05,51.545756223499524,20,8.920578547811509,40.0,10.6956768895446,676.6323530051756,2,0,0,0,2,"['알차다', '완벽', '아크레이더스 뜯어고친다고 하지않았나 바로 출시하네']"
2025-09-06T16:36:54.318734,1:01:30,61.5,8.532374045130016,4,682,1.032265449772524,6.37536326235626e-06,51.710785875643275,20,8.532374045130016,40.0,10.831109200590141,677.609117704658,1,0,0,0,1,"['너는 다 계획이 있구나', '신작이 너무 많아~~ 행복해', '정출이고 뭐고 매칭이나 ㄹㅇㅋㅋ']"
2025-09-06T16:36:59.325990,1:01:35,61.583333333333336,8.277893564477523,2,682,0.7131621536112277,6.348665329692341e-06,50.28284271247462,20,8.277893564477523,40.0,10.892998280531128,678.4482059341923,1,0,0,0,1,"['정출이고 뭐고 매칭이나 ㄹㅇㅋㅋ', '게임들이 그만큼 소비할수잇을만큼 재밋어야할텐데']"
2025-09-06T16:37:04.332850,1:01:40,61.666666666666664,8.340663101453769,3,682,0.8564630533448352,6.350506792988831e-06,50.408984925803594,20,8.340663101453769,40.0,10.888698452478014,679.1633853407732,1,0,0,0,1,"['정출이고 뭐고 매칭이나 ㄹㅇㅋㅋ', '게임들이 그만큼 소비할수잇을만큼 재밋어야할텐데', '그래도 전보단 매칭 빠른 기분이던데']"
2025-09-06T16:37:09.337048,1:01:45,61.75,8.341635105511056,3,657,0.859240176263729,6.378095979503271e-06,50.408984925803594,20,8.341635105511056,40.0,10.824828607230213,679.7670468066958,1,0,0,0,1,"['정출이고 뭐고 매칭이나 ㄹㅇㅋㅋ', '게임들이 그만큼 소비할수잇을만큼 재밋어야할텐데', '그래도 전보단 매칭 빠른 기분이던데']"
2025-09-06T16:37:14.417606,1:01:50,61.833333333333336,8.272322528781125,2,657,0.7174517341347637,3.0459959025520697e-06,50.21213203435597,20,8.272322528781125,40.0,10.717345746507192,680.1453421260263,0,0,0,0,0,"['게임들이 그만큼 소비할수잇을만큼 재밋어야할텐데', '그래도 전보단 매칭 빠른 기분이던데']"
2025-09-06T16:37:19.420841,1:01:55,61.916666666666664,8.273622167157184,2,657,0.7211649866377877,3.0459959025520697e-06,50.21213203435597,20,8.273622167157184,40.0,10.570611171856473,680.3208079134238,0,0,0,0,0,"['게임들이 그만큼 소비할수잇을만큼 재밋어야할텐데', '그래도 전보단 매칭 빠른 기분이던데']"
2025-09-06T16:37:24.523293,1:02:00,62.0,8.20972045821734,1,657,0.5991978280542236,3.0459959025520697e-06,50.0,20,8.20972045821734,40.0,10.388550054670826,680.3137271220814,0,0,0,0,0,['그래도 전보단 매칭 빠른 기분이던데']
2025-09-06T16:37:29.535708,1:02:05,62.083333333333336,8.210507498166015,1,657,0.601446513621869,3.0459959025520697e-06,50.0,20,8.210507498166015,40.0,10.189695049203744,680.1423544098733,0,0,0,0,0,['그래도 전보단 매칭 빠른 기분이던데']
2025-09-06T16:37:57.446643,1:02:33,62.55,8.211371737380883,1,657,0.6039157685214955,3.0459959025520697e-06,50.0,20,8.211371737380883,40.0,9.98072554428337,679.823118968886,0,0,0,0,0,['그건 모르지..']
2025-09-06T16:38:02.525763,1:02:38,62.63333333333333,8.212317100246445,1,657,0.6066168052802384,3.0459959025520697e-06,50.0,20,8.212317100246445,40.0,9.762652989855033,679.3708070719973,0,0,0,0,0,['그건 모르지..']
2025-09-06T16:38:07.528609,1:02:43,62.71666666666667,8.213465736621654,1,679,0.609898623495124,3.0459959025520697e-06,50.0,20,8.213465736621654,40.0,9.51138769086953,678.7987263647976,0,0,0,0,0,['그건 모르지..']
2025-09-06T16:38:12.531587,1:02:48,62.8,8.21483307408177,1,679,0.6138053019526003,3.0459959025520697e-06,50.0,20,8.21483307408177,40.0,9.230248921782577,678.228853728318,0,0,0,0,0,['그건 모르지..']
2025-09-06T16:38:17.534807,1:02:53,62.88333333333333,8.216414068968913,1,679,0.6183224302015795,3.0459959025520697e-06,50.0,20,8.216414068968913,40.0,8.927224029604318,677.7009683554861,0,0,0,0,0,['그건 모르지..']
2025-09-06T16:38:27.629123,1:03:03,63.05,8.367286327036005,3,679,0.9907044240600923,4.9554116685494444e-05,50.20519956968298,20,8.367286327036005,40.0,8.604501626643886,677.2108715199375,3,0,0,0,3,"['ㅋㅋㅋㅋ', 'ㅋㅋㅋㅋㅋㅋㅋㅋ', 'ㅋㅋㅋㅋㅋ']"
2025-09-06T16:38:32.632718,1:03:08,63.13333333333333,10.716611398693335,8,679,3.378317664641399,0.0003853172074654377,50.340460891858584,30,10.716611398693335,40.0,8.264051463979497,676.7547843679438,5,0,0,0,5,"['ㅋㅋㅋㅋ', 'ㅋㅋㅋㅋㅋㅋㅋㅋ', 'ㅋㅋㅋㅋㅋ']"
2025-09-06T16:38:37.636078,1:03:13,63.21666666666667,11.440228692558708,10,679,6.021560269791934,0.00047771977436987534,48.324915102217844,30,11.440228692558708,40.0,7.912646317581547,676.3293059311494,5,0,0,0,5,"['ㅋㅋㅋㅋ', 'ㅋㅋㅋㅋㅋㅋㅋㅋ', 'ㅋㅋㅋㅋㅋ']"
2025-09-06T16:38:42.640160,1:03:18,63.3,11.690018448253284,10,679,6.735103175706082,0.0006020663359260629,48.324915102217844,30,11.690018448253284,40.0,7.566381685823393,675.9313753380345,5,0,0,0,5,"['ㅋㅋㅋㅋ', 'ㅋㅋㅋㅋㅋㅋㅋㅋ', 'ㅋㅋㅋㅋㅋ']"
2025-09-06T16:38:47.726512,1:03:23,63.38333333333333,14.441945160967316,11,679,9.881200273398774,0.000770102638862323,49.832170242222006,40,14.441945160967316,40.0,7.2297435172410545,675.5582378042311,5,0,0,0,5,"['ㅋㅋㅋㅋㅋㅋㅋㅋ', 'ㅋㅋㅋㅋㅋ', '엄....']"
2025-09-06T16:38:52.733800,1:03:29,63.483333333333334,17.799578662267436,13,679,19.225383835213943,0.000989173562492823,50.70298650517561,40,17.799578662267436,40.0,6.916769165516949,675.207414023808,5,0,0,0,5,"['엄....', '그건 아닐듯', '그건 너무 멀다']"
2025-09-06T16:38:57.738002,1:03:34,63.56666666666667,12.94927699968324,8,679,5.341054300582778,3.3716987588879105e-05,50.79894507684232,40,12.94927699968324,40.0,6.6550922489652535,674.8766726214274,2,0,0,0,2,"['그건 너무 멀다', 'ㅋㅋㅋㅋㅋㅋㅋㅋㅋㅋㅋㅋ', '데드락 정출 ㅋㅋ']"
2025-09-06T16:39:02.838644,1:03:39,63.65,12.226413634479153,6,679,3.1634212698143855,3.0459959025520697e-06,51.192149716457564,40,12.226413634479153,40.0,6.419583024068728,674.5640053592846,0,0,0,0,0,"['홀리 몰리~', '도타도 몇년을 갔는데', '데드락정출은 2032년아님?']"
2025-09-06T16:39:07.927386,1:03:44,63.733333333333334,11.762371241531339,4,688,1.778993199599869,3.0459959025520697e-06,51.397224032730236,40,11.762371241531339,40.0,6.217624721661855,674.2676048233561,0,0,0,0,0,"['데드락정출은 2032년아님?', '워넌 수까', '워넌쑤까']"
2025-09-06T16:39:12.931415,1:03:49,63.81666666666667,11.785338836561976,4,688,1.844614899687406,3.0459959025520697e-06,51.397224032730236,40,11.785338836561976,40.0,6.04586224949567,674.0308443410206,0,0,0,0,0,"['데드락정출은 2032년아님?', '워넌 수까', '워넌쑤까']"
2025-09-06T16:39:17.936204,1:03:54,63.9,11.651882182422154,3,688,1.3621640996388515,3.0459959025520697e-06,51.75123529150194,40,11.651882182422154,40.0,5.896276024546103,673.8477599069186,0,0,0,0,0,"['워넌 수까', '워넌쑤까', '낙원만 기다릴꺼야...']"
2025-09-06T16:39:23.019606,1:03:59,63.983333333333334,11.244661863347485,1,688,0.6990304141403509,3.0459959025520697e-06,50.0,40,11.244661863347485,40.0,5.761648422091493,673.8379839162267,0,0,0,0,0,['낙원만 기다릴꺼야...']
2025-09-06T16:39:28.118399,1:04:04,64.06666666666666,11.246563864117771,1,688,0.7044647020554591,3.0459959025520697e-06,50.0,40,11.246563864117771,40.0,5.635483579882345,673.984185524604,0,0,0,0,0,['낙원만 기다릴꺼야...']
2025-09-06T16:39:33.124155,1:04:09,64.15,11.24844861436998,1,688,0.7098383422300741,1.2986473633441705e-05,50.0,40,11.24844861436998,40.0,5.51693522189411,674.2707669721435,1,0,0,0,1,['ㅋㅋㅋㅋ']
2025-09-06T16:39:38.141204,1:04:14,64.23333333333333,12.135985311688914,5,688,3.0989018925048284,0.00025720094266815585,50.512667689351574,40,12.135985311688914,40.0,5.4102416997047,674.6836902749292,3,0,0,0,3,"['ㅋㅋㅋㅋ', 'ㄹㅇㅋㅋ', 'ㅋㅋㅋ']"
2025-09-06T16:39:43.147607,1:04:19,64.31666666666666,12.164483281239018,5,688,3.1803054785894997,0.00027398699384058957,50.512667689351574,40,12.164483281239018,40.0,5.33421752973423,675.2103212474362,3,0,0,0,3,"['ㅋㅋㅋㅋ', 'ㄹㅇㅋㅋ', 'ㅋㅋㅋ']"
2025-09-06T16:39:48.228093,1:04:24,64.4,13.463089332231164,7,688,6.769920966017026,0.00028551570490795397,50.93502787843241,40,13.463089332231164,40.0,5.285795776760807,675.8392891226927,3,0,0,0,3,"['ㅋㅋㅋㅋ', 'ㄹㅇㅋㅋ', 'ㅋㅋㅋ']"
2025-09-06T16:39:53.440428,1:04:29,64.48333333333333,13.478757778217153,7,688,6.81468411608673,0.0002888743588910072,50.93502787843241,40,13.478757778217153,40.0,5.272216199084726,676.5603602104234,3,0,0,0,3,"['ㅋㅋㅋㅋ', 'ㄹㅇㅋㅋ', 'ㅋㅋㅋ']"
2025-09-06T16:39:58.447113,1:04:34,64.56666666666666,13.45828098516257,7,688,6.756184005378472,0.00028448859216216734,50.93502787843241,40,13.45828098516257,40.0,5.289994579176254,677.2543241893811,3,0,0,0,3,"['ㅋㅋㅋㅋ', 'ㄹㅇㅋㅋ', 'ㅋㅋㅋ']"
2025-09-06T16:40:03.522390,1:04:39,64.65,10.856136887558154,5,688,3.1783514904381915,7.774586136624146e-06,37.43710756070333,40,10.856136887558154,40.0,5.3359951212586285,677.923891770443,0,0,1,0,1,"['낙원 기대컨만 조지게 하는데', '니가 그정도라며', '락원도 락이다']"
2025-09-06T16:40:08.629172,1:04:44,64.73333333333333,10.690413890471449,3,688,1.4954976598141685,7.692152063200883e-06,41.669866326756654,40,10.690413890471449,40.0,5.397395609132766,678.5715025933987,0,0,1,0,1,"['락원도 락이다', '맨날 디코에서 같은 내용만 말함', '헉']"
2025-09-06T16:40:13.633828,1:04:49,64.81666666666666,10.617143681226,3,700,1.4788676843261392,7.620272942885979e-06,40.99536943602675,40,10.617143681226,40.0,5.452656048219489,679.1993523340589,0,0,1,0,1,"['맨날 디코에서 같은 내용만 말함', '헉', '메카브레이크도 십몇일날 새시즌이라는데']"
2025-09-06T16:40:18.724547,1:04:55,64.91666666666667,11.42548635789341,2,700,1.0237376519062198,7.5887837779853975e-06,50.67175144212722,40,11.42548635789341,40.0,5.477390443397541,679.869417100653,0,0,1,0,1,"['헉', '메카브레이크도 십몇일날 새시즌이라는데']"
2025-09-06T16:40:23.740076,1:05:00,65.0,11.426333184065086,2,700,1.026157129492434,7.611325026980328e-06,50.67175144212722,40,11.426333184065086,40.0,5.459651399057787,680.5774753905878,0,0,1,0,1,"['헉', '메카브레이크도 십몇일날 새시즌이라는데']"
2025-09-06T16:40:28.743077,1:05:05,65.08333333333333,9.92905467470023,2,700,1.0339327341230495,7.683861102839515e-06,50.67175144212722,30,9.92905467470023,40.0,5.403686259152009,681.319727851529,0,0,1,0,1,"['헉', '메카브레이크도 십몇일날 새시즌이라는데']"
2025-09-06T16:40:33.821252,1:05:10,65.16666666666667,9.891445766598542,2,700,1.047702316739006,3.0459959025520697e-06,50.24748737341529,30,9.891445766598542,40.0,5.3083176332368085,682.0927550663761,0,0,0,0,0,"['메카브레이크도 십몇일날 새시즌이라는데', '다른 겜들이 좀 하드하면']"
2025-09-06T16:40:38.825816,1:05:15,65.25,9.356316628885617,3,700,1.5707275963402934,3.0459959025520697e-06,43.065607517681535,30,9.356316628885617,40.0,5.167485869913127,682.8934795597385,0,0,0,0,0,"['메카브레이크도 십몇일날 새시즌이라는데', '다른 겜들이 좀 하드하면', '낙원은 소프트함']"
2025-09-06T16:40:43.923193,1:05:20,65.33333333333333,6.4007623208435565,2,700,1.0945240940443766,3.0459959025520697e-06,30.17677669529664,20,6.4007623208435565,40.0,5.015737282921815,683.7191316037646,0,0,0,0,0,"['다른 겜들이 좀 하드하면', '낙원은 소프트함']"
2025-09-06T16:40:48.927421,1:05:25,65.41666666666667,6.4106780081510495,2,700,1.1228546292086408,3.0459959025520697e-06,30.17677669529664,20,6.4106780081510495,40.0,4.8591635546296335,684.5672184433881,0,0,0,0,0,"['다른 겜들이 좀 하드하면', '낙원은 소프트함']"
2025-09-06T16:40:53.930141,1:05:30,65.5,6.421125187983771,2,700,1.1527037144449879,3.0459959025520697e-06,30.17677669529664,20,6.421125187983771,40.0,4.70824719916667,685.3904965990494,0,0,0,0,0,"['다른 겜들이 좀 하드하면', '낙원은 소프트함']"
2025-09-06T16:40:58.935885,1:05:35,65.58333333333333,6.432164772234369,2,700,1.18424538373241,3.0459959025520697e-06,30.17677669529664,20,6.432164772234369,40.0,4.562422479250003,686.1914469391445,0,0,0,0,0,"['다른 겜들이 좀 하드하면', '낙원은 소프트함']"
2025-09-06T16:41:04.028733,1:05:40,65.66666666666667,9.03428077228359,3,700,1.9046893582967221,1.8564578085819133e-05,53.676320710485044,20,9.03428077228359,40.0,4.426180231325003,686.97230224523,1,0,0,0,1,"['낙원은 소프트함', '빅하', '럭키 헤드 맞았냐ㅋㅋㅋ']"
2025-09-06T16:41:09.120170,1:05:45,65.75,8.471219320815134,2,700,1.2453034203266722,1.9461603675475055e-05,50.35355339059328,20,8.471219320815134,40.0,4.3135622081925025,687.7350720207071,1,0,0,0,1,"['빅하', '럭키 헤드 맞았냐ㅋㅋㅋ']"
2025-09-06T16:41:14.133827,1:05:50,65.83333333333333,8.480493517429192,2,700,1.2718001621883677,2.0304009836075585e-05,50.35355339059328,20,8.480493517429192,40.0,4.217205987373252,688.4815648186363,1,0,0,0,1,"['빅하', '럭키 헤드 맞았냐ㅋㅋㅋ']"
2025-09-06T16:41:19.137045,1:05:55,65.91666666666667,8.48886103941257,2,700,1.2957064814967558,2.107957344227244e-05,50.35355339059328,20,8.48886103941257,40.0,4.135485388635927,689.2134083367728,1,0,0,0,1,"['빅하', '럭키 헤드 맞았냐ㅋㅋㅋ']"
2025-09-06T16:41:24.218502,1:06:00,66.0,7.579803853370645,3,700,2.159900059491306,2.1990962625797082e-05,53.23830036163638,10,7.579803853370645,40.0,4.046936849772335,689.9320675030955,1,0,0,0,1,"['빅하', '럭키 헤드 맞았냐ㅋㅋㅋ', 'ㅇㅇ']"
2025-09-06T16:41:29.227273,1:06:05,66.08333333333333,7.605351098474744,3,700,2.232891036672866,2.2998689005963956e-05,53.23830036163638,10,7.605351098474744,40.0,3.957243164795101,690.638860752786,1,0,0,0,1,"['빅하', '럭키 헤드 맞았냐ㅋㅋㅋ', 'ㅇㅇ']"
2025-09-06T16:41:34.230385,1:06:10,66.16666666666667,6.790238289537542,1,700,0.8292487746833731,3.0459959025520697e-06,50.0,10,6.790238289537542,40.0,3.856518848315591,691.3349746775074,0,0,0,0,0,['ㅇㅇ']
2025-09-06T16:41:39.235948,1:06:15,66.25,6.795119609325862,1,700,0.8431954026500047,3.0459959025520697e-06,50.0,10,6.795119609325862,40.0,3.7358669634840322,692.0214772097567,0,0,0,0,0,['ㅇㅇ']
2025-09-06T16:41:44.239858,1:06:20,66.33333333333333,6.80124304853036,1,700,0.8606909432342811,3.0459959025520697e-06,50.0,10,6.80124304853036,40.0,3.5972802671356288,692.699329488781,0,0,0,0,0,['ㅇㅇ']
2025-09-06T16:41:49.318274,1:06:25,66.41666666666667,7.12968783696306,2,700,1.566769539223562,3.0459959025520697e-06,50.813172798364526,10,7.12968783696306,40.0,3.4525522404220657,693.3693965399029,0,0,0,0,0,"['ㅇㅇ', '컨셉이 낙원역 근처니까 좀 볼륨이 적긴하겠ㄲ따']"
2025-09-06T16:41:54.321973,1:06:30,66.5,7.60592951194303,3,700,2.9802448943801725,2.5127918464040552e-05,50.62833747742584,10,7.60592951194303,40.0,3.317297016379859,694.0324568859127,0,1,0,0,1,"['컨셉이 낙원역 근처니까 좀 볼륨이 적긴하겠ㄲ따', '정출은 좀 수정해서 나오지 않을까?', 'ㅇㅇ']"
2025-09-06T16:41:59.422002,1:06:35,66.58333333333333,7.679145529487856,3,700,3.189431112224687,2.7231166581231008e-05,50.62833747742584,10,7.679145529487856,40.0,3.1955673147418735,694.6292111973214,0,1,0,0,1,"['컨셉이 낙원역 근처니까 좀 볼륨이 적긴하겠ㄲ따', '정출은 좀 수정해서 나오지 않을까?', 'ㅇㅇ']"
2025-09-06T16:42:04.428648,1:06:40,66.66666666666667,7.751102032542468,3,694,3.3950187273660837,2.932555438831966e-05,50.62833747742584,10,7.751102032542468,40.0,3.091010583267686,695.1662900775893,0,1,0,0,1,"['컨셉이 낙원역 근처니까 좀 볼륨이 적긴하겠ㄲ따', '정출은 좀 수정해서 나오지 않을까?', 'ㅇㅇ']"
2025-09-06T16:42:09.431760,1:06:45,66.75,7.820309011957066,3,694,3.5927506240349407,3.1364505633194406e-05,50.62833747742584,10,7.820309011957066,40.0,3.001909524940918,695.6196610698305,0,1,0,0,1,"['컨셉이 낙원역 근처니까 좀 볼륨이 적긴하겠ㄲ따', '정출은 좀 수정해서 나오지 않을까?', 'ㅇㅇ']"
2025-09-06T16:42:14.435332,1:06:50,66.83333333333333,7.885315001809003,3,694,3.778479810572269,3.33009153139341e-05,50.62833747742584,10,7.885315001809003,40.0,2.926718572446826,695.9976949628474,0,1,0,0,1,"['컨셉이 낙원역 근처니까 좀 볼륨이 적긴하겠ㄲ따', '정출은 좀 수정해서 나오지 않을까?', 'ㅇㅇ']"
2025-09-06T16:42:19.522118,1:06:55,66.91666666666667,7.254420555013328,2,694,1.9837212643755997,3.5090202527174e-05,50.601040764008566,10,7.254420555013328,40.0,2.8640467152021434,696.3079254665627,0,1,0,0,1,"['정출은 좀 수정해서 나오지 않을까?', 'ㅇㅇ']"
2025-09-06T16:42:44.937300,1:07:21,67.35,6.852418394389427,1,694,1.006906217117332,3.0459959025520697e-06,50.0,10,6.852418394389427,40.0,2.8026420436819293,696.5571329199064,0,0,0,0,0,['사시미요?']
2025-09-06T16:42:50.421249,1:07:26,67.43333333333334,7.248824058854228,2,694,2.1091892535373398,3.0459959025520697e-06,50.10606601717798,10,7.248824058854228,40.0,2.7423778393137366,696.7514196279158,0,0,0,0,0,"['사시미요?', '블럇']"
2025-09-06T16:42:55.425194,1:07:31,67.51666666666667,8.77063284061361,2,694,2.171500058564145,3.0459959025520697e-06,50.10606601717798,20,8.77063284061361,40.0,2.6881400553823633,696.8962776651242,0,0,0,0,0,"['사시미요?', '블럇']"
2025-09-06T16:43:00.437801,1:07:36,67.6,11.00235809950954,4,694,9.76994625557514,3.0459959025520697e-06,45.82875691659879,20,11.00235809950954,40.0,2.639326049844127,696.9966498986117,0,0,0,0,0,"['사시미요?', '블럇', '육사시미로 들렸어']"
2025-09-06T16:43:05.441472,1:07:41,67.68333333333334,11.133064610457318,4,694,10.14339342971165,3.0459959025520697e-06,45.82875691659879,20,11.133064610457318,40.0,2.6053934448597142,697.0569849087506,0,0,0,0,0,"['사시미요?', '블럇', '육사시미로 들렸어']"
2025-09-06T16:43:10.446889,1:07:46,67.76666666666667,12.73691697309763,4,711,10.44011446582683,3.0459959025520697e-06,45.82875691659879,30,12.73691697309763,40.0,2.5798541003737427,697.0812864178755,0,0,0,0,0,"['사시미요?', '블럇', '육사시미로 들렸어']"
2025-09-06T16:43:15.626571,1:07:51,67.85,11.347955406675446,3,711,5.005072503670758,3.0459959025520697e-06,50.96178811992319,30,11.347955406675446,40.0,2.5668686903363684,697.1581577760879,0,0,0,0,0,"['블럇', '육사시미로 들렸어', 'ㄹㅇ']"
2025-09-06T16:43:20.717917,1:07:56,67.93333333333334,10.34276829827909,2,711,2.3371952643977147,3.0459959025520697e-06,50.24748737341529,30,10.34276829827909,40.0,2.5601818213027316,697.2823419984792,0,0,0,0,0,"['육사시미로 들렸어', 'ㄹㅇ']"
2025-09-06T16:43:26.531373,1:08:02,68.03333333333333,8.338678798413556,2,711,2.3457140299586574,3.0459959025520697e-06,30.17677669529664,30,8.338678798413556,40.0,2.5541636391724585,697.4491077986313,0,0,0,0,0,"['ㄹㅇ', '기대를 하니깐']"
2025-09-06T16:43:31.535808,1:08:07,68.11666666666666,8.333291749822072,2,711,2.3606270388909874,3.0459959025520697e-06,30.070710678118655,30,8.333291749822072,40.0,2.5437472752552126,697.6541970187683,0,0,0,0,0,"['기대를 하니깐', '실망을 하는거다-']"
2025-09-06T16:43:36.726760,1:08:13,68.21666666666667,8.340620125712352,2,711,2.381565255720357,3.0459959025520697e-06,30.070710678118655,30,8.340620125712352,40.0,2.5293725477296913,697.8937773168915,0,0,0,0,0,"['기대를 하니깐', '실망을 하는거다-']"
2025-09-06T16:43:41.819007,1:08:18,68.3,13.08141150311339,4,711,11.174341601487162,2.212759253021547e-05,46.70383091555872,30,13.08141150311339,40.0,2.5214352929567223,698.1643995852023,0,0,1,0,1,"['기대를 하니깐', '실망을 하는거다-', '아크레이더스는 진짜 기대된다']"
2025-09-06T16:43:46.830597,1:08:23,68.38333333333334,25.161813565440273,6,711,44.346835720156776,0.0005198831379474715,51.40213110130223,30,25.161813565440273,40.0,2.5292917636610506,698.4629596266822,1,0,1,0,2,"['기대를 하니깐', '실망을 하는거다-', '아크레이더스는 진짜 기대된다']"
2025-09-06T16:43:51.833468,1:08:28,68.46666666666667,17.321184807092543,5,711,21.90059513482532,0.00048747989024612413,51.5578151794758,30,17.321184807092543,40.0,2.561362587294946,698.7866636640139,1,0,1,0,2,"['실망을 하는거다-', '아크레이더스는 진짜 기대된다', '{:bigheadBig:}{:bigheadHa:}안녕하세요']"
2025-09-06T16:43:56.943362,1:08:33,68.55,13.147337384218547,4,711,10.145290168085614,0.00044755311231004516,50.96306804143657,30,13.147337384218547,40.0,2.6052263285654513,699.1329972976125,1,0,1,0,2,"['아크레이더스는 진짜 기대된다', '{:bigheadBig:}{:bigheadHa:}안녕하세요', '근접을 주로 사용해야만하는것도 좀 그럼']"
2025-09-06T16:44:02.024400,1:08:38,68.63333333333334,12.977548052923614,4,711,9.660218890310983,0.00041159292778155895,50.96306804143657,30,12.977548052923614,40.0,2.6497036957089066,699.4996975678513,1,0,1,0,2,"['아크레이더스는 진짜 기대된다', '{:bigheadBig:}{:bigheadHa:}안녕하세요', '근접을 주로 사용해야만하는것도 좀 그럼']"
2025-09-06T16:44:07.027758,1:08:43,68.71666666666667,16.15624163643278,5,720,18.406652942331846,0.00037919518516818014,52.1376142854257,30,16.15624163643278,40.0,2.694733326138016,699.8847278110662,1,0,1,0,2,"['아크레이더스는 진짜 기대된다', '{:bigheadBig:}{:bigheadHa:}안녕하세요', '근접을 주로 사용해야만하는것도 좀 그럼']"
2025-09-06T16:44:12.118562,1:08:48,68.8,11.28147845124272,3,720,4.314975683308912,5.614521347539628e-05,52.71214503999209,30,11.28147845124272,40.0,2.745259993524215,700.3612550299597,1,0,0,0,1,"['근접을 주로 사용해야만하는것도 좀 그럼', 'ㅋㅋㅋㅋ', '아크레이더스 기대컨중']"
2025-09-06T16:44:17.128272,1:08:53,68.88333333333334,10.25180321644717,2,720,2.057091979701184,3.0459959025520697e-06,50.31819805153395,30,10.25180321644717,40.0,2.7907339941717932,700.9201295269638,0,0,0,0,0,"['아크레이더스 기대컨중', '컨셉이 좋은데 컨셉때문에 한계가 생김']"
2025-09-06T16:44:22.239163,1:08:58,68.96666666666667,10.994952537956554,3,720,4.0571036831793865,3.0459959025520697e-06,50.749650304454065,30,10.994952537956554,40.0,2.826660594754614,701.5531165742675,0,0,0,0,0,"['아크레이더스 기대컨중', '컨셉이 좋은데 컨셉때문에 한계가 생김', '커도 금방 질릴거 같은데']"
2025-09-06T16:44:27.251214,1:09:03,69.05,12.35535439895771,4,720,7.782884009436576,3.5091765115802834e-05,51.31330958948861,30,12.35535439895771,40.0,2.8639945352791525,702.2528049168408,0,1,0,0,1,"['아크레이더스 기대컨중', '컨셉이 좋은데 컨셉때문에 한계가 생김', '커도 금방 질릴거 같은데']"
2025-09-06T16:44:32.329588,1:09:08,69.13333333333334,12.235917103338567,4,720,7.441636196103181,3.3689383980139957e-05,51.31330958948861,30,12.235917103338567,40.0,2.9125950817512374,703.0125244251567,0,1,0,0,1,"['아크레이더스 기대컨중', '컨셉이 좋은데 컨셉때문에 한계가 생김', '커도 금방 질릴거 같은데']"
2025-09-06T16:44:37.338278,1:09:13,69.21666666666667,12.113356217972651,4,720,7.093205438237134,3.22539878766551e-05,51.30721412994503,30,12.113356217972651,40.0,2.966335573576114,703.8262719826411,0,1,0,0,1,"['컨셉이 좋은데 컨셉때문에 한계가 생김', '커도 금방 질릴거 같은데', '탈콥 이런것도 꽤 오랜시간 걸려서 컨텐츠 그나마 생긴거니']"
2025-09-06T16:44:42.421601,1:09:18,69.3,11.991706640016956,4,720,6.74563685641034,3.0818197080493007e-05,51.30721412994503,30,11.991706640016956,40.0,3.0247020162185025,704.688644784377,0,1,0,0,1,"['컨셉이 좋은데 컨셉때문에 한계가 생김', '커도 금방 질릴거 같은데', '탈콥 이런것도 꽤 오랜시간 걸려서 컨텐츠 그나마 생긴거니']"
2025-09-06T16:44:47.434411,1:09:23,69.38333333333334,10.872924875753135,3,720,3.424148160123139,2.9624434965392863e-05,51.744611699360505,30,10.872924875753135,40.0,3.077231814596652,705.5947803059393,0,1,0,0,1,"['커도 금방 질릴거 같은데', '탈콥 이런것도 꽤 오랜시간 걸려서 컨텐츠 그나마 생긴거니', '개발사 역량아닐까']"
2025-09-06T16:44:52.518394,1:09:28,69.46666666666667,10.197724209445743,2,720,1.7712313527989354,2.8725088988864194e-05,50.777817459305204,30,10.197724209445743,40.0,3.119508633136987,706.5403022753453,0,1,0,0,1,"['탈콥 이런것도 꽤 오랜시간 걸려서 컨텐츠 그나마 생긴거니', '개발사 역량아닐까']"
2025-09-06T16:44:58.247847,1:09:34,69.56666666666666,11.62710683174603,2,720,1.7512834904996093,3.868611858534573e-05,50.14142135623731,40,11.62710683174603,40.0,3.147557769823288,707.4362720478108,1,0,0,0,1,"['개발사 역량아닐까', 'ㅋㅋㅋㅋㅋㅋㅋㅋㅋㅋㅋㅋㅋ']"
2025-09-06T16:45:03.321508,1:09:39,69.65,11.62219181836599,2,720,1.7372413074627553,3.806282573400978e-05,50.14142135623731,40,11.62219181836599,40.0,3.1678019928409595,708.2876448430297,1,0,0,0,1,"['개발사 역량아닐까', 'ㅋㅋㅋㅋㅋㅋㅋㅋㅋㅋㅋㅋㅋ']"
2025-09-06T16:45:08.338508,1:09:44,69.73333333333333,9.823566970717579,1,720,0.9244341825376532,3.751707350011983e-05,50.0,30,9.823566970717579,40.0,3.1860217935568635,709.0988803587268,1,0,0,0,1,['ㅋㅋㅋㅋㅋㅋㅋㅋㅋㅋㅋㅋㅋ']
2025-09-06T16:45:13.518839,1:09:49,69.81666666666666,10.217712267107414,2,710,1.7172136431613139,3.718276293380983e-05,51.1667261889578,30,10.217712267107414,40.0,3.1974196142011775,709.8739923228541,1,0,0,0,1,"['ㅋㅋㅋㅋㅋㅋㅋㅋㅋㅋㅋㅋㅋ', '이미 알파 테스트 때 빠루랑 리볼버 모아다가 사람 죽이는거 말고 할거 없던 게임이라']"
2025-09-06T16:45:18.522147,1:09:54,69.9,10.215332965843004,2,710,1.7104159782065846,3.6886437298585464e-05,51.1667261889578,30,10.215332965843004,40.0,3.2076776527810598,710.5665930905686,1,0,0,0,1,"['ㅋㅋㅋㅋㅋㅋㅋㅋㅋㅋㅋㅋㅋ', '이미 알파 테스트 때 빠루랑 리볼버 모아다가 사람 죽이는거 말고 할거 없던 게임이라']"
2025-09-06T16:45:23.525784,1:09:59,69.98333333333333,10.735781785651099,3,710,3.1505690029356748,0.0004403381308139763,51.329064993712876,30,10.735781785651099,40.0,3.216909887502954,711.1849337815117,2,0,0,0,2,"['ㅋㅋㅋㅋㅋㅋㅋㅋㅋㅋㅋㅋㅋ', '이미 알파 테스트 때 빠루랑 리볼버 모아다가 사람 죽이는거 말고 할거 없던 게임이라', '도전의 영역이 없다보니 그냥 온라인 더롱다크 ㅋㅋ']"
2025-09-06T16:45:28.730820,1:10:04,70.06666666666666,10.761023483339565,3,710,3.1446313425237715,0.00017257289098950165,51.60333484299849,30,10.761023483339565,40.0,3.220218898752659,711.7364404033606,1,0,1,0,2,"['이미 알파 테스트 때 빠루랑 리볼버 모아다가 사람 죽이는거 말고 할거 없던 게임이라', '도전의 영역이 없다보니 그냥 온라인 더롱다크 ㅋㅋ', '낙원 컨텐츠 확장 진짜 많이하고 내야함']"
2025-09-06T16:45:33.829251,1:10:10,70.16666666666667,10.768613836532067,3,710,3.1663150596963154,0.0001752033462689301,51.60333484299849,30,10.768613836532067,40.0,3.2081970088773932,712.2277963630245,1,0,1,0,2,"['이미 알파 테스트 때 빠루랑 리볼버 모아다가 사람 죽이는거 말고 할거 없던 게임이라', '도전의 영역이 없다보니 그냥 온라인 더롱다크 ㅋㅋ', '낙원 컨텐츠 확장 진짜 많이하고 내야함']"
2025-09-06T16:45:38.918661,1:10:15,70.25,10.124663087176387,2,710,1.7239369220442682,0.00017990256323862727,50.21213203435597,30,10.124663087176387,40.0,3.187377307989654,712.665016726722,1,0,1,0,2,"['도전의 영역이 없다보니 그냥 온라인 더롱다크 ㅋㅋ', '낙원 컨텐츠 확장 진짜 많이하고 내야함']"
2025-09-06T16:45:44.024287,1:10:20,70.33333333333333,10.131534076997745,2,710,1.7435605487984098,0.00018670370676472357,50.21213203435597,30,10.131534076997745,40.0,3.1586395771906886,713.0535150540497,1,0,1,0,2,"['도전의 영역이 없다보니 그냥 온라인 더롱다크 ㅋㅋ', '낙원 컨텐츠 확장 진짜 많이하고 내야함']"
2025-09-06T16:45:49.038584,1:10:25,70.41666666666667,10.928364433820585,3,710,3.329746317007276,0.0018415768970610358,52.62216592109214,30,10.928364433820585,40.0,3.1227756194716196,713.3981635486448,1,1,1,0,3,"['도전의 영역이 없다보니 그냥 온라인 더롱다크 ㅋㅋ', '낙원 컨텐츠 확장 진짜 많이하고 내야함', '다음 롱헤드는 언제쯤 올라오나요']"
2025-09-06T16:45:54.128652,1:10:30,70.5,10.144190368636163,2,710,1.7999666085940786,0.00014980001126021445,50.14142135623731,30,10.144190368636163,40.0,3.0804980575244576,713.6583471937804,0,1,1,0,2,"['낙원 컨텐츠 확장 진짜 많이하고 내야함', '다음 롱헤드는 언제쯤 올라오나요']"
2025-09-06T16:45:59.235078,1:10:35,70.58333333333333,9.833604962309318,1,710,0.953122154765704,3.052035330454104e-05,50.0,30,9.833604962309318,40.0,3.037448251772012,713.8425124744024,0,1,0,0,1,['다음 롱헤드는 언제쯤 올라오나요']
2025-09-06T16:46:04.434575,1:10:40,70.66666666666667,10.19990595293795,2,710,1.8683753883158003,3.156562573489288e-05,50.45961940777126,30,10.19990595293795,40.0,2.993703426594811,713.9582612269621,0,1,0,0,1,"['다음 롱헤드는 언제쯤 올라오나요', '2인큐?']"
2025-09-06T16:46:09.438145,1:10:45,70.75,10.213057623924637,2,710,1.9059502995425248,3.269576906859462e-05,50.45961940777126,30,10.213057623924637,40.0,2.94933308393533,714.0124351042659,0,1,0,0,1,"['다음 롱헤드는 언제쯤 올라오나요', '2인큐?']"
2025-09-06T16:46:14.446868,1:10:50,70.83333333333333,11.811481185507235,4,710,7.531717796759868,0.0005377048510516004,46.75164874700861,30,11.811481185507235,40.0,2.8993997755417973,714.0111915938394,1,1,0,0,2,"['다음 롱헤드는 언제쯤 올라오나요', '2인큐?', '다음 롱헤드는 편집이 끝나야 올라갑니다~']"
2025-09-06T16:46:19.520062,1:10:55,70.91666666666667,11.889235815540134,4,710,7.8529769826376645,0.000828061579637883,46.40362646985097,30,11.889235815540134,40.0,2.8544597979876176,713.9600724344555,2,0,0,0,2,"['2인큐?', '다음 롱헤드는 편집이 끝나야 올라갑니다~', 'ㅋㅋㅋㅋㅋㅋㅋㅋ']"
2025-09-06T16:46:24.523997,1:11:00,71.0,84.21897584166761,13,710,100.0,100.0,47.1897584166761,30,84.21897584166761,40.0,2.814013818188856,713.8640651910099,8,0,0,0,8,"['반응이 ㅋㅋ', 'ㅋㅋ', 'ㅋㅋㅋㅋ']"
2025-09-06T16:46:29.539497,1:11:05,71.08333333333333,84.09374636729981,16,710,100.0,100.0,45.937463672998184,30,84.09374636729981,40.0,2.8226124363699703,713.7276586719089,10,0,0,0,10,"['어디봄', 'ㅋㅋㅋ', 'ㅋㅋㅋㅋㅋㅋㅋㅋㅋㅋ']"
2025-09-06T16:46:34.619233,1:11:10,71.16666666666667,84.36280596590382,15,710,100.0,100.0,48.628059659038186,30,84.36280596590382,40.0,2.8953511927329734,713.5548928047181,10,0,0,0,10,"['어디봄', 'ㅋㅋㅋ', 'ㅋㅋㅋㅋㅋㅋㅋㅋㅋㅋ']"
2025-09-06T16:46:39.623097,1:11:15,71.25,84.47672521011933,16,710,100.0,100.0,49.76725210119322,30,84.47672521011933,40.0,3.025816073459676,713.3494035242462,10,0,0,0,10,"['ㅋㅋㅋ', 'ㅋㅋㅋㅋㅋㅋㅋㅋㅋㅋ', 'ㅋㅋㅋㅋㅋㅋㅋㅋㅋㅋㅋㅋ']"
2025-09-06T16:46:44.643811,1:11:20,71.33333333333333,84.39706263277895,15,710,100.0,100.0,48.970626327789546,30,84.39706263277895,40.0,3.2132344661137084,713.1144631718216,10,0,0,0,10,"['ㅋㅋㅋㅋㅋㅋㅋㅋㅋㅋ', 'ㅋㅋㅋㅋㅋㅋㅋㅋㅋㅋㅋㅋ', '레포데마냥 길 자꾸 이으면 늘어날수 있겠다']"
2025-09-06T16:46:49.719154,1:11:25,71.41666666666667,84.46838789806147,16,710,100.0,100.0,49.68387898061462,30,84.46838789806147,40.0,3.446911019502338,712.8530168546395,8,0,1,0,9,"['ㅋㅋ', 'ㅋㅋㅋㅋㅋㅋㅋㅋㅋㅋㅋㅋ', 'ㅋㅋㅋㅋㅋㅋㅋㅋㅋ']"
2025-09-06T16:46:54.724211,1:11:31,71.51666666666667,33.75085897592048,10,710,68.99240053313913,0.007215352586777196,51.00632648287078,30,33.75085897592048,40.0,3.7322199175521042,712.5677151691756,3,0,1,0,4,"['ㅋㅋㅋㅋㅋㅋㅋㅋㅋ', '야하다 야해', '늅늅이구나']"
2025-09-06T16:46:59.727940,1:11:36,71.6,23.48594443691115,9,710,35.52891606458595,0.0005589384054340198,50.506002389438954,40,23.48594443691115,40.0,4.028997925796894,712.3109436522581,2,0,1,0,3,"['늅늅이구나', 'ㅋㅋㅋㅋ', '안들리는 헬멧 ㅋㅋ']"
2025-09-06T16:47:04.734419,1:11:41,71.68333333333334,30.918955954800218,11,724,56.972964789817446,0.006205006060626144,49.75936275939861,40,30.918955954800218,40.0,4.331098133217205,712.0798492870323,2,1,2,0,5,"['ㅋㅋㅋㅋ', '안들리는 헬멧 ㅋㅋ', '으악 4랩']"
2025-09-06T16:47:09.737418,1:11:46,71.76666666666667,21.95299002530462,10,724,31.09132359669798,0.003719337439415566,50.6953903148456,40,21.95299002530462,40.0,4.642988319895485,711.9418643583291,2,1,2,0,5,"['ㅋㅋㅋㅋ', '안들리는 헬멧 ㅋㅋ', '으악 4랩']"
2025-09-06T16:47:14.749299,1:11:51,71.85,17.05725935817307,9,724,17.09769279735435,0.0004712931196994615,50.72878361851166,40,17.05725935817307,40.0,4.958689487905937,711.8876779224962,1,1,2,0,4,"['안들리는 헬멧 ㅋㅋ', '으악 4랩', '헉 4']"
2025-09-06T16:47:19.818769,1:11:56,71.93333333333334,12.226601688288437,5,724,3.24935125402108,2.9655558828306973e-05,50.893168871575256,40,12.226601688288437,40.0,5.272820539115344,711.9089101302467,0,1,1,0,2,"['이 겜에 지금도 늅늅이가 있네', '4…', '머리만 튼튼했네']"
2025-09-06T16:47:24.825176,1:12:01,72.01666666666667,11.902244590872117,4,724,2.062825306190307,2.6259244500655244e-05,51.802452300077086,40,11.902244590872117,40.0,5.57053848520381,711.998019117222,0,1,1,0,2,"['머리만 튼튼했네', '스캐브 눕기도하네ㄷㄷ', '진짜 시작한지 얼마 안된 뉴비네']"
2025-09-06T16:47:29.828839,1:12:06,72.1,11.720721882067895,3,724,1.3734600649075621,2.3703941724494914e-05,52.400013777735595,40,11.720721882067895,40.0,5.848484636683429,712.1482172054999,0,1,1,0,2,"['스캐브 눕기도하네ㄷㄷ', '진짜 시작한지 얼마 안된 뉴비네', '나쁘지는 않은거 끼고 왔네']"
2025-09-06T16:47:34.831709,1:12:11,72.18333333333334,11.240029755935762,1,724,0.6857958215354292,3.0459959025520697e-06,50.0,40,11.240029755935762,40.0,6.098636173015086,712.3533954849499,0,0,0,0,0,['나쁘지는 않은거 끼고 왔네']
2025-09-06T16:47:40.030306,1:12:16,72.26666666666667,11.339404194458606,2,724,0.9293166869614677,3.0459959025520697e-06,50.14142135623731,40,11.339404194458606,40.0,6.318772555713577,712.608055936455,0,0,0,0,0,"['나쁘지는 않은거 끼고 왔네', '이번 시즌에 시작하는 뉴비가 있네']"
2025-09-06T16:47:45.118680,1:12:21,72.35,11.785796138226972,4,724,1.67621498502278,4.1391366490470656e-06,51.991192378143396,40,11.785796138226972,40.0,6.52189530014222,712.9072503428094,0,0,0,1,1,"['나쁘지는 않은거 끼고 왔네', '이번 시즌에 시작하는 뉴비가 있네', '뉴비의 전재산을 써서 맞춘 장비를ㅠㅠ']"
2025-09-06T16:47:50.125039,1:12:26,72.43333333333334,11.924716833852688,5,724,2.1741883782082225,4.102848999193254e-06,51.637492603402094,40,11.924716833852688,40.0,6.714705770127998,713.2465253085285,0,0,0,1,1,"['나쁘지는 않은거 끼고 왔네', '이번 시즌에 시작하는 뉴비가 있네', '뉴비의 전재산을 써서 맞춘 장비를ㅠㅠ']"
2025-09-06T16:47:55.130251,1:12:31,72.51666666666667,11.794222330331866,5,724,2.0884380358012065,4.069609856014392e-06,50.632673899575025,40,11.794222330331866,40.0,6.903235193115199,713.6218727776757,0,0,0,1,1,"['이번 시즌에 시작하는 뉴비가 있네', '뉴비의 전재산을 써서 맞춘 장비를ㅠㅠ', '시계나 언노운키 퀘했을라나']"
2025-09-06T16:48:00.226331,1:12:36,72.6,12.003160996427123,6,724,2.6652999642976267,4.040615884482734e-06,50.703043926766,40,12.003160996427123,40.0,7.07791167380368,714.029685499908,0,0,0,1,1,"['이번 시즌에 시작하는 뉴비가 있네', '뉴비의 전재산을 써서 맞춘 장비를ㅠㅠ', '시계나 언노운키 퀘했을라나']"
2025-09-06T16:48:06.435806,1:12:42,72.7,10.467823912375364,6,724,2.564336897023563,4.014351290606077e-06,50.703043926766,30,10.467823912375364,40.0,7.245120506423312,714.4667169499173,0,0,0,1,1,"['이번 시즌에 시작하는 뉴비가 있네', '뉴비의 전재산을 써서 맞춘 장비를ㅠㅠ', '시계나 언노운키 퀘했을라나']"
2025-09-06T16:48:12.920814,1:12:49,72.81666666666666,11.44951761389892,3,724,1.1139165386137584,3.0459959025520697e-06,50.59645606985743,40,11.44951761389892,40.0,7.360608455780981,714.9300452549256,0,0,0,0,0,"['하필 4렙이 철봉봉이를 만나서 .', '포스트 만져놔서 화면 밝은건가유', '좋은 셋업제물']"
2025-09-06T16:48:17.925343,1:12:54,72.9,11.447858053031755,3,715,1.1091749361361483,3.0459959025520697e-06,50.59645606985743,40,11.447858053031755,40.0,7.399547610202883,715.4170407294331,0,0,0,0,0,"['하필 4렙이 철봉봉이를 만나서 .', '포스트 만져놔서 화면 밝은건가유', '좋은 셋업제물']"
2025-09-06T16:48:23.328871,1:12:59,72.98333333333333,11.29719922999459,2,715,0.8491371759892217,3.0459959025520697e-06,50.0,40,11.29719922999459,40.0,7.374592849182594,715.8803366564898,0,0,0,0,0,"['좋은 셋업제물', '폭염이라 그럼']"
2025-09-06T16:48:28.440731,1:13:04,73.06666666666666,10.494770647481714,3,715,1.1236894558871846,9.137684486605492e-06,41.01475682847404,40,10.494770647481714,40.0,7.282133564264335,716.3223029908409,1,0,0,0,1,"['폭염이라 그럼', 'ㅋㅋㅋㅋㅋㅋㅋㅋㅋㅋㅋ', '해가 밝으면']"
2025-09-06T16:48:33.527047,1:13:09,73.15,9.601680464047458,4,715,1.508871556677737,9.3413009415826e-06,30.73571682689874,40,9.601680464047458,40.0,7.138920207837901,716.7450726917567,1,0,0,0,1,"['폭염이라 그럼', 'ㅋㅋㅋㅋㅋㅋㅋㅋㅋㅋㅋ', '해가 밝으면']"
2025-09-06T16:48:38.545098,1:13:14,73.23333333333333,10.392621898198039,5,715,2.0683779748888678,9.630184116183145e-06,36.68685754913288,40,10.392621898198039,40.0,6.950028187054111,717.150565422581,1,0,0,0,1,"['폭염이라 그럼', 'ㅋㅋㅋㅋㅋㅋㅋㅋㅋㅋㅋ', '해가 밝으면']"
2025-09-06T16:48:43.634384,1:13:19,73.31666666666666,10.422993842527307,5,715,2.155154586826825,9.95556157375834e-06,36.68685754913288,40,10.422993842527307,40.0,6.755025368348701,717.5405088803229,1,0,0,0,1,"['폭염이라 그럼', 'ㅋㅋㅋㅋㅋㅋㅋㅋㅋㅋㅋ', '해가 밝으면']"
2025-09-06T16:48:48.721881,1:13:25,73.41666666666667,10.456637354487585,5,715,2.2512784979347606,1.0313242826617159e-05,36.68685754913288,40,10.456637354487585,40.0,6.559522831513831,717.9164579922907,1,0,0,0,1,"['폭염이라 그럼', 'ㅋㅋㅋㅋㅋㅋㅋㅋㅋㅋㅋ', '해가 밝으면']"
2025-09-06T16:48:53.737560,1:13:30,73.5,10.485855360148536,3,715,1.2665735356574381,3.0459959025520697e-06,40.42553404270071,40,10.485855360148536,40.0,6.353570548362448,718.2098121930617,0,0,0,0,0,"['해가 밝으면', '바닥에서 빛반사됨', '데드락귀\\']"
2025-09-06T16:48:58.740751,1:13:35,73.58333333333333,11.63649982282946,3,715,1.3099982668052745,1.1225648230160688e-05,51.779959391883224,40,11.63649982282946,40.0,6.1332134935262035,718.4288309737555,1,0,0,0,1,"['바닥에서 빛반사됨', '데드락귀\\', '캬']"
2025-09-06T16:49:04.731121,1:13:41,73.68333333333334,11.841350825489979,4,739,1.9032526837037373,0.0001773727621567524,51.75141437088807,40,11.841350825489979,40.0,5.904892144173583,718.5809478763799,3,0,0,0,3,"['데드락귀\\', '캬', 'ㅋㅋㅋㅋ']"
2025-09-06T16:49:09.734790,1:13:46,73.76666666666667,11.27378515538663,4,739,2.00001611942365,0.00029286548434207443,45.73662367394615,40,11.27378515538663,40.0,5.694402929756224,718.792853088742,3,0,0,1,4,"['캬', 'ㅋㅋㅋㅋ', 'ㅋㅋㅋㅋㅋㅋㅋㅋㅋ']"
2025-09-06T16:49:14.824739,1:13:51,73.85,10.41713292511629,5,739,3.0033533937356,0.0014656673791289395,48.65372970357178,30,10.41713292511629,40.0,5.5049626367806015,719.0585677798679,4,0,0,1,5,"['캬', 'ㅋㅋㅋㅋ', 'ㅋㅋㅋㅋㅋㅋㅋㅋㅋ']"
2025-09-06T16:49:19.829709,1:13:56,73.93333333333334,11.218085429543141,6,739,4.574477034427452,0.007882371789623309,51.13865518777682,30,11.218085429543141,40.0,5.3444663731025415,719.3727110018812,5,0,0,1,6,"['캬', 'ㅋㅋㅋㅋ', 'ㅋㅋㅋㅋㅋㅋㅋㅋㅋ']"
2025-09-06T16:49:24.923799,1:14:01,74.01666666666667,10.578520596557363,5,739,3.305280199400452,0.0020405408546541365,49.20856310425342,30,10.578520596557363,40.0,5.225019735792287,719.730439901693,4,0,0,1,5,"['ㅋㅋㅋㅋ', 'ㅋㅋㅋㅋㅋㅋㅋㅋㅋ', '아니 일퀘가 몇개야']"
2025-09-06T16:49:29.927877,1:14:06,74.1,11.37275186146061,6,739,5.007783690198011,0.002294443359693802,51.19109792547429,30,11.37275186146061,40.0,5.132517762213058,720.1273959115238,4,0,0,1,5,"['ㅋㅋㅋㅋ', 'ㅋㅋㅋㅋㅋㅋㅋㅋㅋ', '아니 일퀘가 몇개야']"
2025-09-06T16:49:35.023817,1:14:11,74.18333333333334,10.435922311849108,4,739,2.3811821385876124,0.00010687455345014039,51.02465813522063,30,10.435922311849108,40.0,5.059265985991753,720.5596563203715,2,0,0,1,3,"['아니 일퀘가 몇개야', 'ㅋㅋㅋㅋ', '너 닉네임 바꿔서 실프가 닉보고 너 맞냐고 물어보더라ㅋㅋㅋㅋㅋㅋㅋ']"
2025-09-06T16:49:40.026714,1:14:16,74.26666666666667,13.684949216230585,8,739,11.545946968631515,7.528702317603168e-05,51.43837662400283,30,13.684949216230585,40.0,4.988339387392577,721.0236906883343,2,0,0,0,2,"['ㅋㅋㅋㅋ', '너 닉네임 바꿔서 실프가 닉보고 너 맞냐고 물어보더라ㅋㅋㅋㅋㅋㅋㅋ', '천마입니다']"
2025-09-06T16:49:45.032429,1:14:21,74.35,15.359031871618457,9,739,17.319424113196504,1.538546428763142e-05,47.97227277813966,30,15.359031871618457,40.0,4.93950544865332,721.5163216195009,1,0,0,0,1,"['너 닉네임 바꿔서 실프가 닉보고 너 맞냐고 물어보더라ㅋㅋㅋㅋㅋㅋㅋ', '천마입니다', '미나']"
2025-09-06T16:49:50.126277,1:14:26,74.43333333333334,26.890442988837435,12,739,49.47846473096049,0.0004039363266984761,50.72818758470584,30,26.890442988837435,40.0,4.910554903787988,722.0346894575508,3,0,0,0,3,"['페이지', '인페?', '고혈의 정석']"
2025-09-06T16:49:55.134513,1:14:31,74.51666666666667,39.315868152235375,14,739,84.98570614762474,0.0004023548787670738,50.707100586152094,30,39.315868152235375,40.0,4.91449941340919,722.5762205117958,3,0,0,0,3,"['고혈의 정석', '슬라임', '구린거']"
2025-09-06T16:50:00.221386,1:14:36,74.6,44.55633559035301,16,739,100.0,0.0015521865983993822,50.55714715713649,30,44.55633559035301,40.0,4.97304947206827,723.1385984606163,3,1,0,0,4,"['이번에 버프 많이 되서 좋음', 'ㅋㅋㅋㅋ', '비스쿠스 ㄱ?']"
2025-09-06T16:50:05.226175,1:14:41,74.68333333333334,44.55552627756724,18,735,100.0,0.001343863246603725,50.549887322685954,30,44.55552627756724,44.55633559035301,5.090744524861444,723.7647386145547,3,1,0,0,4,"['비스쿠스 ㄱ?', 'ㅋㅋㅋㅋㅋㅋ', 'ㅋㅋㅋㅋ\\']"
2025-09-06T16:50:10.233820,1:14:46,74.76666666666667,44.58799196726296,17,735,100.0,0.07010088596842287,50.59951612875585,30,44.58799196726296,44.55633559035301,5.2766700723753,724.4282647530993,4,3,0,0,7,"['줌딕타 였나 쾌감 찌릿찌릿했는데', '파란 문도', '오랜만에 고혈 ㄱ?']"
2025-09-06T16:50:15.236919,1:14:51,74.85,41.143304793515725,16,735,90.20185100776624,0.04550111178456555,50.54456496083713,30,41.143304793515725,44.58799196726296,5.51400306513777,725.1254382777894,4,3,0,0,7,"['줌딕타 였나 쾌감 찌릿찌릿했는데', '파란 문도', '오랜만에 고혈 ㄱ?']"
2025-09-06T16:50:20.338448,1:14:56,74.93333333333334,19.06141992830156,12,735,27.099397623528816,0.000456932560236005,50.76447987042379,30,19.06141992830156,44.58799196726296,5.787602758623993,725.8528944500105,1,3,0,0,4,"['파란 문도', '오랜만에 고혈 ㄱ?', '캐릭터 뭐 있는지도 모름']"
2025-09-06T16:50:25.422557,1:15:01,75.01666666666667,15.53728098566938,11,735,17.02095338332415,0.0003622490930428192,50.79802401868711,30,15.53728098566938,44.58799196726296,6.068842482761593,726.6076050050094,1,3,0,0,4,"['오랜만에 고혈 ㄱ?', '캐릭터 뭐 있는지도 모름', '?']"
2025-09-06T16:50:30.437748,1:15:06,75.1,13.413102799330337,10,735,10.922163526957132,0.0003426738704169766,50.90208495347174,30,13.413102799330337,44.58799196726296,6.3519582344854335,727.3868445045084,2,2,0,0,4,"['캐릭터 뭐 있는지도 모름', '?', 'ㄹㅇㅋㅋ']"
2025-09-06T16:50:35.620909,1:15:11,75.18333333333334,11.480544416598612,8,735,5.385197050010952,0.0002807629997142846,50.95613143894892,30,11.480544416598612,44.58799196726296,6.63176241103689,728.1881600540576,2,2,0,0,4,"['ㄹㅇㅋㅋ', '펀치로 그랩해와야지 ㅇㅇ', '가장 고통받는 에이브럼스']"
2025-09-06T16:50:40.631118,1:15:16,75.26666666666667,10.53344822813812,6,735,2.7768161424209734,9.827458318183179e-05,50.61523268457506,30,10.53344822813812,44.58799196726296,6.908586169933201,729.0093440486518,3,0,0,0,3,"['페이지 보고싶음', '에이브람스 하는거 본적이없네', 'ㅋㅋㅋㅋ']"
2025-09-06T16:50:45.634622,1:15:21,75.35,10.04297119368449,7,735,3.4309981247904813,8.647323689382026e-05,43.42087260713064,30,10.04297119368449,44.58799196726296,7.1727275529398815,729.8484096437866,3,0,0,0,3,"['페이지 보고싶음', '에이브람스 하는거 본적이없네', 'ㅋㅋㅋㅋ']"
2025-09-06T16:50:50.727486,1:15:26,75.43333333333334,9.422668984431432,6,735,2.4644805187937555,7.716552548354363e-05,40.60069936643425,30,9.422668984431432,44.58799196726296,7.425454797645894,730.5835686794079,3,0,0,0,3,"['에이브람스 하는거 본적이없네', 'ㅋㅋㅋㅋ', 'ㅋㅋㅋㅋㅋㅋ']"
2025-09-06T16:50:55.733571,1:15:32,75.53333333333333,9.97921096403217,5,735,1.8115911080048959,6.981139872055545e-05,48.45126151670968,30,9.97921096403217,44.58799196726296,7.662909317881304,731.2252118114671,3,0,0,0,3,"['ㅋㅋㅋㅋ', 'ㅋㅋㅋㅋㅋㅋ', 'ㅋㅋㅋㅋㅋㅋㅋㅋㅋ']"
2025-09-06T16:51:00.816767,1:15:37,75.61666666666666,10.02907696818352,5,735,1.7491214811022837,6.41241126772208e-05,49.168588001526494,30,10.02907696818352,44.58799196726296,7.876618386093175,731.7826906303204,3,0,0,0,3,"['ㅋㅋㅋㅋㅋㅋ', 'ㅋㅋㅋㅋㅋㅋㅋㅋㅋ', '지옥행열차']"
2025-09-06T16:51:05.820102,1:15:42,75.7,11.59110589835022,4,724,1.3280659744563867,2.215283522249715e-05,51.26273946156395,40,11.59110589835022,44.58799196726296,8.063956547483858,732.2644215672883,2,0,0,0,2,"['ㅋㅋㅋㅋㅋㅋㅋㅋㅋ', '지옥행열차', '맛보면 솔큐 못돌릴듯']"
2025-09-06T16:51:10.829632,1:15:47,75.78333333333333,11.281015621315298,2,724,0.8028925706091039,8.054005279690914e-06,50.0,40,11.281015621315298,44.58799196726296,8.227560892735474,732.6229794105595,1,0,0,0,1,"['맛보면 솔큐 못돌릴듯', 'ㅋㅋㅋㅋㅋㅋㅋㅋㅋㅋㅋ']"
2025-09-06T16:51:16.026047,1:15:52,75.86666666666666,11.219752948991019,1,724,0.6278564992726358,7.93561398893804e-06,50.0,40,11.219752948991019,44.58799196726296,8.354804803461926,732.8706814695036,1,0,0,0,1,['ㅋㅋㅋㅋㅋㅋㅋㅋㅋㅋㅋ']
2025-09-06T16:51:21.028908,1:15:57,75.95,11.219136491512366,1,724,0.6260952938414379,7.846669656497574e-06,50.0,40,11.219136491512366,44.58799196726296,8.454324323115733,733.0186133225532,1,0,0,0,1,['ㅋㅋㅋㅋㅋㅋㅋㅋㅋㅋㅋ']
2025-09-06T16:51:26.147136,1:16:02,76.03333333333333,11.283623308987668,2,724,0.790140347133971,7.799197281463851e-06,50.07071067811866,40,11.283623308987668,44.58799196726296,8.50889189080416,733.0767519902979,1,0,0,0,1,"['ㅋㅋㅋㅋㅋㅋㅋㅋㅋㅋㅋ', '!멤버 수정 실프']"
2025-09-06T16:51:31.321683,1:16:07,76.11666666666666,11.218718551423725,1,724,0.6249066657867557,3.0459959025520697e-06,50.0,40,11.218718551423725,44.58799196726296,8.523002701723744,733.0540767912681,0,0,0,0,0,['!멤버 수정 실프']
2025-09-06T16:51:36.330329,1:16:12,76.2,11.3017298335917,2,724,0.7913710795765994,3.0459959025520697e-06,50.24748737341529,40,11.3017298335917,44.55633559035301,8.48070243155137,732.9586691121414,0,0,0,0,0,"['!멤버 수정 실프', '빅하']"
2025-09-06T16:51:41.423946,1:16:17,76.28333333333333,11.303256347086247,2,724,0.7957325467038759,3.0459959025520697e-06,50.24748737341529,40,11.303256347086247,44.55552627756724,8.382632188396233,732.7978022009272,0,0,0,0,0,"['!멤버 수정 실프', '빅하']"
2025-09-06T16:51:46.446255,1:16:22,76.36666666666666,11.305815170526833,2,724,0.8030434708198367,3.0459959025520697e-06,50.24748737341529,40,11.305815170526833,41.143304793515725,8.22436896955661,732.5780219808346,0,0,0,0,0,"['!멤버 수정 실프', '빅하']"
2025-09-06T16:51:51.518520,1:16:27,76.45,11.30962534207429,2,724,0.8139296752411422,3.0459959025520697e-06,50.24748737341529,40,11.30962534207429,40.0,8.00193207260095,732.3252197827511,0,0,0,0,0,"['!멤버 수정 실프', '빅하']"
2025-09-06T16:51:56.524538,1:16:32,76.53333333333333,11.663815110322943,3,724,1.0719372253889832,2.122412296031024e-05,52.88628591787615,40,11.663815110322943,40.0,7.726738865340855,732.042697804476,1,1,0,0,2,"['빅하', 'ㅋㅋㅋㅋㅋㅋㅋㅋ', '오케이~']"
2025-09-06T16:52:01.532487,1:16:37,76.61666666666666,11.72975467747758,4,724,1.4478532862728444,5.9214158205628224e-05,52.229823416188005,40,11.72975467747758,40.0,7.41406497880677,731.7334280240284,1,2,0,0,3,"['빅하', 'ㅋㅋㅋㅋㅋㅋㅋㅋ', '오케이~']"
2025-09-06T16:52:06.536446,1:16:42,76.7,11.447063185974642,3,714,1.148553346286872,6.773658597501529e-05,50.45042420139848,40,11.447063185974642,40.0,7.092658480926093,731.4000852216257,1,2,0,0,3,"['ㅋㅋㅋㅋㅋㅋㅋㅋ', '오케이~', '오케이~~']"
2025-09-06T16:52:11.621520,1:16:47,76.78333333333333,11.463867669538224,3,714,1.1965535377862655,7.877793295713092e-05,50.45042420139848,40,11.463867669538224,40.0,6.763392632833484,730.9950766994631,1,2,0,0,3,"['ㅋㅋㅋㅋㅋㅋㅋㅋ', '오케이~', '오케이~~']"
2025-09-06T16:52:16.634078,1:16:52,76.86666666666666,11.483333461238194,3,714,1.2521536617723223,9.314869508367777e-05,50.45042420139848,40,11.483333461238194,40.0,6.432053369550135,730.5255690295168,1,2,0,0,3,"['ㅋㅋㅋㅋㅋㅋㅋㅋ', '오케이~', '오케이~~']"
2025-09-06T16:52:21.725357,1:16:58,76.96666666666667,11.505367200925846,3,714,1.315086085921379,0.00011162678378653156,50.45042420139848,40,11.505367200925846,40.0,6.108848032595122,729.9980121265651,1,2,0,0,3,"['ㅋㅋㅋㅋㅋㅋㅋㅋ', '오케이~', '오케이~~']"
2025-09-06T16:52:26.728712,1:17:03,77.05,11.24406291883636,1,714,0.6973109946470755,1.0176774710333864e-05,50.0,40,11.24406291883636,40.0,5.80296322933561,729.4182109139085,0,1,0,0,1,['오케이~~']
2025-09-06T16:52:31.733068,1:17:08,77.13333333333334,11.248759380228364,1,714,0.7107376052285822,3.0459959025520697e-06,50.0,40,11.248759380228364,40.0,5.49766690640205,728.7913898225177,0,0,0,0,0,['저게 살아']
2025-09-06T16:52:36.736174,1:17:13,77.21666666666667,11.379653571470378,2,714,1.064517957886143,3.0459959025520697e-06,50.07071067811866,40,11.379653571470378,40.0,5.1979002157618455,728.1222508402659,0,0,0,0,0,"['저게 살아', 'ㅋㄲㅂ']"
2025-09-06T16:52:41.739929,1:17:18,77.3,11.610646538882607,3,714,1.6672383733703253,1.2661770729218958e-05,50.27108043494701,40,11.610646538882607,40.0,4.913110194185661,727.4150257562394,0,1,0,0,1,"['저게 살아', 'ㅋㄲㅂ', '쉴드 걸고 다이브 ㄱㄱ']"
2025-09-06T16:52:46.744058,1:17:23,77.38333333333334,11.65257305979233,3,714,1.7870272019518523,1.3739036199705016e-05,50.27108043494701,40,11.65257305979233,40.0,4.646799174767095,726.6735231806155,0,1,0,0,1,"['저게 살아', 'ㅋㄲㅂ', '쉴드 걸고 다이브 ㄱㄱ']"
2025-09-06T16:52:51.818625,1:17:28,77.46666666666667,12.142171777092177,4,714,3.005613618842999,1.493893734856142e-05,50.90201034922186,40,12.142171777092177,40.0,4.402119257290385,725.956170862554,0,1,0,0,1,"['저게 살아', 'ㅋㄲㅂ', '쉴드 걸고 다이브 ㄱㄱ']"
2025-09-06T16:52:56.918234,1:17:33,77.55,15.670784590506592,7,714,13.072237797550256,0.0003595754259323807,50.953575311936305,40,15.670784590506592,40.0,4.191907331561347,725.2605537762986,1,1,1,0,3,"['저게 살아', 'ㅋㄲㅂ', '쉴드 걸고 다이브 ㄱㄱ']"
2025-09-06T16:53:02.022661,1:17:38,77.63333333333334,18.700771748442076,8,714,23.167527591202695,0.00043409429704836057,45.91963453802314,40,18.700771748442076,40.0,4.032716598405212,724.5844983986688,1,1,1,0,3,"['ㅋㄲㅂ', '쉴드 걸고 다이브 ㄱㄱ', '뭐지?']"
2025-09-06T16:53:07.030127,1:17:43,77.71666666666667,19.52089247803378,8,714,25.505695526065747,0.0038221782134332215,45.92370172625394,40,19.52089247803378,40.0,3.924444938564691,723.9260485588019,2,1,1,0,4,"['쉴드 걸고 다이브 ㄱㄱ', '뭐지?', 'ㄴㅇㅅ']"
2025-09-06T16:53:12.127213,1:17:48,77.8,16.31773548262772,7,716,17.094132595520666,0.0007051918326075608,43.34506997462446,40,16.31773548262772,40.0,3.8570004447082225,723.2834437029217,2,0,1,0,3,"['뭐지?', 'ㄴㅇㅅ', '어쩔실드~']"
2025-09-06T16:53:17.131173,1:17:53,77.88333333333334,16.47903340319573,7,716,17.55494780997178,0.0007366806078991636,43.34506997462446,40,16.47903340319573,40.0,3.8263004002374004,722.6650993326296,2,0,1,0,3,"['뭐지?', 'ㄴㅇㅅ', '어쩔실드~']"
2025-09-06T16:53:22.136787,1:17:58,77.96666666666667,13.838448263730232,6,716,10.816403268639595,0.0007394668559338685,40.524113329639995,40,13.838448263730232,40.0,3.82367036021366,722.0685893993666,2,0,1,0,3,"['ㄴㅇㅅ', '어쩔실드~', '캬']"
2025-09-06T16:53:27.140697,1:18:03,78.05,11.502274294952654,2,716,1.3946353744270155,2.44456986693744e-05,50.14142135623731,40,11.502274294952654,40.0,3.8413033241922943,721.49173045943,1,0,0,0,1,"['니들은 페이지 없잖아~', 'ㅋㅋㅋㅋㅋㅋㅋㅋ']"
2025-09-06T16:53:32.218347,1:18:08,78.13333333333334,11.290221346436107,1,716,0.8291761473854173,2.423712802697457e-05,50.0,40,11.290221346436107,40.0,3.857172991773065,720.932557413487,1,0,0,0,1,['ㅋㅋㅋㅋㅋㅋㅋㅋ']
2025-09-06T16:53:37.223323,1:18:13,78.21666666666667,11.289853315496682,1,716,0.8281488488523479,3.0459959025520697e-06,50.0,40,11.289853315496682,40.0,3.8664556925957583,720.3893016721382,0,0,0,0,0,['페이지 보면 그 마법주문 말하는 겜 생각나네']
2025-09-06T16:53:42.225805,1:18:18,78.3,11.555773858075497,2,716,1.3858913187385196,3.0459959025520697e-06,50.707106781186546,40,11.555773858075497,40.0,3.8648101233361825,719.8603715049244,0,0,0,0,0,"['페이지 보면 그 마법주문 말하는 겜 생각나네', '2박스잰']"
2025-09-06T16:53:47.229154,1:18:23,78.38333333333334,11.914241723808633,3,716,2.3249985309683314,1.873585032034629e-05,51.004847436295876,40,11.914241723808633,40.0,3.8533291110025645,719.344334354432,0,1,0,0,1,"['페이지 보면 그 마법주문 말하는 겜 생각나네', '2박스잰', '계산 ㄷㄷ']"
2025-09-06T16:53:52.233450,1:18:28,78.46666666666667,12.44623872181938,4,716,3.8975428702667227,0.0001163750534051593,50.82052167204665,40,12.44623872181938,40.0,3.842996199902308,718.8899009189888,0,2,0,0,2,"['페이지 보면 그 마법주문 말하는 겜 생각나네', '2박스잰', '계산 ㄷㄷ']"
2025-09-06T16:53:57.318557,1:18:33,78.55,13.834770497781436,6,716,10.69139892615574,0.00011685088180575174,40.927341332742046,40,13.834770497781436,40.0,3.838696579912077,718.4909108270899,0,2,0,0,2,"['페이지 보면 그 마법주문 말하는 겜 생각나네', '2박스잰', '계산 ㄷㄷ']"
2025-09-06T16:54:02.336813,1:18:38,78.63333333333334,13.80288727339901,6,716,10.600305400056854,0.00011562526226657526,40.927341332742046,40,13.80288727339901,40.0,3.8498269219208696,718.141819744381,0,2,0,0,2,"['페이지 보면 그 마법주문 말하는 겜 생각나네', '2박스잰', '계산 ㄷㄷ']"
2025-09-06T16:54:07.340100,1:18:43,78.71666666666667,13.250802198401717,6,713,10.40009335489202,0.00011294215960312046,51.10724347325667,30,13.250802198401717,40.0,3.874844229728783,717.837637769943,0,2,0,0,2,"['2박스잰', '계산 ㄷㄷ', '오케이']"
2025-09-06T16:54:12.418143,1:18:48,78.8,11.576520154076183,5,713,6.150704745516587,0.0001081054650840344,49.237302509593434,30,11.576520154076183,40.0,3.922359806755905,717.5588739929486,0,2,0,0,2,"['계산 ㄷㄷ', '오케이', '매지끄미사일~']"
2025-09-06T16:54:17.429271,1:18:53,78.88333333333334,11.519864657211865,5,713,5.915786588663079,1.7643376741028335e-05,49.493322938290916,30,11.519864657211865,40.0,3.9851238260803146,717.3029865936538,0,1,0,0,1,"['오케이', '매지끄미사일~', '팁 좋다']"
2025-09-06T16:54:22.432992,1:18:58,78.96666666666667,10.396332920801822,4,713,3.4999613397469718,3.0459959025520697e-06,46.713452334920206,30,10.396332920801822,40.0,4.056611443472283,717.0676879342884,0,0,0,0,0,"['팁 좋다', '초반 최적화 좋은데용 ?', '빅하']"
2025-09-06T16:54:27.436636,1:19:03,79.05,11.532575153166276,5,713,5.443417603350715,0.00011550957731721829,51.27332788162598,30,11.532575153166276,40.0,4.125950299125055,716.8509191408596,1,1,0,0,2,"['초반 최적화 좋은데용 ?', '빅하', '헤이즈 특 평타 사고ㅓ리 꽤 김']"
2025-09-06T16:54:32.527765,1:19:08,79.13333333333334,14.169149784468953,7,713,13.009708482562948,0.0003569502464339498,51.156090354733465,30,14.169149784468953,40.0,4.198355269212549,716.6508272267737,1,1,1,0,3,"['초반 최적화 좋은데용 ?', '빅하', '헤이즈 특 평타 사고ㅓ리 꽤 김']"
2025-09-06T16:54:37.535048,1:19:13,79.21666666666667,14.942665231100438,8,713,18.891420152338213,0.0003264706952824274,38.30537589503952,30,14.942665231100438,40.0,4.278519742291294,716.4657445040964,1,1,1,0,3,"['빅하', '헤이즈 특 평타 사고ㅓ리 꽤 김', 'ㅋㅋㅋㅋㅋㅋ']"
2025-09-06T16:54:42.623267,1:19:18,79.3,21.93114478130086,10,713,39.301048125441,0.00030052918170826465,36.75657725723825,30,21.93114478130086,40.0,4.355667768062165,716.2941700536868,1,1,1,0,3,"['빅하', '헤이즈 특 평타 사고ㅓ리 꽤 김', 'ㅋㅋㅋㅋㅋㅋ']"
2025-09-06T16:54:47.644070,1:19:23,79.38333333333334,12.676939141477096,8,713,16.750571285551718,0.0002768031812977287,38.141284702614755,20,12.676939141477096,40.0,4.435100991255949,716.1347530483182,1,1,1,0,3,"['ㅋㅋㅋㅋㅋㅋ', '듀오가 홀딩해주던지', '샐황은 어떻게 했는가']"
2025-09-06T16:54:52.729368,1:19:29,79.48333333333333,14.742411646505046,9,713,23.718015246947026,0.0002576935472521591,34.41003232654686,20,14.742411646505046,40.0,4.506590892130354,715.9862777434864,1,1,1,0,3,"['ㅋㅋㅋㅋㅋㅋ', '듀오가 홀딩해주던지', '샐황은 어떻게 했는가']"
2025-09-06T16:54:57.747222,1:19:34,79.56666666666666,14.28255457292503,9,713,22.396110608922406,3.0459959025520697e-06,34.43914641403826,20,14.28255457292503,40.0,4.580931802917319,715.8376499691378,0,0,0,0,0,"['그거 한명 세워놓고 홀딩하는거임', '크아아아악', '합이 맞아야 할텐데']"
2025-09-06T16:55:02.824614,1:19:39,79.65,12.614059524019886,8,713,14.2859661792785,1.696856738629786e-05,46.139645738454554,20,12.614059524019886,40.0,4.6578386226255875,715.6888849722241,1,0,0,0,1,"['합이 맞아야 할텐데', '어쩔 쉴드!', 'ㅇㅇ']"
2025-09-06T16:55:07.843046,1:19:44,79.73333333333333,10.59076922818013,7,706,9.090434545700463,1.6488133059425673e-05,44.091105419317444,20,10.59076922818013,40.0,4.737054760363029,715.5399964750017,1,0,0,0,1,"['어쩔 쉴드!', 'ㅇㅇ', '그래서 방금은 실프가 상자 먹고 님이 홀딩하는거임']"
2025-09-06T16:55:12.847117,1:19:49,79.81666666666666,9.24714581282073,5,706,3.849113573056799,1.5942600390142812e-05,48.99949685210692,20,9.24714581282073,40.0,4.833349284326727,715.3559968275015,1,0,0,0,1,"['그래서 방금은 실프가 상자 먹고 님이 홀딩하는거임', '디나이를 하네', '아']"
2025-09-06T16:55:17.918685,1:19:54,79.9,9.189371156309946,5,706,3.6840437655435885,1.5382897492064383e-05,48.99949685210692,20,9.189371156309946,40.0,4.940014355894054,715.1403971447514,1,0,0,0,1,"['그래서 방금은 실프가 상자 먹고 님이 홀딩하는거임', '디나이를 하네', '아']"
2025-09-06T16:55:22.932698,1:19:59,79.98333333333333,8.409851890094414,4,706,2.383577073574215,1.4821847697012754e-05,45.75593985604359,20,8.409851890094414,40.0,5.056012920304649,714.8963574302763,1,0,0,0,1,"['디나이를 하네', '아', '님 고수임?']"
2025-09-06T16:55:27.952314,1:20:04,80.06666666666666,8.254537104807959,1,706,0.7272325143886463,1.4311929828777704e-05,50.0,20,8.254537104807959,40.0,5.170411628274184,714.6267216872487,1,0,0,0,1,['ㅋㅋㅋㅋㅋㅋㅋㅋ']
2025-09-06T16:55:33.033818,1:20:09,80.15,8.386733827787367,2,706,1.0544302508808314,1.3926123530012232e-05,50.17677669529664,20,8.386733827787367,40.0,5.263370465446767,714.3340495185238,1,0,0,0,1,"['재밌어보인당', '캬']"
2025-09-06T16:55:38.037264,1:20:14,80.23333333333333,8.555461475944568,3,706,1.514275692671978,1.3637016935143119e-05,50.25459528702603,20,8.555461475944568,40.0,5.33703341890209,714.0206445666714,1,0,0,0,1,"['재밌어보인당', '캬', '매직미쌀 하는거임?']"
2025-09-06T16:55:43.040558,1:20:19,80.31666666666666,8.32778473534717,4,706,2.164364109891458,1.3443798178587953e-05,45.702519193658866,20,8.32778473534717,40.0,5.388330077011881,713.6885801100043,1,0,0,0,1,"['재밌어보인당', '캬', '매직미쌀 하는거임?']"
2025-09-06T16:55:48.118448,1:20:24,80.4,8.940373283944162,5,706,3.0841173948334104,1.3311375334603531e-05,48.609268712023336,20,8.940373283944162,40.0,5.424497069310694,713.3397220990039,1,0,0,0,1,"['재밌어보인당', '캬', '매직미쌀 하는거임?']"
2025-09-06T16:55:53.127337,1:20:29,80.48333333333333,8.93051731345743,5,706,3.0559575921092343,1.3212542160090658e-05,48.609268712023336,20,8.93051731345743,40.0,5.452047362379624,712.9907498891035,1,0,0,0,1,"['재밌어보인당', '캬', '매직미쌀 하는거임?']"
2025-09-06T16:55:58.130808,1:20:34,80.56666666666666,8.613380194904934,6,706,4.338079313765992,5.6555297073603255e-05,40.950298129680064,20,8.613380194904934,40.0,5.4768426261416625,712.6416749001933,2,0,0,0,2,"['재밌어보인당', '캬', '매직미쌀 하는거임?']"
2025-09-06T16:56:03.235563,1:20:39,80.65,8.33076592359577,4,706,2.0984858410568403,1.3030260877659888e-05,45.96290667121525,20,8.33076592359577,40.0,5.504158363527496,712.2925074101739,1,0,0,0,1,"['매직미쌀 하는거임?', '정신을 못차리네', 'ㄲㅂ']"
2025-09-06T16:56:08.344134,1:20:44,80.73333333333333,8.32430775582646,4,709,2.0851081854103644,1.294631902032625e-05,45.94514712405225,20,8.32430775582646,40.0,5.528742527174747,711.9432566691565,1,0,0,0,1,"['정신을 못차리네', 'ㄲㅂ', 'ㅋㅋㅋㅋㅋㅋㅋ']"
2025-09-06T16:56:13.519093,1:20:49,80.81666666666666,8.788729646587912,4,709,2.0759085431490307,1.2888599866093055e-05,50.62156501045804,20,8.788729646587912,40.0,5.5458682744572725,711.6089310022409,1,0,0,0,1,"['ㄲㅂ', 'ㅋㅋㅋㅋㅋㅋㅋ', '!멤버']"
2025-09-06T16:56:18.534374,1:20:54,80.9,8.544613564040485,3,709,1.451848466538552,1.2887214921572847e-05,50.36461445866023,20,8.544613564040485,40.0,5.546281447011545,711.2880379020169,1,0,0,0,1,"['ㅋㅋㅋㅋㅋㅋㅋ', '!멤버', '파티 보이스 어케함?']"
2025-09-06T16:56:23.542659,1:20:59,80.98333333333333,9.138058122983999,5,709,2.987152859861666,3.2078790135373064e-05,50.92541790516362,20,9.138058122983999,40.0,5.521653302310391,710.9792341118152,1,0,1,0,2,"['ㅋㅋㅋㅋㅋㅋㅋ', '!멤버', '파티 보이스 어케함?']"
2025-09-06T16:56:28.618731,1:21:04,81.06666666666666,8.966198501736422,5,709,3.0334146907858566,7.592457429830435e-06,49.04500322978401,20,8.966198501736422,40.0,5.474487972079352,710.6813107006337,0,0,1,0,1,"['!멤버', '파티 보이스 어케함?', '빅하']"
2025-09-06T16:56:33.627231,1:21:09,81.15,8.986645192325287,5,709,3.0918337222991585,7.666355449814336e-06,49.04500322978401,20,8.986645192325287,40.0,5.417039174871417,710.3931796305703,0,0,1,0,1,"['!멤버', '파티 보이스 어케함?', '빅하']"
2025-09-06T16:56:38.637746,1:21:14,81.23333333333333,8.376008070648474,4,709,2.190081158316844,7.761867088532096e-06,46.09476560490744,20,8.376008070648474,40.0,5.345335257384275,710.1138616675133,0,0,1,0,1,"['파티 보이스 어케함?', '빅하', '뭐야...ai였네...?']"
2025-09-06T16:56:43.729494,1:21:20,81.33333333333333,7.677104582550396,3,709,1.5406124886961148,7.886540173772139e-06,41.37887056890687,20,7.677104582550396,40.0,5.255801731645848,709.842475500762,0,0,1,0,1,"['빅하', '뭐야...ai였네...?', '왜케 사람같이 하나 했는데...ai였어...']"
2025-09-06T16:56:48.817403,1:21:25,81.41666666666667,8.940242014847836,6,709,4.968693558041873,0.00010036591878869572,42.011591231656645,20,8.940242014847836,40.0,5.150221558481263,709.5782279506859,1,0,2,0,3,"['빅하', '뭐야...ai였네...?', '왜케 사람같이 하나 했는데...ai였어...']"
2025-09-06T16:56:53.836709,1:21:30,81.5,8.592612945464598,4,709,2.387870664482989,3.996417821176631e-05,47.568422272242685,20,8.592612945464598,40.0,5.050199402633137,709.3554051556174,1,0,1,0,2,"['왜케 사람같이 하나 했는데...ai였어...', 'ㅋㅋ', '헉...']"
2025-09-06T16:56:58.839665,1:21:35,81.58333333333333,9.0363888327933,4,709,2.4606124889889514,4.1986376956244465e-05,51.751576670963836,20,9.0363888327933,40.0,4.9551794623698235,709.1698646400557,1,0,1,0,2,"['ㅋㅋ', '헉...', '그거 1렙 정글이랑 똑같지않나 상자젠은 안세봐서 모르겟네']"
2025-09-06T16:57:03.842625,1:21:40,81.66666666666667,9.062320976341553,4,709,2.53470192715378,4.408685336708736e-05,51.751576670963836,20,9.062320976341553,40.0,4.864661516132841,709.0178781760502,1,0,1,0,2,"['ㅋㅋ', '헉...', '그거 1렙 정글이랑 똑같지않나 상자젠은 안세봐서 모르겟네']"
2025-09-06T16:57:08.919158,1:21:45,81.75,9.361840652131072,5,716,3.9318688349377027,4.6139809377215755e-05,49.85668103979126,20,9.361840652131072,40.0,4.783195364519558,708.8960903584451,1,0,1,0,2,"['ㅋㅋ', '헉...', '그거 1렙 정글이랑 똑같지않나 상자젠은 안세봐서 모르겟네']"
2025-09-06T16:57:13.922133,1:21:50,81.83333333333333,8.720782498816895,3,716,1.7473051695175477,3.0459959025520697e-06,51.09224471087393,20,8.720782498816895,40.0,4.729875828067602,708.8364813226007,0,0,0,0,0,"['그거 1렙 정글이랑 똑같지않나 상자젠은 안세봐서 모르겟네', '저지능 인간은 존재하지만 고지능 인공지능은 없읍미;다', '아하...']"
2025-09-06T16:57:18.940691,1:21:55,81.91666666666667,8.683984418162074,3,716,1.7675727694497239,4.66715770721874e-06,50.653320819915876,20,8.683984418162074,40.0,4.686888245260842,708.8328331903406,0,0,0,1,1,"['저지능 인간은 존재하지만 고지능 인공지능은 없읍미;다', '아하...', '페이지 평타 투사체죠? 히트스캔이 아니라']"
2025-09-06T16:57:24.044093,1:22:00,82.0,9.42957898389096,5,716,4.172865598947302,2.6185307856775318e-05,49.69065550136259,20,9.42957898389096,40.0,4.648199420734757,708.8795498713065,1,0,0,1,2,"['저지능 인간은 존재하지만 고지능 인공지능은 없읍미;다', '아하...', '페이지 평타 투사체죠? 히트스캔이 아니라']"
2025-09-06T16:57:29.132338,1:22:05,82.08333333333333,8.623248997854368,4,716,2.763813017693293,2.655158509556164e-05,46.55903821027678,20,8.623248997854368,40.0,4.618379478661281,708.9715948841758,1,0,0,1,2,"['아하...', '페이지 평타 투사체죠? 히트스캔이 아니라', '아..옆집에서 고막테러하네']"
2025-09-06T16:57:34.221205,1:22:10,82.16666666666667,8.634787263555971,4,716,2.7967790315895744,2.6953679853604332e-05,46.55903821027678,20,8.634787263555971,40.0,4.586541530795153,709.1044353957583,1,0,0,1,2,"['아하...', '페이지 평타 투사체죠? 히트스캔이 아니라', '아..옆집에서 고막테러하네']"
2025-09-06T16:57:39.327521,1:22:15,82.25,7.695082497700374,3,716,1.8348192194455943,2.7391593776279724e-05,40.528848142569046,20,7.695082497700374,40.0,4.552887377715638,709.2739918561825,1,0,0,1,2,"['페이지 평타 투사체죠? 히트스캔이 아니라', '아..옆집에서 고막테러하네', 'ㅋㅋㅋㅋ']"
2025-09-06T16:57:44.332938,1:22:20,82.33333333333333,8.728646429106966,4,716,2.8822810582706024,0.00016518798658754854,47.19781983517619,20,8.728646429106966,40.0,4.507598639944074,709.4765926705643,2,0,0,1,3,"['페이지 평타 투사체죠? 히트스캔이 아니라', '아..옆집에서 고막테러하네', 'ㅋㅋㅋㅋ']"
2025-09-06T16:57:49.336660,1:22:25,82.41666666666667,7.900336787900298,3,716,1.8815518707171333,0.00010948405364385972,42.417498395278436,20,7.900336787900298,40.0,4.466838775949667,709.7089334035078,2,0,0,0,2,"['아..옆집에서 고막테러하네', 'ㅋㅋㅋㅋ', 'ㅋㅋㅋㅋㅋㅋㅋ']"
2025-09-06T16:57:54.340181,1:22:30,82.5,8.668083335910504,4,716,2.9777353479230606,0.00043939690160662556,46.257002053767906,20,8.668083335910504,40.0,4.425154898354701,709.953040063157,1,2,0,0,3,"['ㅋㅋㅋㅋㅋㅋㅋ', '오 패링', '오']"
2025-09-06T16:57:59.629745,1:22:35,82.58333333333333,9.561689660835434,5,716,4.728097128328375,0.0028389890960930394,49.05720070282066,20,9.561689660835434,40.0,4.387639408519231,710.2077360568413,2,2,0,0,4,"['ㅋㅋㅋㅋㅋㅋㅋ', '오 패링', '오']"
2025-09-06T16:58:04.636321,1:22:40,82.66666666666667,13.312146838395591,8,716,17.67669775179687,0.7182351046998554,38.38008583386745,20,13.312146838395591,40.0,4.363875467667308,710.4719624511572,5,2,0,0,7,"['ㅋㅋㅋㅋㅋㅋㅋ', '오 패링', '오']"
2025-09-06T16:58:09.639620,1:22:45,82.75,15.817726755538187,9,736,26.72733565712505,2.285840211110985,40.48823191100027,10,15.817726755538187,40.0,4.357487920900577,710.7447662060415,5,2,1,0,8,"['오 패링', '오', '저걸 패링해']"
2025-09-06T16:58:14.729551,1:22:51,82.85,71.30540905008738,12,736,75.02961292038377,100.0,35.45044527953047,10,71.30540905008738,40.0,4.371739128810519,711.1252895854374,7,3,1,0,11,"['저걸 패링해', '캬', 'ㅋㅋㅋㅋㅋㅋㅋㅋㅋㅋ']"
2025-09-06T16:58:19.743564,1:22:56,82.93333333333334,80.54290262519662,15,736,100.0,100.0,40.42902625196623,10,80.54290262519662,40.0,4.419565215929468,711.6027606268937,7,3,1,0,11,"['ㅋㅋㅋㅋㅋㅋ', 'ㅋㅋㅋㅋㅋㅋㅋㅋ', '분내뭐야']"
2025-09-06T16:58:24.746553,1:23:01,83.01666666666667,44.663567968476094,16,736,100.0,9.968224240413903,41.7627827231053,10,44.663567968476094,40.0,4.517608694336521,712.1674845642043,7,1,1,0,9,"['ㅋㅋㅋㅋㅋㅋ', 'ㄱㄱ', 'ㅋㅋㅋㅋ']"
2025-09-06T16:58:29.821006,1:23:06,83.1,40.89293279384691,17,736,100.0,1.1481976897075392,39.33653717963894,10,40.89293279384691,40.0,4.670847824902868,712.8107361077839,6,1,1,0,8,"['ㅋㅋㅋㅋ', '비 쏟아지네', '좋음']"
2025-09-06T16:58:34.838851,1:23:11,83.18333333333334,36.17701859345074,14,736,87.90250909758008,0.004991438087232528,39.091438340628216,10,36.17701859345074,40.0,4.8637630424125815,713.5246624970056,3,1,1,0,5,"['ㅋㅋㅋㅋ', '비 쏟아지네', '좋음']"
2025-09-06T16:58:39.920456,1:23:16,83.26666666666667,25.67668040851612,13,736,58.24998920744172,0.00028000618578255396,37.89072183437207,10,25.67668040851612,40.0,5.087386738171324,714.302196247305,2,1,0,0,3,"['비 쏟아지네', '좋음', '재밌잖아요']"
2025-09-06T16:58:44.935444,1:23:21,83.35,17.867981048401045,12,736,36.47718460033486,1.1316370783011558e-05,36.00961911735534,10,17.867981048401045,40.0,5.3336480643541915,715.1369766225745,0,1,0,0,1,"['재밌잖아요', '페이지 분할탄', '페이지 하면 꼭 가는사람 있던데 분할탄']"
2025-09-06T16:58:50.028388,1:23:26,83.43333333333334,9.019562378944645,9,736,11.649901963716793,1.0642778670328292e-05,34.42092434532299,10,9.019562378944645,40.0,5.595283257918773,716.023278960317,0,1,0,0,1,"['페이지 분할탄', '페이지 하면 꼭 가는사람 있던데 분할탄', '저거 립먹을때 꿀임']"
2025-09-06T16:58:55.031276,1:23:31,83.51666666666667,5.322036635131331,4,736,1.9270308677563026,1.0076990675285116e-05,31.475718006203554,10,5.322036635131331,40.0,5.850754932126896,716.9209510642853,0,1,0,0,1,"['페이지 탄이 관통이라서', '페이지 탄이 관통속성 있어서 그냥 탄수 많으면', '저거 적 하나당 데미지 2번까지 들어갈껄']"
2025-09-06T16:59:00.249543,1:23:36,83.6,6.008525428831428,3,736,1.319980189186369,9.62216416417177e-06,40.46528513750533,10,6.008525428831428,40.0,6.085679438914207,717.8288559578568,0,1,0,0,1,"['페이지 탄이 관통속성 있어서 그냥 탄수 많으면', '저거 적 하나당 데미지 2번까지 들어갈껄', '딜 엄청 나와요']"
2025-09-06T16:59:05.428975,1:23:41,83.68333333333334,5.993578209889992,3,757,1.2772742659579974,9.257635398534428e-06,40.46528513750533,10,5.993578209889992,40.0,6.297111495022786,718.7459703620713,0,1,0,0,1,"['페이지 탄이 관통속성 있어서 그냥 탄수 많으면', '저거 적 하나당 데미지 2번까지 들어갈껄', '딜 엄청 나와요']"
2025-09-06T16:59:10.436588,1:23:46,83.76666666666667,8.369781279383222,2,757,0.9150863270438375,8.975587052189456e-06,50.494974746830586,20,8.369781279383222,40.0,6.477400345520508,719.7763733258641,0,1,0,0,1,"['저거 적 하나당 데미지 2번까지 들어갈껄', '딜 엄청 나와요']"
2025-09-06T16:59:22.027253,1:23:58,83.96666666666667,8.233830513012652,1,757,0.6680755445731202,1.0181030152131234e-05,50.0,20,8.233830513012652,40.0,6.629660310968457,720.9087359932778,1,0,0,0,1,['ㅋㅋㅋㅋㅋㅋㅋㅋㅋㅋㅋㅋㅋㅋㅋ']
2025-09-06T16:59:27.043061,1:24:03,84.05,8.547773918488957,3,757,1.1983831307054775,3.257689542623719e-05,51.283267919838686,20,8.547773918488957,40.0,6.751694279871611,722.1328623939501,2,0,0,0,2,"['ㅋㅋㅋㅋㅋㅋㅋㅋㅋㅋㅋㅋㅋㅋㅋ', '!멤버', 'ㄹㅇㅋㅋ']"
2025-09-06T16:59:32.517425,1:24:08,84.13333333333334,8.541884368954536,3,757,1.1815572321213057,3.1364320525561665e-05,51.283267919838686,20,8.541884368954536,40.0,6.86152485188445,723.4395761545551,2,0,0,0,2,"['ㅋㅋㅋㅋㅋㅋㅋㅋㅋㅋㅋㅋㅋㅋㅋ', '!멤버', 'ㄹㅇㅋㅋ']"
2025-09-06T16:59:37.521182,1:24:13,84.21666666666667,8.625181494448691,5,757,2.0661161753593174,9.60047390712816e-05,49.02002431177301,20,8.625181494448691,40.0,6.955372366696006,724.8206185390997,3,0,0,0,3,"['ㅋㅋㅋㅋㅋㅋㅋㅋㅋㅋㅋㅋㅋㅋㅋ', '!멤버', 'ㄹㅇㅋㅋ']"
2025-09-06T16:59:42.535341,1:24:18,84.3,8.611521879325714,5,757,2.027093661000378,9.166699570145052e-05,49.02002431177301,20,8.611521879325714,40.0,7.0498351300264055,726.2685566851897,3,0,0,0,3,"['ㅋㅋㅋㅋㅋㅋㅋㅋㅋㅋㅋㅋㅋㅋㅋ', '!멤버', 'ㄹㅇㅋㅋ']"
2025-09-06T16:59:47.633841,1:24:23,84.38333333333334,8.129677332278003,4,757,1.5086526591271847,2.863903682108988e-05,46.0163744596876,20,8.129677332278003,40.0,7.139851617023765,727.7767010166707,2,0,0,0,2,"['!멤버', 'ㄹㅇㅋㅋ', '야 실프 센스 미쳣다']"
2025-09-06T16:59:52.737765,1:24:29,84.48333333333333,7.431435323019821,5,757,1.962640299258296,2.797087305070592e-05,37.44500029930197,20,7.431435323019821,40.0,7.215866455321389,729.3390309150037,2,0,0,0,2,"['!멤버', 'ㄹㅇㅋㅋ', '야 실프 센스 미쳣다']"
2025-09-06T16:59:59.022307,1:24:35,84.58333333333333,7.573152289582971,3,757,1.1253185397152814,9.155452054538044e-06,41.792871385018,20,7.573152289582971,40.0,7.26927980978925,730.9501278235033,1,0,0,0,1,"['야 실프 센스 미쳣다', '인페 울겄다 ㅋㅋㅋ', '저걸 수면으로 2스 카운터치네']"
2025-09-06T17:00:04.056399,1:24:40,84.66666666666667,8.654717532517576,4,757,1.4750725079275697,8.203983640966683e-05,51.384093388083635,20,8.654717532517576,40.0,7.287351828810325,732.505115041153,3,0,0,0,3,"['인페 울겄다 ㅋㅋㅋ', '저걸 수면으로 2스 카운터치네', '다인큐 타락 ㅋㅋ']"
2025-09-06T17:00:09.127323,1:24:45,84.75,8.597214700415144,4,757,1.4803342071221057,2.756611243571025e-05,50.79086701477433,20,8.597214700415144,40.0,7.263616645929293,734.0096035370377,2,0,0,0,2,"['저걸 수면으로 2스 카운터치네', '다인큐 타락 ㅋㅋ', '실프 타락한다ㅏㅏ']"
2025-09-06T17:00:14.130931,1:24:50,84.83333333333333,8.603267762614534,4,757,1.4976279245491348,2.8218862260597016e-05,50.79086701477433,20,8.603267762614534,40.0,7.187254981336364,735.4686431833339,2,0,0,0,2,"['저걸 수면으로 2스 카운터치네', '다인큐 타락 ㅋㅋ', '실프 타락한다ㅏㅏ']"
2025-09-06T17:00:19.137395,1:24:55,84.91666666666667,8.613935017542897,4,747,1.5281044595335933,2.938807176320076e-05,50.79086701477433,20,8.613935017542897,40.0,7.058529483202728,736.8867788650006,2,0,0,0,2,"['저걸 수면으로 2스 카운터치네', '다인큐 타락 ㅋㅋ', '실프 타락한다ㅏㅏ']"
2025-09-06T17:00:24.228711,1:25:00,85.0,8.8791831349251,5,747,2.099592569008821,9.982094039006414e-05,51.442858073958554,20,8.8791831349251,40.0,6.877676534882456,738.2181009785005,3,0,0,0,3,"['다인큐 타락 ㅋㅋ', '실프 타락한다ㅏㅏ', '지하에 사람이 살아요']"
2025-09-06T17:00:29.422058,1:25:05,85.08333333333333,8.740202786681353,4,747,1.6315700045419588,3.353739640756365e-05,51.69139870133104,20,8.740202786681353,40.0,6.6699088813942105,739.4712908806505,2,0,0,0,2,"['지하에 사람이 살아요', '빅하', 'ㅋㅋㅋㅋㅋㅋㅋ']"
2025-09-06T17:00:34.427169,1:25:10,85.16666666666667,8.765211745266406,4,747,1.7030207113177935,3.656543018110737e-05,51.69139870133104,20,8.765211745266406,40.0,6.437917993254789,740.6541617925855,2,0,0,0,2,"['지하에 사람이 살아요', '빅하', 'ㅋㅋㅋㅋㅋㅋㅋ']"
2025-09-06T17:00:39.430970,1:25:15,85.25,8.512021689081811,3,747,1.298546608636478,4.0407155012860954e-05,50.57514213197039,20,8.512021689081811,40.0,6.18912619392931,741.773745613327,2,0,0,0,2,"['빅하', 'ㅋㅋㅋㅋㅋㅋㅋ', 'ㅋㅋㅋㅋㅋㅋㅋㅋㅋㅋ']"
2025-09-06T17:00:44.456179,1:25:20,85.33333333333333,8.531139008591097,3,747,1.3531621211244322,4.5132501264834634e-05,50.57514213197039,20,8.531139008591097,40.0,5.935213574536379,742.8363710519943,2,0,0,0,2,"['빅하', 'ㅋㅋㅋㅋㅋㅋㅋ', 'ㅋㅋㅋㅋㅋㅋㅋㅋㅋㅋ']"
2025-09-06T17:00:49.523827,1:25:25,85.41666666666667,8.478380306282101,4,747,1.9964630017753793,0.00020501918586601087,47.79536247986371,20,8.478380306282101,40.0,5.7016922170827415,743.8477339467948,3,0,0,0,3,"['빅하', 'ㅋㅋㅋㅋㅋㅋㅋ', 'ㅋㅋㅋㅋㅋㅋㅋㅋㅋㅋ']"
2025-09-06T17:00:54.528229,1:25:30,85.5,8.248782151834895,1,747,0.7107912262758936,1.3056595832646668e-05,50.0,20,8.248782151834895,40.0,5.496522995374468,744.8129605521154,1,0,0,0,1,['ㅋㅋㅋㅋㅋㅋ']
2025-09-06T17:00:59.626954,1:25:35,85.58333333333333,8.252116085230224,1,747,0.7203159312145938,1.3773262790153052e-05,50.0,20,8.252116085230224,40.0,5.301870695837021,745.6316644969039,1,0,0,0,1,['ㅋㅋㅋㅋㅋㅋ']
2025-09-06T17:01:04.630372,1:25:40,85.66666666666667,8.25547221549087,1,747,0.7299040166357679,1.4524170879958126e-05,50.0,20,8.25547221549087,40.0,5.1216836262533185,746.3184980472136,1,0,0,0,1,['ㅋㅋㅋㅋㅋㅋ']
2025-09-06T17:01:11.629985,1:25:47,85.78333333333333,8.457284549109499,2,738,1.1044091129467244,7.670364872350372e-05,50.707106781186546,20,8.457284549109499,40.0,4.959515263627987,746.8866482424922,2,0,0,0,2,"['ㅋㅋㅋㅋㅋㅋ', '둔화주술 하나 사서 인페 기분좋게 해주죠 ㅋㅋㅋ']"
2025-09-06T17:01:16.916997,1:25:53,85.88333333333334,8.467143442398715,2,738,1.1325680364545627,8.487880240825317e-05,50.707106781186546,20,8.467143442398715,40.0,4.808563737265188,747.302983418243,2,0,0,0,2,"['ㅋㅋㅋㅋㅋㅋ', '둔화주술 하나 사서 인페 기분좋게 해주죠 ㅋㅋㅋ']"
2025-09-06T17:01:21.930938,1:25:58,85.96666666666667,8.265324718361242,1,738,0.7580513015338858,1.6907060955482018e-05,50.0,20,8.265324718361242,40.0,4.667707363538669,747.5826850764187,1,0,0,0,1,['둔화주술 하나 사서 인페 기분좋게 해주죠 ㅋㅋㅋ']
2025-09-06T17:01:27.116453,1:26:03,86.05,8.269027271337684,1,738,0.768628918729324,1.787445604934997e-05,50.0,20,8.269027271337684,40.0,4.520936627184803,747.7394165687767,1,0,0,0,1,['둔화주술 하나 사서 인페 기분좋게 해주죠 ㅋㅋㅋ']
2025-09-06T17:01:32.137563,1:26:08,86.13333333333334,8.519239014839052,2,738,1.2308663135491607,0.00011864362131390618,50.883883476483184,20,8.519239014839052,40.0,4.368842964466323,747.7854749118991,2,0,0,0,2,"['둔화주술 하나 사서 인페 기분좋게 해주죠 ㅋㅋㅋ', '캬']"
2025-09-06T17:01:37.221313,1:26:13,86.21666666666667,8.277555428960088,1,738,0.7929923562312665,2.0260697862401085e-05,50.0,20,8.277555428960088,40.0,4.22195866801969,747.7319274207092,1,0,0,0,1,['캬']
2025-09-06T17:01:42.226845,1:26:18,86.3,8.496006953487889,2,738,1.315970001568006,0.00015528469939673998,50.35355339059328,20,8.496006953487889,40.0,4.069762801217721,747.5887346786383,2,0,0,0,2,"['캬', '서포팅 확실하네 ㅋㅋ']"
2025-09-06T17:01:47.229781,1:26:23,86.38333333333334,8.512560415039545,2,738,1.3632385064075778,0.00017899684391064214,50.35355339059328,20,8.512560415039545,40.0,3.9277865210959493,747.3648612107744,2,0,0,0,2,"['캬', '서포팅 확실하네 ㅋㅋ']"
2025-09-06T17:01:52.233678,1:26:28,86.46666666666667,10.313373275210175,5,738,6.704228585169665,0.11669419570296449,49.202155921196066,20,10.313373275210175,40.0,3.790007868986354,747.0683750896969,5,0,0,0,5,"['캬', '서포팅 확실하네 ㅋㅋ', 'ㅋㅋㅋㅋㅋㅋㅋㅋㅋㅋ']"
2025-09-06T17:01:57.320678,1:26:33,86.55,10.53430127777996,5,738,7.281091840709405,0.16425885353015202,49.202155921196066,20,10.53430127777996,40.0,3.671007082087719,746.7065375807273,5,0,0,0,5,"['캬', '서포팅 확실하네 ㅋㅋ', 'ㅋㅋㅋㅋㅋㅋㅋㅋㅋㅋ']"
2025-09-06T17:02:02.326456,1:26:38,86.63333333333334,9.732804799045393,4,738,4.557834174442397,0.023861958342913908,51.280180546533884,20,9.732804799045393,40.0,3.5689063738789475,746.2858838226546,4,0,0,0,4,"['서포팅 확실하네 ㅋㅋ', 'ㅋㅋㅋㅋㅋㅋㅋㅋㅋㅋ', 'ㅋㅋㅋㅋㅋㅋㅋㅋㅋㅋㅋ']"
2025-09-06T17:02:07.329325,1:26:43,86.71666666666667,9.83036417158981,4,759,4.829284305432741,0.03024152508740461,51.280180546533884,20,9.83036417158981,40.0,3.4770157364910528,745.8622954403892,4,0,0,0,4,"['서포팅 확실하네 ㅋㅋ', 'ㅋㅋㅋㅋㅋㅋㅋㅋㅋㅋ', 'ㅋㅋㅋㅋㅋㅋㅋㅋㅋㅋㅋ']"
2025-09-06T17:02:12.332594,1:26:48,86.8,9.02743090192575,3,759,2.8694937730185712,0.003622386769675386,50.21659126661381,20,9.02743090192575,40.0,3.3893141628419476,745.5410658963502,3,0,0,0,3,"['ㅋㅋㅋㅋㅋㅋㅋㅋㅋㅋ', 'ㅋㅋㅋㅋㅋㅋㅋㅋㅋㅋㅋ', 'ㅋㅋㅋㅋ']"
2025-09-06T17:02:17.336434,1:26:53,86.88333333333334,8.316346526253955,1,759,0.9038080579497214,3.4264928879306455e-05,50.0,20,8.316346526253955,40.0,3.3053827465577528,745.3119593067153,1,0,0,0,1,['ㅋㅋㅋㅋ']
2025-09-06T17:02:52.635077,1:27:28,87.46666666666667,6.8217456862456505,1,759,0.9192699081351126,3.0459959025520697e-06,50.0,10,6.8217456862456505,40.0,3.2148444719019773,745.1657633760437,0,0,0,0,0,['다해주는 서포터']
2025-09-06T17:02:57.638325,1:27:33,87.55,7.122496964978555,2,759,1.7684577504978878,3.0459959025520697e-06,50.03535533905933,10,7.122496964978555,40.0,3.1233600247117796,745.0941870384395,0,0,0,0,0,"['다해주는 서포터', '이게 서포터임']"
2025-09-06T17:03:02.642100,1:27:38,87.63333333333334,7.145512010673097,2,759,1.8342150239108668,3.0459959025520697e-06,50.03535533905933,10,7.145512010673097,40.0,3.0360240222406016,745.0897683345955,0,0,0,0,0,"['다해주는 서포터', '이게 서포터임']"
2025-09-06T17:03:07.727019,1:27:44,87.73333333333333,7.936751066116212,3,759,3.725465856073948,3.0459959025520697e-06,51.328367980919694,10,7.936751066116212,40.0,2.9474216200165415,745.145791501136,0,0,0,0,0,"['다해주는 서포터', '이게 서포터임', '라인랑니']"
2025-09-06T17:03:13.023878,1:27:49,87.81666666666666,9.300224270376928,4,786,7.684128323856693,3.0459959025520697e-06,51.107781386287236,10,9.300224270376928,40.0,2.8776794580148874,745.2562123510224,0,0,0,0,0,"['다해주는 서포터', '이게 서포터임', '라인랑니']"
2025-09-06T17:03:18.041792,1:27:54,87.9,9.42424314597942,4,786,8.03846796843524,3.0459959025520697e-06,51.107781386287236,10,9.42424314597942,40.0,2.829911512213399,745.5505911159203,0,0,0,0,0,"['다해주는 서포터', '이게 서포터임', '라인랑니']"
2025-09-06T17:03:23.118468,1:27:59,87.98333333333333,7.254808072313263,2,786,2.0454742312846887,3.0459959025520697e-06,50.3889087296526,10,7.254808072313263,40.0,2.801920360992059,746.0105320043283,0,0,0,0,0,"['라인랑니', '3티어 크립도 같이 먹어주죠']"
2025-09-06T17:03:28.121468,1:28:04,88.06666666666666,7.264044184308292,2,786,2.07186312269906,3.0459959025520697e-06,50.3889087296526,10,7.264044184308292,40.0,2.776728324892853,746.6644788038955,0,0,0,0,0,"['라인랑니', '3티어 크립도 같이 먹어주죠']"
2025-09-06T17:03:33.236612,1:28:09,88.15,7.2726045128495755,2,786,2.0963212042455845,3.0459959025520697e-06,50.3889087296526,10,7.2726045128495755,40.0,2.7540554924035674,747.4930309235059,0,0,0,0,0,"['라인랑니', '3티어 크립도 같이 먹어주죠']"
2025-09-06T17:03:38.240100,1:28:14,88.23333333333333,8.422866567182902,3,786,4.337303095852726,0.0010495506080285461,54.04390663391237,10,8.422866567182902,40.0,2.7386499431632103,748.4787278311553,2,0,0,0,2,"['3티어 크립도 같이 먹어주죠', '캬', '캬']"
2025-09-06T17:03:43.719035,1:28:19,88.31666666666666,9.619463505104793,4,786,8.83239550923683,0.019723309760363544,50.20235752967758,10,9.619463505104793,40.0,2.7347849488468894,749.6058550480399,3,0,0,0,3,"['캬', '캬', '캬']"
2025-09-06T17:03:48.729030,1:28:25,88.41666666666667,12.760450821054476,5,786,17.379731200365136,0.7389397971195336,48.819689820788646,10,12.760450821054476,40.0,2.7413064539622005,750.860269543236,4,0,0,1,5,"['캬', '캬', '캬']"
2025-09-06T17:03:53.821812,1:28:30,88.5,14.04142890054674,5,786,16.84610620478968,0.6583068669787162,48.819689820788646,20,14.04142890054674,40.0,2.7671758085659803,752.2292425889125,4,0,0,1,5,"['캬', '캬', '캬']"
2025-09-06T17:03:58.832313,1:28:35,88.58333333333333,17.970718434486866,6,786,30.306699731328095,0.5569726898781269,41.40584452570782,20,17.970718434486866,40.0,2.8054582277093822,753.7013183300213,4,0,0,1,5,"['캬', '캬', '캬']"
2025-09-06T17:04:03.922612,1:28:40,88.66666666666667,24.153944363108035,7,786,49.770369565116624,0.442452863081598,35.5733387008458,20,24.153944363108035,40.0,2.859912404938444,755.2661864970191,4,0,0,1,5,"['캬', '캬', '캬']"
2025-09-06T17:04:08.926235,1:28:45,88.75,16.317420365466823,6,789,26.274169725844697,0.001451688424520244,41.20880286051373,20,16.317420365466823,40.0,2.9189211644446,756.9145678473174,2,0,0,1,3,"['캬', '어딜', '니들 정글 아니라고 ㅋㅋㅋㅋㅋ']"
2025-09-06T17:04:13.948845,1:28:50,88.83333333333333,12.564311895704012,5,789,13.309843548660014,8.760876404459921e-05,49.05831610167388,20,12.564311895704012,40.0,2.97702904800014,758.6531110625856,1,0,0,1,2,"['니들 정글 아니라고 ㅋㅋㅋㅋㅋ', '이미 정글 땅 다 먹혔는데 욕심을 부려', '이럴때 미드보스 2층 박스']"
2025-09-06T17:04:19.038176,1:28:55,88.91666666666667,10.413077817003385,4,789,6.69117019299903,3.0459959025520697e-06,50.71167031055364,20,10.413077817003385,40.0,3.034326143200126,760.472799956327,0,0,0,0,0,"['이미 정글 땅 다 먹혔는데 욕심을 부려', '이럴때 미드보스 2층 박스', '포기안하면 목숨받아야지']"
2025-09-06T17:04:24.041506,1:29:00,89.0,10.315374673593416,4,789,6.4120183546848315,3.0459959025520697e-06,50.71167031055364,20,10.315374673593416,40.0,3.0858935288801135,762.2605199606943,0,0,0,0,0,"['이미 정글 땅 다 먹혔는데 욕심을 부려', '이럴때 미드보스 2층 박스', '포기안하면 목숨받아야지']"
2025-09-06T17:04:29.140317,1:29:05,89.08333333333333,10.285925227917517,4,789,6.153533001083893,3.9008816299693086e-05,51.32173074011634,20,10.285925227917517,40.0,3.137304175992102,764.0194679646249,1,0,0,0,1,"['이럴때 미드보스 2층 박스', '포기안하면 목숨받아야지', '쉴드 딸깍']"
2025-09-06T17:04:34.224425,1:29:10,89.16666666666667,9.284506792178544,3,789,3.183896838074333,3.714920929673739e-05,51.70128039168809,20,9.284506792178544,40.0,3.198573758392892,765.7525211681625,1,0,0,0,1,"['포기안하면 목숨받아야지', '쉴드 딸깍', 'ㅋㅋㅋㅋㅋ']"
2025-09-06T17:04:39.237793,1:29:15,89.25,8.586084311479755,2,789,1.6744862154276938,3.534020015370093e-05,50.0,20,8.586084311479755,40.0,3.2637163825536026,767.4622690513462,1,0,0,0,1,"['쉴드 딸깍', 'ㅋㅋㅋㅋㅋ']"
2025-09-06T17:04:44.241161,1:29:20,89.33333333333333,8.598532813911662,2,789,1.6389533131521878,0.0003760424171685088,50.24748737341529,20,8.598532813911662,40.0,3.322344744298243,769.1510421462117,2,0,0,0,2,"['ㅋㅋㅋㅋㅋ', '시원~허이 드가네 ㅋㅋ']"
2025-09-06T17:04:49.244333,1:29:25,89.41666666666667,9.180731747356795,3,789,2.890641327162046,0.0003487697751116831,51.68867774940035,20,9.180731747356795,40.0,3.3751102698684186,770.8209379315906,2,0,0,0,2,"['ㅋㅋㅋㅋㅋ', '시원~허이 드가네 ㅋㅋ', '전라품가면 갰']"
2025-09-06T17:04:54.247552,1:29:30,89.5,9.156420569956019,3,789,2.8212061945981097,0.000326567266614483,51.68867774940035,20,9.156420569956019,40.0,3.422599242881577,772.4738441384316,2,0,0,0,2,"['ㅋㅋㅋㅋㅋ', '시원~허이 드가네 ㅋㅋ', '전라품가면 갰']"
2025-09-06T17:04:59.250224,1:29:35,89.58333333333333,9.25951212135433,4,789,4.881816793010151,3.0745381022179876e-05,45.50863945648368,20,9.25951212135433,40.0,3.4603393185934195,773.9764597245884,1,0,0,0,1,"['시원~허이 드가네 ㅋㅋ', '전라품가면 갰', '!멤버']"
2025-09-06T17:05:04.318048,1:29:40,89.66666666666667,9.22244907841128,4,789,4.775923165431868,3.0062154398810924e-05,45.50863945648368,20,9.22244907841128,40.0,3.4943053867340774,775.3438137521296,1,0,0,0,1,"['시원~허이 드가네 ㅋㅋ', '전라품가면 갰', '!멤버']"
2025-09-06T17:05:09.322179,1:29:45,89.75,9.1801079804192,4,783,4.65494949073078,2.9282537646031383e-05,45.50863945648368,20,9.1801079804192,40.0,3.53487484806067,776.5894323769166,1,0,0,0,1,"['시원~허이 드가네 ㅋㅋ', '전라품가면 갰', '!멤버']"
2025-09-06T17:05:14.324791,1:29:50,89.83333333333333,7.969024347470542,3,783,2.612988892958707,3.0459959025520697e-06,40.54477016536634,20,7.969024347470542,40.0,3.581387363254603,777.695489139225,0,0,0,0,0,"['전라품가면 갰', '!멤버', '개꿀아님?']"
2025-09-06T17:05:19.330359,1:29:55,89.91666666666667,8.525745272405473,2,783,1.4819228177007002,3.0459959025520697e-06,50.07071067811866,20,8.525745272405473,40.0,3.6282486269291425,778.6759402253025,0,0,0,0,0,"['!멤버', '개꿀아님?']"
2025-09-06T17:05:24.440830,1:30:00,90.0,8.298158618486827,1,783,0.851878285967044,3.0459959025520697e-06,50.0,20,8.298158618486827,40.0,3.665423764236228,779.5433462027722,0,0,0,0,0,['개꿀아님?']
2025-09-06T17:05:59.832079,1:30:36,90.6,8.297357539450099,1,783,0.8495624315534878,2.6721015945858414e-05,50.0,20,8.297357539450099,40.0,3.6838813878126055,780.309011582495,1,0,0,0,1,['ㅋㅋㅋㅋㅋㅋㅋㅋㅋㅋ']
2025-09-06T17:06:04.841530,1:30:41,90.68333333333334,8.2975055744806,1,783,0.8499853276726069,2.6774487966833642e-05,50.0,20,8.2975055744806,40.0,3.680493249031345,780.9831104242456,1,0,0,0,1,['ㅋㅋㅋㅋㅋㅋㅋㅋㅋㅋ']
2025-09-06T17:06:09.928670,1:30:46,90.76666666666667,8.531882179287456,2,763,1.4690340184707238,0.00010650823259323526,50.17677669529664,20,8.531882179287456,40.0,3.657443924128211,781.5747993818211,1,0,1,0,2,"['ㅋㅋㅋㅋㅋㅋㅋㅋㅋㅋ', '진짜 실프 게임 개재밋겟다;']"
2025-09-06T17:06:14.935215,1:30:51,90.85,8.538210580075097,2,763,1.487110190559404,0.00011085962410281887,50.17677669529664,20,8.538210580075097,40.0,3.61669953171539,781.9923194436391,1,0,1,0,2,"['ㅋㅋㅋㅋㅋㅋㅋㅋㅋㅋ', '진짜 실프 게임 개재밋겟다;']"
2025-09-06T17:06:20.327906,1:30:56,90.93333333333334,8.548219378031153,2,763,1.5156986046642644,0.00011799217248824559,50.17677669529664,20,8.548219378031153,40.0,3.5550295785438513,782.2530874992752,1,0,1,0,2,"['ㅋㅋㅋㅋㅋㅋㅋㅋㅋㅋ', '진짜 실프 게임 개재밋겟다;']"
2025-09-06T17:06:25.351762,1:31:01,91.01666666666667,9.027783535485566,3,763,2.742533983279157,0.00012773626280645592,50.67845546832739,20,9.027783535485566,40.0,3.479526620689466,782.3577787493477,1,0,1,0,2,"['ㅋㅋㅋㅋㅋㅋㅋㅋㅋㅋ', '진짜 실프 게임 개재밋겟다;', 'ㄲㅂ']"
2025-09-06T17:06:30.422197,1:31:06,91.1,8.603864512995628,2,763,1.5939922103043018,1.3246529990572655e-05,50.45961940777126,20,8.603864512995628,40.0,3.4015739586205194,782.322000874413,0,0,1,0,1,"['진짜 실프 게임 개재밋겟다;', 'ㄲㅂ']"
2025-09-06T17:06:35.435831,1:31:11,91.18333333333334,9.138189587174843,3,763,2.973666011820186,0.00015259995244666077,50.973454430567976,20,9.138189587174843,40.0,3.3214165627584675,782.1598007869718,1,0,1,0,2,"['진짜 실프 게임 개재밋겟다;', 'ㄲㅂ', '황제 게임 ㅋㅋ']"
2025-09-06T17:06:40.539295,1:31:16,91.26666666666667,10.10614617014955,4,763,5.671382469439372,0.00042224696636665384,51.209934070592226,20,10.10614617014955,40.0,3.244274906482621,781.8838207082747,2,0,0,0,2,"['ㄲㅂ', '황제 게임 ㅋㅋ', 'ㅋㅋㅋㅋㅋㅋㅋㅋㅋㅋㅋㅋㅋㅋㅋ']"
2025-09-06T17:06:45.620291,1:31:21,91.35,27.825699146125764,8,763,55.360114415400275,0.8983873035917932,50.90304179298951,20,27.825699146125764,40.0,3.1748474158343587,781.5054386374472,5,0,0,0,5,"['ㄲㅂ', '황제 게임 ㅋㅋ', 'ㅋㅋㅋㅋㅋㅋㅋㅋㅋㅋㅋㅋㅋㅋㅋ']"
2025-09-06T17:06:50.724911,1:31:27,91.45,80.0750308426976,10,763,100.0,92.48354496177433,50.8161285798787,20,80.0750308426976,40.0,3.1373626742509226,781.0348947737025,7,0,0,0,7,"['ㄲㅂ', '황제 게임 ㅋㅋ', 'ㅋㅋㅋㅋㅋㅋㅋㅋㅋㅋㅋㅋㅋㅋㅋ']"
2025-09-06T17:06:55.817878,1:31:32,91.53333333333333,83.04014232009557,11,763,100.0,100.0,50.401423200955726,20,83.04014232009557,40.0,3.14362640682583,780.4814052963322,8,0,0,0,8,"['ㅋㅋㅋㅋㅋㅋㅋㅋㅋㅋㅋㅋㅋㅋㅋ', '끼야악', '괜찮아 서폿이야~']"
2025-09-06T17:07:00.832259,1:31:37,91.61666666666666,83.0529573248865,12,763,100.0,100.0,50.529573248865034,20,83.0529573248865,40.0,3.194263766143247,779.8532647666991,8,1,0,0,9,"['끼야악', '괜찮아 서폿이야~', 'ㅋㅋㅋㅋㅋㅋㅋㅋ']"
2025-09-06T17:07:05.836655,1:31:42,91.7,82.66939519030583,13,763,100.0,100.0,46.693951903058334,20,82.66939519030583,40.0,3.2848373895289225,779.1579382900292,7,1,0,0,8,"['ㅋㅋㅋㅋㅋㅋㅋㅋ', 'ㅋㅋㅋㅋㅋㅋㅋ', 'ㅋㅋㅋㅋㅋㅋㅋㅋㅋㅋ']"
2025-09-06T17:07:10.920909,1:31:47,91.78333333333333,82.41945582508372,11,774,100.0,100.0,44.19455825083722,20,82.41945582508372,40.0,3.4163536505760304,778.4021444610262,7,1,0,0,8,"['ㅋㅋㅋㅋㅋㅋㅋ', 'ㅋㅋㅋㅋㅋㅋㅋㅋㅋㅋ', 'ㅋㅋㅋㅋㅋㅋ']"
2025-09-06T17:07:15.938213,1:31:52,91.86666666666666,15.141407224475346,7,774,22.248302780869103,0.017995852822458656,43.47302910042177,20,15.141407224475346,40.0,3.5697182855184275,777.6469300149237,3,1,0,0,4,"['ㅋㅋㅋㅋ', '줄건줘 ㅇㅇ', 'ㅋㅋㅋㅋㅋㅋㅋ']"
2025-09-06T17:07:21.020197,1:31:57,91.95,14.128820933628177,7,774,19.254666104684954,0.0014685854266597684,43.89100362817779,20,14.128820933628177,40.0,3.7227464569665845,776.8922370134313,2,1,0,0,3,"['줄건줘 ㅇㅇ', 'ㅋㅋㅋㅋㅋㅋㅋ', '이건 어디서 하는거에요???']"
2025-09-06T17:07:26.118190,1:32:02,92.03333333333333,10.245350525409549,6,774,10.395150016216544,0.00014610472703033183,51.06989577842946,10,10.245350525409549,40.0,3.875471811269926,776.1680133120882,1,1,0,0,2,"['이건 어디서 하는거에요???', '서폿은 이게 맞아', '스팀']"
2025-09-06T17:07:31.125816,1:32:07,92.11666666666666,8.635388268361734,5,774,5.7646176984755915,2.219711434164017e-05,51.177631950495396,10,8.635388268361734,40.0,4.027924630142934,775.4712119808794,1,0,0,0,1,"['서폿은 이게 맞아', '스팀', 'ㅋㅋㅋㅋ']"
2025-09-06T17:07:36.133003,1:32:12,92.2,7.363867987077585,3,774,2.0612629713940214,2.064850472905671e-05,51.42417687687786,10,7.363867987077585,40.0,4.18013216712864,774.7990907827915,1,0,0,0,1,"['ㅋㅋㅋㅋ', '이미 하고 있는 유저에게서 초대 받아야', '초대코드있어야함']"
2025-09-06T17:07:41.322382,1:32:17,92.28333333333333,6.980562781928059,2,774,1.2417132078644917,3.0459959025520697e-06,50.45961940777126,10,6.980562781928059,40.0,4.327118950415777,774.1491817045124,0,0,0,0,0,"['이미 하고 있는 유저에게서 초대 받아야', '초대코드있어야함']"
2025-09-06T17:07:46.325780,1:32:22,92.36666666666666,6.436018018403962,3,774,1.8829160387489514,3.0459959025520697e-06,42.76996186443468,10,6.436018018403962,40.0,4.464407055374199,773.5192635340612,0,0,0,0,0,"['이미 하고 있는 유저에게서 초대 받아야', '초대코드있어야함', '아낌없이 주는 페이지']"
2025-09-06T17:07:51.340089,1:32:27,92.45,6.922310529677957,2,774,1.1762934558908509,3.0459959025520697e-06,50.10606601717798,10,6.922310529677957,40.0,4.5979663498367795,772.9073371806551,0,0,0,0,0,"['초대코드있어야함', '아낌없이 주는 페이지']"
2025-09-06T17:07:56.351437,1:32:32,92.53333333333333,6.764110663194416,1,774,0.7545984137030153,3.0459959025520697e-06,50.0,10,6.764110663194416,40.0,4.718169714853102,772.4116034625896,0,0,0,0,0,['아낌없이 주는 페이지']
2025-09-06T17:08:01.635091,1:32:37,92.61666666666666,8.399066794932423,2,774,1.1300858360803727,3.0459959025520697e-06,50.03535533905933,20,8.399066794932423,40.0,4.821352743367791,772.0204431163306,0,0,0,0,0,"['아낌없이 주는 페이지', '실프님 키우기 게임 ㅋ']"
2025-09-06T17:08:06.721827,1:32:43,92.71666666666667,8.538537979617718,4,794,2.493533816974602,7.901887100319673e-05,46.657695361282066,20,8.538537979617718,40.0,4.914217469031013,771.7233988046976,2,0,0,0,2,"['아낌없이 주는 페이지', '실프님 키우기 게임 ㅋ', 'ㅋㅋㅋㅋㅋㅋㅋㅋ']"
2025-09-06T17:08:11.725280,1:32:48,92.8,8.514040247047681,4,794,2.423545354113325,7.45924495249449e-05,46.657695361282066,20,8.514040247047681,40.0,5.002795722127912,771.6110589242278,2,0,0,0,2,"['아낌없이 주는 페이지', '실프님 키우기 게임 ㅋ', 'ㅋㅋㅋㅋㅋㅋㅋㅋ']"
2025-09-06T17:08:16.730404,1:32:53,92.88333333333334,8.653615760248494,3,794,1.5975909538487951,7.050565468975796e-05,50.94430724139539,20,8.653615760248494,40.0,5.092516149915121,771.6649530318051,2,0,0,0,2,"['실프님 키우기 게임 ㅋ', 'ㅋㅋㅋㅋㅋㅋㅋㅋ', 'ㅋㅋㅋ']"
2025-09-06T17:08:21.733817,1:32:58,92.96666666666667,8.643505263348148,3,794,1.5687076761134358,6.713142226397667e-05,50.94430724139539,20,8.643505263348148,40.0,5.173264534923609,771.8684577286247,2,0,0,0,2,"['실프님 키우기 게임 ㅋ', 'ㅋㅋㅋㅋㅋㅋㅋㅋ', 'ㅋㅋㅋ']"
2025-09-06T17:08:26.749832,1:33:03,93.05,10.13540599533948,3,794,1.5455699139579195,6.45032866744851e-05,50.94430724139539,30,10.13540599533948,40.0,5.240938081431248,772.2066119557622,2,0,0,0,2,"['실프님 키우기 게임 ㅋ', 'ㅋㅋㅋㅋㅋㅋㅋㅋ', 'ㅋㅋㅋ']"
2025-09-06T17:08:31.821586,1:33:08,93.13333333333334,9.886041847096518,2,794,1.0523968762926745,6.31771610449433e-05,50.17677669529664,30,9.886041847096518,40.0,5.276844273288123,772.665950760186,2,0,0,0,2,"['ㅋㅋㅋㅋㅋㅋㅋㅋ', 'ㅋㅋㅋ']"
2025-09-06T17:08:51.936267,1:33:28,93.46666666666667,9.75270074694912,1,794,0.7219986530021689,3.0459959025520697e-06,50.0,30,9.75270074694912,40.0,5.269159845959312,773.2343556841674,0,0,0,0,0,['페이지 주먹에 스피릿계수 있다는데']
2025-09-06T17:08:56.938643,1:33:33,93.55,9.87886957288259,2,794,1.0622779619210354,3.0459959025520697e-06,50.07071067811866,30,9.87886957288259,40.0,5.212243861363381,773.9009201157508,0,0,0,0,0,"['페이지 주먹에 스피릿계수 있다는데', '평타도 스킬도 다 되게 느리네']"
2025-09-06T17:09:02.019363,1:33:38,93.63333333333334,10.229597997016388,3,794,1.5908451688582625,3.0459959025520697e-06,51.72800969517635,30,10.229597997016388,40.0,5.111019475227042,774.6558281041757,0,0,0,0,0,"['페이지 주먹에 스피릿계수 있다는데', '평타도 스킬도 다 되게 느리네', '수호방벽이']"
2025-09-06T17:09:07.038504,1:33:43,93.71666666666667,9.998776033042635,4,766,2.4490040148736965,3.0459959025520697e-06,46.41623409438479,30,9.998776033042635,40.0,4.969917527704339,775.4902452937581,0,0,0,0,0,"['페이지 주먹에 스피릿계수 있다는데', '평타도 스킬도 다 되게 느리네', '수호방벽이']"
2025-09-06T17:09:12.128338,1:33:48,93.8,10.790978961734229,5,766,3.890631576325723,3.0459959025520697e-06,49.29256691621865,30,10.790978961734229,40.0,4.807925774933905,776.2012207643824,0,0,0,0,0,"['페이지 주먹에 스피릿계수 있다는데', '평타도 스킬도 다 되게 느리네', '수호방벽이']"
2025-09-06T17:09:17.132030,1:33:53,93.88333333333334,10.887161670074512,5,766,4.165439314440819,3.0459959025520697e-06,49.29256691621865,30,10.887161670074512,40.0,4.652133197440515,776.8010986879442,0,0,0,0,0,"['페이지 주먹에 스피릿계수 있다는데', '평타도 스킬도 다 되게 느리네', '수호방벽이']"
2025-09-06T17:09:22.140194,1:33:58,93.96666666666667,9.774935865318609,5,766,4.468252079514669,0.0001064703618812782,37.11005049343722,30,9.774935865318609,40.0,4.501919877696464,777.3009888191498,2,0,0,0,2,"['수호방벽이', '그나마?', '데드락표 미카엘']"
2025-09-06T17:09:27.217286,1:34:03,94.05,15.324891814328495,8,766,17.705809882488097,0.004676693272882934,46.259876781485076,30,15.324891814328495,40.0,4.361727889926819,777.7108899372348,4,0,0,0,4,"['수호방벽이', '그나마?', '데드락표 미카엘']"
2025-09-06T17:09:32.230740,1:34:08,94.13333333333334,14.017859618176944,7,766,12.520378609507679,0.005665939803295755,51.334607289279376,30,14.017859618176944,40.0,4.250555100934137,778.0398009435114,4,0,0,0,4,"['그나마?', '데드락표 미카엘', 'ㅋㅋㅋㅋㅋㅋㅋㅋㅋㅋㅋㅋㅋ']"
2025-09-06T17:09:37.240643,1:34:13,94.21666666666667,12.585907002889472,6,766,8.436539864828593,0.006546833895026632,51.30499316641453,30,12.585907002889472,40.0,4.170499590840723,778.2958208491602,4,0,0,0,4,"['데드락표 미카엘', 'ㅋㅋㅋㅋㅋㅋㅋㅋㅋㅋㅋㅋㅋ', 'ㅋㅋㅋㅋㅋㅋㅋㅋㅋㅋ']"
2025-09-06T17:09:42.337538,1:34:18,94.3,11.490267259671157,5,766,5.466840268834734,0.007213474321028656,50.73987775850588,30,11.490267259671157,40.0,4.1184496317566515,778.4862387642443,4,0,0,0,4,"['ㅋㅋㅋㅋㅋㅋㅋㅋㅋㅋㅋㅋㅋ', 'ㅋㅋㅋㅋㅋㅋㅋㅋㅋㅋ', 'ㅋㅋㅋㅋㅋㅋ']"
2025-09-06T17:09:47.522119,1:34:23,94.38333333333334,11.531694884939995,5,766,5.584605945748045,0.007737570193976567,50.73987775850588,30,11.531694884939995,40.0,4.081604668580987,778.6176148878199,4,0,0,0,4,"['ㅋㅋㅋㅋㅋㅋㅋㅋㅋㅋㅋㅋㅋ', 'ㅋㅋㅋㅋㅋㅋㅋㅋㅋㅋ', 'ㅋㅋㅋㅋㅋㅋ']"
2025-09-06T17:09:52.525243,1:34:28,94.46666666666667,10.356488378379067,3,766,2.1470694621823525,0.0001562369119592885,51.0495157185046,30,10.356488378379067,40.0,4.063444201722888,778.6958533990378,2,0,0,0,2,"['ㅋㅋㅋㅋㅋㅋ', '페이지 유저들 성향파악하는 방법 : 첫템 분할탄 vs 수호결계', 'ㅋㅋㅋㅋㅋㅋㅋ']"
2025-09-06T17:10:02.627670,1:34:38,94.63333333333334,10.011493972518661,2,766,1.3199865126778292,3.0459959025520697e-06,50.494974746830586,30,10.011493972518661,40.0,4.057099781550599,778.726268059134,0,0,0,0,0,"['마치 뭐랄까', '1번이 은근 맞추기 까다로워서 그런가']"
2025-09-06T17:10:07.637484,1:34:43,94.71666666666667,9.302702823721045,3,747,2.156421168832421,3.0459959025520697e-06,40.47954196231338,30,9.302702823721045,40.0,4.05138980339554,778.7136412532207,0,0,0,0,0,"['마치 뭐랄까', '1번이 은근 맞추기 까다로워서 그런가', '룰루 같은 느낌인듯 얘는']"
2025-09-06T17:10:13.531019,1:34:49,94.81666666666666,9.305481954183536,3,747,2.1643615415823914,3.0459959025520697e-06,40.47954196231338,30,9.305481954183536,40.0,4.041250823055986,778.4672771278986,0,0,0,0,0,"['마치 뭐랄까', '1번이 은근 맞추기 까다로워서 그런가', '룰루 같은 느낌인듯 얘는']"
2025-09-06T17:10:18.534039,1:34:54,94.9,9.309394058076279,3,747,2.175538981275944,3.0459959025520697e-06,40.47954196231338,30,9.309394058076279,40.0,4.027125740750387,778.0105494151087,0,0,0,0,0,"['마치 뭐랄까', '1번이 은근 맞추기 까다로워서 그런가', '룰루 같은 느낌인듯 얘는']"
2025-09-06T17:10:23.617776,1:34:59,94.98333333333333,9.312955738775031,3,747,2.1857152118438035,3.0459959025520697e-06,40.47954196231338,30,9.312955738775031,40.0,4.014413166675348,777.3644944735978,0,0,0,0,0,"['마치 뭐랄까', '1번이 은근 맞추기 까다로워서 그런가', '룰루 같은 느낌인듯 얘는']"
2025-09-06T17:10:28.639073,1:35:04,95.06666666666666,9.316194803095026,3,747,2.1949696813295043,3.0459959025520697e-06,40.47954196231338,30,9.316194803095026,40.0,4.002971850007814,776.548045026238,0,0,0,0,0,"['마치 뭐랄까', '1번이 은근 맞추기 까다로워서 그런가', '룰루 같은 느낌인듯 얘는']"
2025-09-06T17:10:33.648152,1:35:09,95.15,8.285171274149857,1,747,0.8147715878614148,3.0459959025520697e-06,50.0,20,8.285171274149857,40.0,3.9926746650070326,775.5782405236143,0,0,0,0,0,['룰루 같은 느낌인듯 얘는']
2025-09-06T17:11:49.318310,1:36:25,96.41666666666667,8.285687782155698,1,750,0.8162305824152888,1.7695775866014297e-05,50.0,20,8.285687782155698,40.0,3.9784071985063294,774.470416471253,0,1,0,0,1,['오우']
2025-09-06T17:11:54.323070,1:36:30,96.5,8.286151333970654,1,750,0.8175549006217022,1.779688264283691e-05,50.0,20,8.286151333970654,40.0,3.9655664786556963,773.2533748241277,0,1,0,0,1,['오우']
2025-09-06T17:11:59.426103,1:36:35,96.58333333333333,8.286754599547518,1,750,0.8192783654707597,1.792908187977714e-05,50.0,20,8.286754599547518,40.0,3.9490098307901267,771.9380373417149,0,1,0,0,1,['오우']
2025-09-06T17:12:04.430350,1:36:40,96.66666666666667,8.287673915330625,1,750,0.8219047502117445,1.8131891289868742e-05,50.0,20,8.287673915330625,40.0,3.924108847711114,770.5342336075433,0,1,0,0,1,['오우']
2025-09-06T17:12:09.534503,1:36:45,96.75,9.59209195915237,4,770,3.8090913671079196,0.0088635767602915,52.55364549960481,20,9.59209195915237,40.0,3.8866979629400027,769.190810246789,3,1,0,0,4,"['오우', 'ㅋㅋㅋㅋㅋㅋㅋㅋㅋ', 'ㅋㅋㅋㅋㅋㅋㅋㅋㅋㅋㅋㅋㅋㅋㅋㅋㅋㅋ']"
2025-09-06T17:12:14.542129,1:36:50,96.83333333333333,14.650345233887485,7,770,17.226906050557893,2.8780430409902515,44.697108997961216,20,14.650345233887485,40.0,3.8480281666460026,768.0017292221102,4,3,0,0,7,"['오우', 'ㅋㅋㅋㅋㅋㅋㅋㅋㅋ', 'ㅋㅋㅋㅋㅋㅋㅋㅋㅋㅋㅋㅋㅋㅋㅋㅋㅋㅋ']"
2025-09-06T17:12:19.638754,1:36:55,96.91666666666667,29.024603136963428,10,770,63.347110419098165,0.510424789347441,36.48944574540097,20,29.024603136963428,40.0,3.8232253499814024,766.9515562998992,4,2,0,0,6,"['ㅋㅋㅋㅋㅋㅋㅋㅋㅋ', 'ㅋㅋㅋㅋㅋㅋㅋㅋㅋㅋㅋㅋㅋㅋㅋㅋㅋㅋ', 'ㅋㅋㅋㅋㅋㅋㅋㅋㅋ']"
2025-09-06T17:12:24.646678,1:37:00,97.0,50.868001834299555,16,770,100.0,22.68848092347712,37.926094649087105,20,50.868001834299555,40.0,3.8259028149832623,766.0264006699092,5,3,0,0,8,"['어?', '이게 사네', '사나?']"
2025-09-06T17:12:29.649534,1:37:05,97.08333333333333,49.55374067509922,16,770,100.0,19.402828025476282,37.926094649087105,20,49.55374067509922,40.0,3.8683125334849366,765.2137606029182,5,3,0,0,8,"['어?', '이게 사네', '사나?']"
2025-09-06T17:12:34.732885,1:37:11,97.18333333333334,81.20147112194402,23,770,100.0,100.0,32.014711219440315,20,81.20147112194402,49.55374067509922,3.951481280136443,764.5023845426265,11,5,0,1,17,"['이걸사네', '이게 살아? ㅋㅋㅋ', '2걸 사네']"
2025-09-06T17:12:39.736970,1:37:16,97.26666666666667,81.58718939033157,29,770,100.0,100.0,35.87189390331576,20,81.58718939033157,50.868001834299555,4.111333152122799,763.8821460883639,15,8,0,1,24,"['와 ㅋㅋㅋㅋㅋㅋㅋㅋㅋㅋㅋㅋㅋㅋㅋㅋㅋ', 'ㅋㅋㅋㅋㅋㅋ', '.ㅋㅋㅋㅋㅋㅋㅋ']"
2025-09-06T17:12:44.740981,1:37:21,97.35,81.55192263494104,31,770,100.0,100.0,35.51922634941035,20,81.55192263494104,80.0,4.375199836910519,763.3439314795276,18,9,0,1,28,"['ㅋㅋㅋㅋㅋㅋㅋㅋㅋㅋㅋㅋㅋㅋㅋㅋㅋㅋ', '와', 'ㅋㅋㅋㅋㅋㅋㅋㅋㅋㅋㅋㅋ']"
2025-09-06T17:12:49.817253,1:37:26,97.43333333333334,81.67428139947118,30,770,100.0,100.0,36.7428139947118,20,81.67428139947118,80.0,4.742679853219467,762.8795383315748,23,10,0,1,34,"['비밥 이악물고 쫒아오네 ㅋㅋㅋ', 'ㅋㅋㅋㅋㅋㅋㅋㅋㅋㅋㅋㅋ', '이걸 사네 ㅋㅋㅋㅋㅋㅋㅋ']"
2025-09-06T17:12:54.822307,1:37:31,97.51666666666667,81.65606616574944,30,770,100.0,100.0,36.56066165749433,20,81.65606616574944,80.0,5.208411867897521,762.4815844984174,23,10,0,1,34,"['ㅋㅋㅋㅋㅋㅋㅋㅋㅋㅋㅋㅋ', '이걸 사네 ㅋㅋㅋㅋㅋㅋㅋ', '와']"
2025-09-06T17:12:59.825584,1:37:36,97.6,81.69269159157028,33,770,100.0,100.0,36.9269159157028,20,81.69269159157028,80.0,5.767570681107769,762.1434260485756,24,10,0,1,35,"['ㅋㅋㅋㅋㅋㅋㅋㅋㅋ', '미친놈이네 여기까지 쫓아와 ㅋㅋㅋㅋㅋㅋㅋㅋㅋㅋㅋㅋㅋㅋㅋㅋㅋㅋㅋ', '이걸사네 ㅋㅋㅋㅋ']"
2025-09-06T17:13:05.144173,1:37:41,97.68333333333334,82.57627112795927,24,770,100.0,100.0,45.76271127959278,20,82.57627112795927,80.0,6.420813612996993,761.9540834437181,16,8,0,1,25,"['이걸사네 ㅋㅋㅋㅋ', 'ㅋㅋㅋㅋㅋ', 'ㅋㅋㅋㅋㅋㅋㅋㅋㅋㅋㅋㅋㅋㅋㅋㅋㅋㅋㅋㅋㅋㅋ']"
2025-09-06T17:13:10.525304,1:37:46,97.76666666666667,67.43053737280653,18,789,56.20571178313973,100.0,47.58538248707625,20,67.43053737280653,80.0,7.113732251697294,761.8986750993463,12,6,0,1,19,"['ㅋㅋㅋㅋㅋ', 'ㅋㅋㅋㅋㅋㅋㅋㅋㅋㅋㅋㅋㅋㅋㅋㅋㅋㅋㅋㅋㅋㅋ', '궁썻는데도 못잡았어 ㅋㅋㅋㅋ']"
2025-09-06T17:13:15.528231,1:37:51,97.85,11.86585331788899,12,789,10.157865097664848,0.5106748684142568,51.063305863405894,20,11.86585331788899,80.0,7.812359026527565,762.0588075894117,8,4,0,1,13,"['ㅋㅋㅋㅋㅋ', 'ㅋㅋㅋㅋㅋㅋㅋㅋㅋㅋㅋㅋㅋㅋㅋㅋㅋㅋㅋㅋㅋㅋ', '궁썻는데도 못잡았어 ㅋㅋㅋㅋ']"
2025-09-06T17:13:20.543933,1:37:56,97.93333333333334,9.004018817971708,7,789,2.54784641731392,0.0003394762004380764,51.121367814316606,20,9.004018817971708,80.0,8.486123123874808,762.4129268304705,3,2,0,1,6,"['개잘빨았네', '7피로 살았네ㅋㅋㅋㅋ', '활력 하나 ㄱ?']"
2025-09-06T17:13:25.618814,1:38:01,98.01666666666667,8.762046000415246,6,789,1.8330490494657552,0.0002455243797566586,51.20380623350328,20,8.762046000415246,80.0,9.112510811487327,762.9416341474234,3,2,0,1,6,"['7피로 살았네ㅋㅋㅋㅋ', '활력 하나 ㄱ?', '살았죠 ?']"
2025-09-06T17:13:30.622412,1:38:06,98.1,6.310584376000374,2,789,0.7459462362689979,1.4296557916741777e-05,30.494974746830582,20,6.310584376000374,80.0,9.701259730338595,763.6274707326811,1,1,0,0,2,"['서촛 잡으려고 궁을 켜버리네 ㅋㅋㅋㅋ', '미친 집요함']"
2025-09-06T17:13:35.625969,1:38:11,98.18333333333334,8.287361733894215,2,789,0.7301047256447907,1.3186912861960472e-05,50.31819805153395,20,8.287361733894215,80.0,10.236133757304737,764.439723659413,1,1,0,0,2,"['미친 집요함', '데드락이여 데바데여 ㄹㅇㅋㅋ']"
2025-09-06T17:13:40.631255,1:38:16,98.26666666666667,8.208471758542792,1,789,0.5956262550020512,6.423230183180611e-06,50.0,20,8.208471758542792,80.0,10.722520381574263,765.3657512934717,1,0,0,0,1,['데드락이여 데바데여 ㄹㅇㅋㅋ']
2025-09-06T17:13:45.633931,1:38:21,98.35,8.206956550989368,1,789,0.5912973022773147,6.2379807685884185e-06,50.0,20,8.206956550989368,80.0,11.160268343416837,766.3941761641245,1,0,0,0,1,['데드락이여 데바데여 ㄹㅇㅋㅋ']
2025-09-06T17:13:50.716618,1:38:26,98.43333333333334,8.205699447486333,1,789,0.5877057501221266,6.087358973040879e-06,50.0,20,8.205699447486333,80.0,11.554241509075153,767.5147585477121,1,0,0,0,1,['데드락이여 데바데여 ㄹㅇㅋㅋ']
2025-09-06T17:13:55.824947,1:38:32,98.53333333333333,8.273860503153795,2,789,0.6915380306236707,5.968205290949916e-06,50.31819805153395,20,8.273860503153795,80.0,11.893817358167638,768.6182826929409,1,0,0,0,1,"['데드락이여 데바데여 ㄹㅇㅋㅋ', '살인마 비밥']"
2025-09-06T17:14:01.022113,1:38:37,98.61666666666666,9.771997885865368,2,789,0.6862163718747638,5.876389512842948e-06,50.31819805153395,30,9.771997885865368,80.0,12.174435622350876,769.7064544236468,1,0,0,0,1,"['데드락이여 데바데여 ㄹㅇㅋㅋ', '살인마 비밥']"
2025-09-06T17:14:06.026141,1:38:42,98.7,9.703325339686366,1,789,0.5809260608228689,3.0459959025520697e-06,50.0,30,9.703325339686366,80.0,12.386992060115787,770.7808089812822,0,0,0,0,0,['살인마 비밥']
2025-09-06T17:14:11.028917,1:38:47,98.78333333333333,9.703021094419455,1,776,0.5800567886316973,3.0459959025520697e-06,50.0,30,9.703021094419455,80.0,12.50329285410421,771.842728083154,0,0,0,0,0,['살인마 비밥']
2025-09-06T17:14:16.141328,1:38:52,98.86666666666666,9.702944450938592,1,776,0.5798378072578013,3.0459959025520697e-06,50.0,30,9.702944450938592,80.0,12.532963568693788,772.8284552748387,0,0,0,0,0,['살인마 비밥']
2025-09-06T17:14:21.218491,1:38:57,98.95,9.70316061756619,1,776,0.5804554261937983,3.0459959025520697e-06,50.0,30,9.70316061756619,80.0,12.449667211824408,773.7456097473549,0,0,0,0,0,['살인마 비밥']
2025-09-06T17:14:31.224442,1:39:07,99.11666666666666,9.808043833792201,3,776,0.8062883753451782,2.1659874587196735e-05,50.25834238471554,30,9.808043833792201,80.0,12.234700490641968,774.6010487726195,3,0,0,0,3,"['ㅋㅋㅋㅋㅋㅋㅋㅋ', 'ㅋㅋㅋ', 'ㅋㅋㅋㅋㅋ']"
2025-09-06T17:14:36.333819,1:39:12,99.2,10.08049778006326,7,776,1.5946608194732548,8.777919394479826e-05,50.22331381570042,30,10.08049778006326,80.0,11.901230441577772,775.4009438953575,5,0,0,0,5,"['ㅋㅋㅋㅋㅋㅋㅋㅋ', 'ㅋㅋㅋ', 'ㅋㅋㅋㅋㅋ']"
2025-09-06T17:14:41.438305,1:39:17,99.28333333333333,10.028592840889434,9,776,2.3481265820902646,0.00039912751463977723,47.065888861519845,30,10.028592840889434,80.0,11.486107397419994,776.1508495058217,7,0,0,0,7,"['ㅋㅋㅋㅋㅋㅋㅋㅋ', 'ㅋㅋㅋ', 'ㅋㅋㅋㅋㅋ']"
2025-09-06T17:14:46.441750,1:39:22,99.36666666666666,10.710088544730027,11,776,3.59243347443864,0.0021107827578133133,49.51892515573378,30,10.710088544730027,80.0,11.007496657677995,776.8557645552396,9,0,0,0,9,"['ㅋㅋㅋ', 'ㅋㅋㅋㅋㅋ', 'ㅋㅋㅋㅋㅋㅋ']"
2025-09-06T17:14:51.444941,1:39:27,99.45,10.744402732693818,12,776,4.792438876576006,0.0029593982347516667,45.65865366598315,30,10.744402732693818,80.0,10.466746991910197,777.5201880997157,9,0,0,0,9,"['ㅋㅋㅋㅋㅋ', 'ㅋㅋㅋㅋㅋㅋ', 'ㅋㅋㅋㅋㅋㅋㅋㅋㅋ']"
2025-09-06T17:14:56.549244,1:39:32,99.53333333333333,10.964751240747018,12,776,5.420447081886345,0.004323488721203855,45.65865366598315,30,10.964751240747018,80.0,9.920072292719178,778.1481692897441,9,0,0,0,9,"['ㅋㅋㅋㅋㅋ', 'ㅋㅋㅋㅋㅋㅋ', 'ㅋㅋㅋㅋㅋㅋㅋㅋㅋ']"
2025-09-06T17:15:01.624752,1:39:37,99.61666666666666,11.031699243930767,10,776,4.078829333252101,0.0011790866550477567,51.03637342630511,30,11.031699243930767,80.0,9.39806506344726,778.6483523607696,5,2,0,1,8,"['ㅋㅋㅋㅋㅋㅋㅋㅋㅋ', '빅버지...', '그저 빅버지']"
2025-09-06T17:15:06.631525,1:39:42,99.7,10.443597818503068,7,776,2.3544065369232867,0.0006625137392480049,51.19290525084218,30,10.443597818503068,80.0,8.918258557102536,779.0335171246927,4,2,0,1,7,"['ㅋㅋㅋㅋㅋㅋ', '딜러들 단식선언 ㅋㅋ', '실프죽엇다 ㅋㅋㅋㅋㅋㅋㅋㅋ']"
2025-09-06T17:15:11.637502,1:39:47,99.78333333333333,10.078057176386428,4,776,1.264473791416322,5.1514899063393404e-05,51.3547074343109,30,10.078057176386428,80.0,8.486432701392282,779.3151654122235,1,2,0,1,4,"['ㅋㅋ', '어 실아들 죽었다', '동생을 대학 보내기 위해 ㅠㅠㅠ 형님은 오늘도 고생한다']"
2025-09-06T17:15:16.730801,1:39:52,99.86666666666666,10.010683583606543,3,769,1.0356041436773935,2.202368985469058e-05,51.48213323843513,30,10.010683583606543,80.0,8.087789431253054,779.5036488710011,0,2,0,1,3,"['어 실아들 죽었다', '동생을 대학 보내기 위해 ㅠㅠㅠ 형님은 오늘도 고생한다', '공부하라고 유학보냈더니 !!']"
2025-09-06T17:15:21.737316,1:39:58,99.96666666666667,9.842873531317416,2,769,0.8280882253384513,2.410964992048465e-05,50.53033008588991,30,9.842873531317416,80.0,7.7340104881277485,779.573283983901,0,2,0,1,3,"['동생을 대학 보내기 위해 ㅠㅠㅠ 형님은 오늘도 고생한다', '공부하라고 유학보냈더니 !!']"
2025-09-06T17:15:26.824750,1:40:03,100.05,9.84935504307716,2,769,0.8466042708560405,2.634922138553197e-05,50.53033008588991,30,9.84935504307716,80.0,7.415609439314974,779.5359555855109,0,2,0,1,3,"['동생을 대학 보내기 위해 ㅠㅠㅠ 형님은 오늘도 고생한다', '공부하라고 유학보냈더니 !!']"
2025-09-06T17:15:36.923572,1:40:13,100.21666666666667,9.802662894665936,2,769,0.864741841046543,8.125749113492923e-06,50.0,30,9.802662894665936,80.0,7.134048495383476,779.4023600269599,0,1,0,0,1,"['천마빔', '와 빔']"
2025-09-06T17:15:41.929607,1:40:18,100.3,10.852254229513125,7,769,3.716476499111823,0.0024269297263886467,50.50516682933432,30,10.852254229513125,80.0,6.8856436458451284,779.1821240242639,4,2,0,0,6,"['천마빔', '와 빔', 'ㅋㅋㅋㅋㅋㅋㅋ']"
2025-09-06T17:15:46.932569,1:40:23,100.38333333333334,16.797987940708683,12,769,16.427231978172312,0.009730496429656224,50.44564549776512,40,16.797987940708683,80.0,6.692079281260616,778.8839116218376,5,2,0,0,7,"['ㅋㅋㅋㅋㅋㅋㅋ', 'ㅋㅋㅋㅋㅋㅋㅋㅋㅋㅋㅋㅋ', '와 천마빔 겁나 아프네']"
2025-09-06T17:15:51.947205,1:40:28,100.46666666666667,37.336382552937636,18,769,74.62788261992854,0.43697642833138733,50.41833064630093,40,37.336382552937636,80.0,6.567871353134555,778.5155204596538,8,2,0,0,10,"['검은색', '아', '아']"
2025-09-06T17:15:57.025509,1:40:33,100.55,44.530135842792944,20,769,100.0,0.46289777150458794,48.4497673419111,30,44.530135842792944,80.0,6.5360842178211,778.0839684136884,8,2,0,0,10,"['아', 'ㅋㅋㅋ', '아']"
2025-09-06T17:16:02.030702,1:40:38,100.63333333333334,40.448492663207624,19,769,87.83143994700538,0.41066075818455594,50.43224378481923,30,40.448492663207624,80.0,6.6024757960389895,777.5955715723196,8,2,0,0,10,"['아', 'ㅋㅋㅋ', '아']"
2025-09-06T17:16:07.035935,1:40:43,100.71666666666667,33.30603568164067,18,784,67.76984585191349,0.1122309464481324,50.41697254891702,30,33.30603568164067,80.0,6.752228216435091,777.1210144150876,8,1,0,0,9,"['아', 'ㅋㅋㅋ', '아']"
2025-09-06T17:16:12.039505,1:40:48,100.8,16.131275478634954,13,784,18.71406151875145,0.000299948440715845,50.81233967695662,30,16.131275478634954,80.0,6.972005394791582,776.733912973579,4,0,0,0,4,"['ㅋㅋㅋ', '아', '아..']"
2025-09-06T17:16:17.044441,1:40:53,100.88333333333334,10.784874290329578,7,784,3.3794208669951296,8.421888445961849e-05,51.02043299327497,30,10.784874290329578,80.0,7.229804855312424,776.4255216762211,3,0,0,0,3,"['ㅋㅋㅋㅋㅋㅋㅋㅋㅋㅋㅋㅋㅋㅋ', '아', 'ㅋㅋㅋㅋㅋㅋㅋㅋㅋ']"
2025-09-06T17:16:22.048046,1:40:58,100.96666666666667,9.987429615587851,3,784,1.0993825826028756,3.0459959025520697e-06,51.02644493278484,30,9.987429615587851,80.0,7.481824369781181,776.187969508599,0,0,0,0,0,"['실쪽이였네', '교수님의 궁으로', '왜 T포즈임']"
2025-09-06T17:16:27.120977,1:41:03,101.05,9.724341603219846,1,784,0.640972528061386,3.0459959025520697e-06,50.0,30,9.724341603219846,80.0,7.688641932803064,776.0141725577392,0,0,0,0,0,['왜 T포즈임']
2025-09-06T17:16:32.137650,1:41:08,101.13333333333334,9.723259229394241,1,784,0.6378800314168013,3.0459959025520697e-06,50.0,30,9.723259229394241,80.0,7.834777739522758,775.8977553019654,0,0,0,0,0,['왜 T포즈임']
2025-09-06T17:16:37.147804,1:41:13,101.21666666666667,9.722674964587886,1,784,0.6362107033986436,3.0459959025520697e-06,50.0,30,9.722674964587886,80.0,7.916299965570482,775.8329797717688,0,0,0,0,0,['왜 T포즈임']
2025-09-06T17:16:47.223238,1:41:23,101.38333333333334,9.722545172796725,1,784,0.6358398697096096,3.0459959025520697e-06,50.0,30,9.722545172796725,80.0,7.934669969013434,775.8146817945919,0,0,0,0,0,['장막 가죠']
2025-09-06T17:16:52.227530,1:41:28,101.46666666666667,9.920296167648857,3,784,1.0543144416204577,3.0459959025520697e-06,50.51284894683336,30,9.920296167648857,80.0,7.896202972112091,775.8382136151328,0,0,0,0,0,"['장막 가죠', '맞다', '활력의 대가 하나 가죠?']"
2025-09-06T17:16:57.233355,1:41:33,101.55,9.922785554654274,3,784,1.0614269759216475,3.0459959025520697e-06,50.51284894683336,30,9.922785554654274,80.0,7.826582674900882,775.8993922536195,0,0,0,0,0,"['장막 가죠', '맞다', '활력의 대가 하나 가죠?']"
2025-09-06T17:17:02.239013,1:41:38,101.63333333333334,9.92582161633836,3,784,1.070101437876183,3.0459959025520697e-06,50.51284894683336,30,9.92582161633836,80.0,7.743924407410794,775.9944530282576,0,0,0,0,0,"['장막 가죠', '맞다', '활력의 대가 하나 가죠?']"
2025-09-06T17:17:07.332646,1:41:43,101.71666666666667,8.428823348371074,3,802,1.0786778151125054,3.0459959025520697e-06,50.51284894683336,20,8.428823348371074,80.0,7.664531966669715,776.1200077254318,0,0,0,0,0,"['장막 가죠', '맞다', '활력의 대가 하나 가죠?']"
2025-09-06T17:17:12.428206,1:41:48,101.8,8.431599631857313,3,802,1.0866100536446182,3.0459959025520697e-06,50.51284894683336,20,8.431599631857313,80.0,7.5930787700027444,776.3980069528886,0,0,0,0,0,"['장막 가죠', '맞다', '활력의 대가 하나 가죠?']"
2025-09-06T17:17:17.430961,1:41:53,101.88333333333334,8.332717807421737,2,802,0.8395020458803271,3.0459959025520697e-06,50.3889087296526,20,8.332717807421737,80.0,7.533770893002471,776.8132062575999,0,0,0,0,0,"['맞다', '활력의 대가 하나 가죠?']"
2025-09-06T17:17:32.542689,1:42:08,102.13333333333334,8.225966829039262,1,802,0.6456160304025708,3.0459959025520697e-06,50.0,20,8.225966829039262,80.0,7.480393803702224,777.3518856318399,0,0,0,0,0,['mz포탈이 있넹']
2025-09-06T17:17:37.623591,1:42:13,102.21666666666667,8.22639727630515,1,802,0.6468458797336792,3.0459959025520697e-06,50.0,20,8.22639727630515,80.0,7.427354423332003,778.0016970686559,0,0,0,0,0,['mz포탈이 있넹']
2025-09-06T17:17:42.727895,1:42:19,102.31666666666666,8.315422830715713,2,802,0.8506969793933924,3.0459959025520697e-06,50.17677669529664,20,8.315422830715713,80.0,7.349618980998803,778.7515273617903,0,0,0,0,0,"['mz포탈이 있넹', '!멤버']"
2025-09-06T17:17:47.731029,1:42:24,102.4,8.318112248264,2,802,0.858381029531357,3.0459959025520697e-06,50.17677669529664,20,8.318112248264,80.0,7.229657082898923,779.5913746256114,0,0,0,0,0,"['mz포탈이 있넹', '!멤버']"
2025-09-06T17:17:52.930295,1:42:29,102.48333333333333,8.32256273319673,2,802,0.871096700767727,3.0459959025520697e-06,50.17677669529664,20,8.32256273319673,80.0,7.041691374609031,780.5122371630503,0,0,0,0,0,"['mz포탈이 있넹', '!멤버']"
2025-09-06T17:17:57.941522,1:42:34,102.56666666666666,8.232248515562546,1,802,0.6635637061833817,3.0459959025520697e-06,50.0,20,8.232248515562546,80.0,6.782522237148128,781.5060134467453,0,0,0,0,0,['!멤버']
2025-09-06T17:18:02.954295,1:42:39,102.65,8.235689567014411,1,802,0.6733952817601401,3.0459959025520697e-06,50.0,20,8.235689567014411,80.0,6.459270013433315,782.5654121020708,0,0,0,0,0,['!멤버']
2025-09-06T17:18:08.037170,1:42:44,102.73333333333333,8.418143396215473,2,785,0.952255325927789,3.0459959025520697e-06,50.848528137423855,20,8.418143396215473,67.43053737280653,6.083343012089983,783.6088708918637,0,0,0,0,0,"['!멤버', '서폿쪽으로 갈꺼면 현상금사냥꾼도 은근 쏠쏠하긴한데']"
2025-09-06T17:18:13.116221,1:42:49,102.81666666666666,8.430033114424255,2,785,0.9963167546795137,1.2426124928544175e-05,50.813172798364526,20,8.430033114424255,44.530135842792944,5.690008710880985,784.5529838026773,1,0,0,0,1,"['서폿쪽으로 갈꺼면 현상금사냥꾼도 은근 쏠쏠하긴한데', 'ㅋㅋㅋㅋ']"
2025-09-06T17:18:21.242608,1:42:57,102.95,8.447879380768587,2,785,1.0473045883151049,1.3737554619220762e-05,50.813172798364526,20,8.447879380768587,40.448492663207624,5.311007839792887,785.4076854224097,1,0,0,0,1,"['서폿쪽으로 갈꺼면 현상금사냥꾼도 은근 쏠쏠하긴한데', 'ㅋㅋㅋㅋ']"
2025-09-06T17:18:26.321362,1:43:02,103.03333333333333,8.783716590508543,3,785,1.6463053752474126,1.5258503655483581e-05,52.07503605770487,20,8.783716590508543,40.0,4.9649070558135975,786.1819168801687,1,0,0,0,1,"['서폿쪽으로 갈꺼면 현상금사냥꾼도 은근 쏠쏠하긴한데', 'ㅋㅋㅋㅋ', 'ㄹㅇ']"
2025-09-06T17:18:31.324911,1:43:07,103.11666666666666,8.22636863487683,5,785,4.144279475676925,1.6933745058744303e-05,37.75864044891882,20,8.22636863487683,40.0,4.6634163502322385,786.8837251921519,1,0,0,0,1,"['서폿쪽으로 갈꺼면 현상금사냥꾼도 은근 쏠쏠하긴한데', 'ㅋㅋㅋㅋ', 'ㄹㅇ']"
2025-09-06T17:18:36.344340,1:43:12,103.2,8.410433398705623,5,785,4.670176814139808,1.867216202084628e-05,37.75864044891882,20,8.410433398705623,40.0,4.412074715209014,787.5203526729368,1,0,0,0,1,"['서폿쪽으로 갈꺼면 현상금사냥꾼도 은근 쏠쏠하긴한데', 'ㅋㅋㅋㅋ', 'ㄹㅇ']"
2025-09-06T17:18:41.420517,1:43:17,103.28333333333333,12.641125087226879,7,785,12.937451612826626,0.00010779958018556737,51.129739029054846,20,12.641125087226879,40.0,4.205867243688113,788.0983174056432,1,1,0,0,2,"['ㄹㅇ', 'ㄹㅇ', 'ㄹㅇ']"
2025-09-06T17:18:46.618972,1:43:22,103.36666666666666,13.213769516282952,7,785,14.573560463726201,0.0001236276832429133,51.129739029054846,20,13.213769516282952,40.0,4.050280519319301,788.623485665079,1,1,0,0,2,"['ㄹㅇ', 'ㄹㅇ', 'ㄹㅇ']"
2025-09-06T17:18:51.647514,1:43:27,103.45,16.998984516827313,8,785,25.37193549482343,0.00013843154538973248,51.18751721020957,20,16.998984516827313,40.0,3.9302524673873713,789.1011370985711,1,1,0,0,2,"['ㄹㅇ', 'ㄹㅇ', 'ㄹㅇ']"
2025-09-06T17:18:56.720930,1:43:33,103.55,14.144619720116367,7,785,17.23883413998667,0.00015031589928922855,51.10967644761316,20,14.144619720116367,40.0,3.847227220648634,789.536023388714,1,1,0,0,2,"['ㄹㅇ', '그래서 길가다 보이면 다 떄려부서야햄', '항아리는 랜덤 스탯 1종류라 계속 챙겨야지']"
2025-09-06T17:19:01.724181,1:43:38,103.63333333333334,14.428500235640811,7,785,18.084155743105747,0.00015901477537357437,50.98982119643651,20,14.428500235640811,40.0,3.792504498583771,789.9324210498427,1,1,0,0,2,"['그래서 길가다 보이면 다 떄려부서야햄', '항아리는 랜덤 스탯 1종류라 계속 챙겨야지', '항아리만 부시면 돈과 버프가 나와요']"
2025-09-06T17:19:06.727225,1:43:43,103.71666666666667,12.074587569027521,6,785,11.343636114649861,0.0001639791433360694,51.04249337242735,20,12.074587569027521,40.0,3.763254048725394,790.2041789448584,1,1,0,0,2,"['항아리는 랜덤 스탯 1종류라 계속 챙겨야지', '항아리만 부시면 돈과 버프가 나와요', '옥상 박스도 챙겨야됨 ㅋㅋ']"
2025-09-06T17:19:11.732611,1:43:48,103.8,10.324673432296825,5,774,6.879926903796687,0.00016596400576052465,49.1663263036568,20,10.324673432296825,40.0,3.751928643852854,790.3637610503727,1,1,0,0,2,"['은근히 항아리 무시하는 친구들있는데', '꽤 중요하다는거임', '그게임 꽃따는거랑 비슷~허이']"
2025-09-06T17:19:16.736821,1:43:53,103.88333333333334,11.101802960774627,6,774,11.40298306877945,0.00016511713808444573,41.106928398465854,20,11.101802960774627,40.0,3.7567357794675686,790.3673849453354,1,1,0,0,2,"['은근히 항아리 무시하는 친구들있는데', '꽤 중요하다는거임', '그게임 꽃따는거랑 비슷~허이']"
2025-09-06T17:19:21.916450,1:43:58,103.96666666666667,12.009863668603519,6,774,11.139829584724284,0.0013244263509944098,51.10393543409622,20,12.009863668603519,40.0,3.786062201520812,790.2306464508018,2,1,0,0,3,"['꽤 중요하다는거임', '그게임 꽃따는거랑 비슷~허이', 'ㅋㅋㅋㅋㅋㅋㅋ']"
2025-09-06T17:19:26.924611,1:44:03,104.05,10.182009365870373,5,774,6.4960293178088575,0.001220939485912895,49.079107288429064,20,10.182009365870373,40.0,3.837455981368731,789.9675818057217,2,1,0,0,3,"['그게임 꽃따는거랑 비슷~허이', 'ㅋㅋㅋㅋㅋㅋㅋ', '그런데 항아리 첫 잰이 몇분때 나오는거지']"
2025-09-06T17:19:32.036228,1:44:08,104.13333333333334,8.898041184444672,4,774,3.785466742938827,0.0011112147016107401,45.72683338535438,20,8.898041184444672,40.0,3.898710383231858,789.5908236251496,2,1,0,0,3,"['ㅋㅋㅋㅋㅋㅋㅋ', '그런데 항아리 첫 잰이 몇분때 나오는거지', '서리도 해야함']"
2025-09-06T17:19:37.235062,1:44:13,104.21666666666667,11.564112779614426,6,774,9.73553808748718,0.0010085591695259961,51.562710253261024,20,11.564112779614426,40.0,3.9638393449086724,789.1117412626347,2,1,0,0,3,"['ㅋㅋㅋㅋㅋㅋㅋ', '그런데 항아리 첫 잰이 몇분때 나오는거지', '서리도 해야함']"
2025-09-06T17:19:42.321082,1:44:18,104.3,13.284082071612684,7,774,14.664224854435945,2.2039208035238864e-05,51.515945568768885,20,13.284082071612684,40.0,4.042455410417805,788.5405671363714,1,0,0,0,1,"['서리도 해야함', '미드 박스 아무도 안먹었을듯 ㅋㅋ', '트루퍼 밀고 나서 상자 먹어야함?']"
2025-09-06T17:19:47.324672,1:44:23,104.38333333333334,12.89894608132757,7,774,13.56009911356814,3.4035883420486106e-05,51.528977772253505,20,12.89894608132757,40.0,4.143209869376025,787.8865104227343,1,0,0,1,2,"['미드 박스 아무도 안먹었을듯 ㅋㅋ', '트루퍼 밀고 나서 상자 먹어야함?', '생긴게 하찮은거지 거의 롤 꽃정도의 벨류']"
2025-09-06T17:19:52.441075,1:44:28,104.46666666666667,12.419354862878322,7,774,12.400037116119723,4.868974185941671e-06,50.79339924646745,20,12.419354862878322,40.0,4.2638888824384225,787.1578593804609,0,0,0,1,1,"['트루퍼 밀고 나서 상자 먹어야함?', '생긴게 하찮은거지 거의 롤 꽃정도의 벨류', '잘빨았다']"
2025-09-06T17:19:57.522136,1:44:33,104.55,14.130104786098403,8,774,17.230116717915603,2.358109202563459e-05,50.995545023911326,20,14.130104786098403,40.0,4.39749999419458,786.4470734424148,0,1,0,1,2,"['트루퍼 밀고 나서 상자 먹어야함?', '생긴게 하찮은거지 거의 롤 꽃정도의 벨류', '잘빨았다']"
2025-09-06T17:20:02.625403,1:44:38,104.63333333333334,13.499756471480108,8,774,15.42912329530976,2.2039326401757053e-05,50.995545023911326,20,13.499756471480108,40.0,4.547749994775122,785.7523660981733,0,1,0,1,2,"['트루퍼 밀고 나서 상자 먹어야함?', '생긴게 하찮은거지 거의 롤 꽃정도의 벨류', '잘빨았다']"
2025-09-06T17:20:07.732953,1:44:44,104.73333333333333,12.11997812474377,7,774,9.222364040477956,2.056210185035372e-05,43.921424857357465,30,12.11997812474377,40.0,4.7129749952976105,785.0721294883559,0,1,0,1,2,"['잘빨았다', '내궁이 더 빨랐는데', '어우']"
2025-09-06T17:20:12.846011,1:44:49,104.81666666666666,10.702389686391959,5,786,3.772547950107177,9.911065082559134e-05,48.81958259594116,30,10.702389686391959,40.0,4.88167749576785,784.4049165395204,1,1,0,1,3,"['는 아니네', '개사기 다이나모~', '박스 하나당 트루퍼 1마리 분량 영혼 나오던가 그럴껄여']"
2025-09-06T17:20:17.922425,1:44:54,104.9,8.432619188489626,4,786,2.4002947972682946,5.997067113222133e-05,45.92492021177271,20,8.432619188489626,40.0,5.033509746191065,783.8094248855684,1,1,0,0,2,"['개사기 다이나모~', '박스 하나당 트루퍼 1마리 분량 영혼 나오던가 그럴껄여', '절반 분량인가?']"
2025-09-06T17:20:22.935516,1:44:59,104.98333333333333,7.664305212314671,3,786,1.5715430352797588,5.558431231187737e-05,41.14242916241831,20,7.664305212314671,40.0,5.165158771571958,783.2784823970117,1,1,0,0,2,"['박스 하나당 트루퍼 1마리 분량 영혼 나오던가 그럴껄여', '절반 분량인가?', '탈콥컨 ㅋㅋㅋ']"
2025-09-06T17:20:27.938429,1:45:04,105.06666666666666,8.75022238932634,3,786,1.53801485537715,1.3925028045993335e-05,52.11911619933119,20,8.75022238932634,40.0,5.263642894414763,782.8056341573106,1,0,0,0,1,"['절반 분량인가?', '탈콥컨 ㅋㅋㅋ', '!사양']"
2025-09-06T17:20:32.941774,1:45:09,105.15,8.742441118488113,3,786,1.5157829612922713,1.365525674833475e-05,52.11911619933119,20,8.742441118488113,40.0,5.332278604973286,782.3850707415795,1,0,0,0,1,"['절반 분량인가?', '탈콥컨 ㅋㅋㅋ', '!사양']"
2025-09-06T17:20:38.018790,1:45:14,105.23333333333333,8.644485417914407,3,786,1.5042339262149775,5.997154716383636e-05,51.17979555120298,20,8.644485417914407,40.0,5.369050744475958,782.0115636674216,2,0,0,0,2,"['탈콥컨 ㅋㅋㅋ', '!사양', 'ㅋㅋㅋㅋㅋㅋㅋㅋ']"
2025-09-06T17:20:43.023790,1:45:19,105.31666666666666,8.380627628534382,2,786,1.0369844922959495,1.3466752838848063e-05,50.17677669529664,20,8.380627628534382,40.0,5.382145670028362,781.6804073006795,1,0,0,0,1,"['!사양', 'ㅋㅋㅋㅋㅋㅋㅋㅋ']"
2025-09-06T17:20:48.028633,1:45:24,105.4,8.8904006147595,4,786,2.1758793155135634,3.4300719497844984e-05,51.28829134041954,20,8.8904006147595,40.0,5.368931103025527,781.3873665706116,1,0,1,0,2,"['!사양', 'ㅋㅋㅋㅋㅋㅋㅋㅋ', 'ㄴㅇㅅ']"
2025-09-06T17:20:53.033758,1:45:29,105.48333333333333,8.895010157949944,4,786,2.189049048344367,3.4642468654609686e-05,51.28829134041954,20,8.895010157949944,40.0,5.347037992722973,781.1286299135504,1,0,1,0,2,"['!사양', 'ㅋㅋㅋㅋㅋㅋㅋㅋ', 'ㄴㅇㅅ']"
2025-09-06T17:20:58.122657,1:45:34,105.56666666666666,8.666650059230866,3,786,1.5189488675545162,3.503561405896515e-05,51.350039413411615,20,8.666650059230866,40.0,5.322334193450676,780.9557669221954,1,0,1,0,2,"['ㅋㅋㅋㅋㅋㅋㅋㅋ', 'ㄴㅇㅅ', '다이나모 스킬 범위 개넓네']"
2025-09-06T17:21:03.126913,1:45:39,105.65,8.946622353302974,4,786,2.2273385637166396,0.00013402820622636016,51.67000244719659,20,8.946622353302974,40.0,5.285100774105608,780.8601902299758,1,1,1,0,3,"['ㅋㅋㅋㅋㅋㅋㅋㅋ', 'ㄴㅇㅅ', '다이나모 스킬 범위 개넓네']"
2025-09-06T17:21:08.241003,1:45:44,105.73333333333333,8.772653405932996,3,781,1.545351326455433,3.0060413107826515e-05,52.31768417508351,20,8.772653405932996,40.0,5.241590696695048,780.8341712069782,0,1,1,0,2,"['ㄴㅇㅅ', '다이나모 스킬 범위 개넓네', '백도라지 ㄷㄷ']"
2025-09-06T17:21:13.322789,1:45:49,105.81666666666666,8.77850111809709,3,781,1.5620583227419775,3.071907261914065e-05,52.31768417508351,20,8.77850111809709,40.0,5.192431627025543,780.8457540862804,0,1,1,0,2,"['ㄴㅇㅅ', '다이나모 스킬 범위 개넓네', '백도라지 ㄷㄷ']"
2025-09-06T17:21:18.337273,1:45:54,105.9,8.25505590267118,1,781,0.728717573414381,1.1879940365344442e-05,50.0,20,8.25505590267118,40.0,5.143188464322988,780.8911786776524,0,1,0,0,1,['백도라지 ㄷㄷ']
2025-09-06T17:21:23.341937,1:45:59,105.98333333333333,8.256409613509842,1,781,0.732585063851086,1.2102904903981833e-05,50.0,20,8.256409613509842,40.0,5.07386961789069,780.9670608098871,0,1,0,0,1,['백도라지 ㄷㄷ']
2025-09-06T17:21:28.344998,1:46:04,106.06666666666666,8.258284094131776,1,781,0.7379403642947844,1.2416571504395765e-05,50.0,20,8.258284094131776,40.0,4.981482656101621,781.0703547288985,0,1,0,0,1,['백도라지 ㄷㄷ']
2025-09-06T17:21:33.350489,1:46:09,106.15,8.614889222022283,3,781,1.6859116395746574,8.148121533221693e-05,50.24787555685019,20,8.614889222022283,40.0,4.868334390491459,781.1983192560086,2,0,0,0,2,"['엄', 'ㅋㅋㅋㅋㅋㅋㅋ', 'ㅋㅋㅋㅋㅋㅋㅋ']"
2025-09-06T17:21:38.426827,1:46:14,106.23333333333333,8.63369218636699,3,781,1.7396261983365386,8.865316045559902e-05,50.24787555685019,20,8.63369218636699,40.0,4.7465009514423135,781.3484873304078,2,0,0,0,2,"['엄', 'ㅋㅋㅋㅋㅋㅋㅋ', 'ㅋㅋㅋㅋㅋㅋㅋ']"
2025-09-06T17:21:43.433058,1:46:19,106.31666666666666,8.656380703607164,3,781,1.8044400545362134,9.782208617515912e-05,50.24787555685019,20,8.656380703607164,40.0,4.611850856298082,781.518638597367,2,0,0,0,2,"['엄', 'ㅋㅋㅋㅋㅋㅋㅋ', 'ㅋㅋㅋㅋㅋㅋㅋ']"
2025-09-06T17:21:49.016512,1:46:25,106.41666666666667,8.683604752566263,3,781,1.8822096058169968,0.00010958711323450008,50.24787555685019,20,8.683604752566263,40.0,4.4656657706682745,781.7067747376304,2,0,0,0,2,"['엄', 'ㅋㅋㅋㅋㅋㅋㅋ', 'ㅋㅋㅋㅋㅋㅋㅋ']"
2025-09-06T17:21:54.119776,1:46:30,106.5,9.298448689080615,4,781,3.1173788185963907,0.0031899323878846735,52.06090129616724,20,9.298448689080615,40.0,4.3140991936014474,781.9110972638674,2,2,0,0,4,"['엄', 'ㅋㅋㅋㅋㅋㅋㅋ', 'ㅋㅋㅋㅋㅋㅋㅋ']"
2025-09-06T17:21:59.125532,1:46:35,106.58333333333333,8.530937758432149,5,781,5.3014917105495325,0.006520526957712862,51.72807448956728,10,8.530937758432149,40.0,4.172689274241303,782.0699875374808,2,2,0,1,5,"['엄', 'ㅋㅋㅋㅋㅋㅋㅋ', 'ㅋㅋㅋㅋㅋㅋㅋ']"
2025-09-06T17:22:04.139475,1:46:40,106.66666666666667,7.012302827558201,2,741,1.3221201766853783,0.0001582275881494103,50.494974746830586,10,7.012302827558201,40.0,4.050420346817172,782.1879887837327,0,2,0,1,3,"['와 모니터만 160만이넹 ㄷㄷ', 'ㅠㅠ']"
2025-09-06T17:22:09.231294,1:46:45,106.75,7.970698561290666,4,741,3.715110902993204,0.06130540114509085,51.458875847850074,10,7.970698561290666,40.0,3.9353783121354553,782.0691899053595,2,3,0,1,6,"['와 모니터만 160만이넹 ㄷㄷ', 'ㅠㅠ', '그와중에 미드보스 2개 뺏김ㅋㅋㅋㅋㅋ']"
2025-09-06T17:22:14.321304,1:46:50,106.83333333333333,8.04612862472892,4,741,3.9103268519419436,0.079066604410581,51.458875847850074,10,8.04612862472892,40.0,3.83684048092191,781.7372709148236,2,3,0,1,6,"['와 모니터만 160만이넹 ㄷㄷ', 'ㅠㅠ', '그와중에 미드보스 2개 뺏김ㅋㅋㅋㅋㅋ']"
2025-09-06T17:22:19.338075,1:46:55,106.91666666666667,7.54259947604916,3,741,2.422464666718839,0.0023800480939087567,51.937848234600025,10,7.54259947604916,40.0,3.7531564328297193,781.2135438233413,2,1,0,1,4,"['ㅠㅠ', '그와중에 미드보스 2개 뺏김ㅋㅋㅋㅋㅋ', 'ㅋㅋㅋㅋㅋㅋ']"
2025-09-06T17:22:24.433334,1:47:00,107.0,7.570601948911674,3,741,2.5020742071336817,0.0027278823872047106,51.937848234600025,10,7.570601948911674,40.0,3.6778407895467478,780.5171894410073,2,1,0,1,4,"['ㅠㅠ', '그와중에 미드보스 2개 뺏김ㅋㅋㅋㅋㅋ', 'ㅋㅋㅋㅋㅋㅋ']"
2025-09-06T17:22:29.530090,1:47:05,107.08333333333333,7.70351738576483,3,741,2.5730542597581736,0.01613898513720311,52.96492800794587,10,7.70351738576483,40.0,3.6150567105920732,779.6654704969067,3,1,0,0,4,"['그와중에 미드보스 2개 뺏김ㅋㅋㅋㅋㅋ', 'ㅋㅋㅋㅋㅋㅋ', 'ㅋㅋㅋㅋ']"
2025-09-06T17:22:34.631281,1:47:10,107.16666666666667,7.859874166011991,4,741,4.601175984279993,0.07643202661366047,47.188897608685295,10,7.859874166011991,40.0,3.5535510395328664,778.673923447216,3,1,1,0,5,"['그와중에 미드보스 2개 뺏김ㅋㅋㅋㅋㅋ', 'ㅋㅋㅋㅋㅋㅋ', 'ㅋㅋㅋㅋ']"
2025-09-06T17:22:39.633910,1:47:15,107.25,5.054397868283304,2,741,1.543444705277181,0.00012521453139802965,30.14142135623731,10,5.054397868283304,40.0,3.49819593557958,777.5565311024944,1,0,1,0,2,"['ㅋㅋㅋㅋ', '레전드궁 n트쨰']"
2025-09-06T17:22:44.726984,1:47:20,107.33333333333333,5.064246905143817,2,741,1.5715760887680466,0.000132846128172448,30.14142135623731,10,5.064246905143817,40.0,3.443376342021622,776.325877992245,1,0,1,0,2,"['ㅋㅋㅋㅋ', '레전드궁 n트쨰']"
2025-09-06T17:22:49.846559,1:47:26,107.43333333333334,5.075478689620695,2,741,1.603656510768069,0.00014193807035080383,30.14142135623731,10,5.075478689620695,40.0,3.38403870781946,774.9932901930205,1,0,1,0,2,"['ㅋㅋㅋㅋ', '레전드궁 n트쨰']"
2025-09-06T17:22:55.031305,1:47:31,107.51666666666667,6.794293318565492,3,741,2.9669611173818464,0.0006828839578315848,42.55583773898713,10,6.794293318565492,40.0,3.3256348370375135,773.5939611737184,1,0,2,0,3,"['ㅋㅋㅋㅋ', '레전드궁 n트쨰', '다이나모 레전드궁이 지려버림']"
2025-09-06T17:23:00.038014,1:47:36,107.6,7.108812487666918,2,741,1.6686796811882498,6.465477375445574e-05,50.24748737341529,10,7.108812487666918,40.0,3.273071353333762,772.1345650563466,0,0,2,0,2,"['레전드궁 n트쨰', '다이나모 레전드궁이 지려버림']"
2025-09-06T17:23:05.042452,1:47:41,107.68333333333334,6.820769910837698,1,741,0.9164690972234145,1.4317023757836836e-05,50.0,10,6.820769910837698,40.0,3.230764218000386,770.6211085507119,0,0,1,0,1,['다이나모 레전드궁이 지려버림']
2025-09-06T17:23:10.123896,1:47:46,107.76666666666667,7.116344181394495,2,741,1.720373060796338,0.00017868623011175274,50.14142135623731,10,7.116344181394495,40.0,3.1926877962003477,769.0589976956408,1,0,1,0,2,"['다이나모 레전드궁이 지려버림', '비밥 공명 갔네 ㅋㅋ']"
2025-09-06T17:23:15.219001,1:47:51,107.85,7.818046567409236,3,741,3.2498750571999655,0.00018554635202939557,51.80516078848436,10,7.818046567409236,40.0,3.163419016580313,767.4530979260767,1,0,1,0,2,"['다이나모 레전드궁이 지려버림', '비밥 공명 갔네 ㅋㅋ', '모루 저거 4티어였던거 같은데']"
2025-09-06T17:23:20.223225,1:47:56,107.93333333333334,8.30261970893857,4,741,6.154633883373655,0.00019206076421558513,46.484210254521045,10,8.30261970893857,40.0,3.1370771149222816,765.8077881334691,1,0,1,0,2,"['다이나모 레전드궁이 지려버림', '비밥 공명 갔네 ㅋㅋ', '모루 저거 4티어였던거 같은데']"
2025-09-06T17:23:25.233457,1:48:01,108.01666666666667,6.73641362954578,3,741,3.338647311453005,3.961750479044127e-05,40.67871223535311,10,6.73641362954578,40.0,3.1183694034300533,764.1270093201222,1,0,0,0,1,"['비밥 공명 갔네 ㅋㅋ', '모루 저거 4티어였던거 같은데', '바뀌었구나']"
2025-09-06T17:23:30.236650,1:48:06,108.1,6.7484762071629385,3,741,3.3731111839566528,4.017310699671932e-05,40.67871223535311,10,6.7484762071629385,40.0,3.101532463087048,762.41430838811,1,0,0,0,1,"['비밥 공명 갔네 ㅋㅋ', '모루 저거 4티어였던거 같은데', '바뀌었구나']"
2025-09-06T17:23:35.239461,1:48:11,108.18333333333334,6.759551243441644,3,741,3.4047535596258958,4.06850931728712e-05,40.67871223535311,10,6.759551243441644,40.0,3.0863792167783433,760.6728775492991,1,0,0,0,1,"['비밥 공명 갔네 ㅋㅋ', '모루 저거 4티어였던거 같은데', '바뀌었구나']"
2025-09-06T17:23:40.319342,1:48:16,108.26666666666667,5.172260421335963,2,741,1.8096237999209759,3.0459959025520697e-06,30.388908729652602,10,5.172260421335963,40.0,3.067741295100509,758.9055897943691,0,0,0,0,0,"['모루 저거 4티어였던거 같은데', '바뀌었구나']"
2025-09-06T17:23:45.422414,1:48:21,108.35,6.833700635970513,1,741,0.9534269073490066,3.0459959025520697e-06,50.0,10,6.833700635970513,40.0,3.035967165590458,757.1150308149322,0,0,0,0,0,['바뀌었구나']
2025-09-06T17:23:55.438284,1:48:31,108.51666666666667,6.836174067892829,1,741,0.960447341968519,4.374550961779856e-05,50.0,10,6.836174067892829,40.0,3.0023704490314125,755.503527733439,1,0,0,0,1,['집에 물 철철 새는중 ㅋㅋ']
2025-09-06T17:24:00.622170,1:48:36,108.6,7.171812306905163,2,741,1.8992086082924342,4.556547736088538e-05,50.07071067811866,10,7.171812306905163,40.0,2.957133404128271,754.0531749600951,1,0,0,0,1,"['집에 물 철철 새는중 ㅋㅋ', '저주도 가기엔 액티브가 꽉찼네']"
2025-09-06T17:24:05.626992,1:48:41,108.68333333333334,7.187534420457748,2,751,1.9441264156235312,4.776794411570319e-05,50.07071067811866,10,7.187534420457748,40.0,2.9064200637154443,752.7478574640857,1,0,0,0,1,"['집에 물 철철 새는중 ㅋㅋ', '저주도 가기엔 액티브가 꽉찼네']"
2025-09-06T17:24:10.642361,1:48:46,108.76666666666667,7.204178867013546,2,751,1.9916792464187947,5.015738775567364e-05,50.07071067811866,10,7.204178867013546,40.0,2.8557780573439002,751.6230717176771,1,0,0,0,1,"['집에 물 철철 새는중 ㅋㅋ', '저주도 가기엔 액티브가 꽉찼네']"
2025-09-06T17:24:15.718903,1:48:51,108.85,8.721826355958465,2,751,2.0420976737748044,5.27558135411409e-05,50.07071067811866,20,8.721826355958465,40.0,2.8052002516095103,750.6607645459095,1,0,0,0,1,"['집에 물 철철 새는중 ㅋㅋ', '저주도 가기엔 액티브가 꽉찼네']"
2025-09-06T17:24:20.723178,1:48:57,108.95,8.740566618397766,2,751,2.0956380434112365,5.5588479918350784e-05,50.07071067811866,20,8.740566618397766,40.0,2.7546802264485595,749.8446880913185,1,0,0,0,1,"['집에 물 철철 새는중 ㅋㅋ', '저주도 가기엔 액티브가 꽉찼네']"
2025-09-06T17:24:25.832860,1:49:02,109.03333333333333,6.862137515243774,1,751,1.0346751338440363,3.0459959025520697e-06,50.0,10,6.862137515243774,40.0,2.699212203803704,749.1602192821866,0,0,0,0,0,['저주도 가기엔 액티브가 꽉찼네']
2025-09-06T17:24:46.032387,1:49:22,109.36666666666666,6.867748088346466,1,751,1.0506371056395725,6.275343153800714e-05,50.0,10,6.867748088346466,40.0,2.6442909834233332,748.594197353968,1,0,0,0,1,['ㅋㅋㅋㅋㅋㅋ']
2025-09-06T17:24:51.036162,1:49:27,109.45,6.873610150425705,1,751,1.0673811463512313,6.687300693549825e-05,50.0,10,6.873610150425705,40.0,2.589861885081,748.1347776185712,1,0,0,0,1,['ㅋㅋㅋㅋㅋㅋ']
2025-09-06T17:24:56.130987,1:49:32,109.53333333333333,6.879770938734536,1,751,1.0849782038626476,7.14184565234648e-05,50.0,10,6.879770938734536,40.0,2.5358756965729,747.7712998567141,1,0,0,0,1,['ㅋㅋㅋㅋㅋㅋ']
2025-09-06T17:25:01.227395,1:49:37,109.61666666666666,7.400303236681555,2,751,2.4610902383624933,7.695072355517194e-05,50.3889087296526,10,7.400303236681555,40.0,2.47728812691561,747.4941698710427,1,0,0,0,1,"['ㅋㅋㅋㅋㅋㅋ', '미라지가 너무 많이 커버려서..']"
2025-09-06T17:25:06.230556,1:49:42,109.7,7.4306984695750975,2,757,2.5479273624941805,8.254934218573462e-05,50.3889087296526,10,7.4306984695750975,40.0,2.424559314224049,747.2947528839384,1,0,0,0,1,"['ㅋㅋㅋㅋㅋㅋ', '미라지가 너무 많이 커버려서..']"
2025-09-06T17:25:11.240474,1:49:47,109.78333333333333,7.45696243873983,2,757,2.6229615599643523,8.754946761543587e-05,50.3889087296526,10,7.45696243873983,40.0,2.3821033828016445,747.1952775955446,1,0,0,0,1,"['ㅋㅋㅋㅋㅋㅋ', '미라지가 너무 많이 커버려서..']"
2025-09-06T17:25:16.340603,1:49:52,109.86666666666666,7.450266176214924,2,757,2.6947741850170246,6.035911774757123e-05,50.07071067811866,10,7.450266176214924,40.0,2.3438930445214803,747.1857498359901,0,1,0,0,1,"['미라지가 너무 많이 커버려서..', '아윌 낫 페일 니샬라!!!!']"
2025-09-06T17:25:21.419680,1:49:57,109.95,7.477796941157047,2,757,2.77342990075993,6.352019801394723e-05,50.07071067811866,10,7.477796941157047,40.0,2.304503740069332,747.2571748523911,0,1,0,0,1,"['미라지가 너무 많이 커버려서..', '아윌 낫 페일 니샬라!!!!']"
2025-09-06T17:25:26.519986,1:50:02,110.03333333333333,7.511800617303579,2,757,2.8705786863663363,6.75231587372298e-05,50.07071067811866,10,7.511800617303579,40.0,2.259053366062399,747.401457367152,0,1,0,0,1,"['미라지가 너무 많이 커버려서..', '아윌 낫 페일 니샬라!!!!']"
2025-09-06T17:25:31.538518,1:50:07,110.11666666666666,6.925773556451902,1,757,1.2164135835384864,7.200553357935029e-05,50.0,10,6.925773556451902,40.0,2.213148029456159,747.611311630437,0,1,0,0,1,['아윌 낫 페일 니샬라!!!!']
2025-09-06T17:25:36.617747,1:50:12,110.2,7.63621258226193,2,757,3.1048115992389724,7.761961307743614e-05,50.494974746830586,10,7.63621258226193,40.0,2.1618332265105433,747.8801804673932,0,1,0,0,1,"['아윌 낫 페일 니샬라!!!!', '옹']"
2025-09-06T17:25:41.627036,1:50:17,110.28333333333333,9.706802743482992,3,757,8.161125812306059,0.0037168250435787526,53.4892197915844,10,9.706802743482992,40.0,2.110649903859489,748.2021624206538,1,1,0,0,2,"['아윌 낫 페일 니샬라!!!!', '옹', '실드량봐 ㅋㅋㅋㅋㅋㅋ']"
2025-09-06T17:25:46.631438,1:50:22,110.36666666666666,9.593274175829174,3,757,8.61429359758947,0.00014537791002400225,50.7821326550885,10,9.593274175829174,40.0,2.0695849134735402,748.5719461785884,1,0,0,0,1,"['옹', '실드량봐 ㅋㅋㅋㅋㅋㅋ', '궁 잘썼다']"
2025-09-06T17:25:51.640512,1:50:27,110.45,9.705620728467686,3,757,8.935275051802217,0.00015298707014861821,50.7821326550885,10,9.705620728467686,40.0,2.0426264221261863,748.9847515607296,1,0,0,0,1,"['옹', '실드량봐 ㅋㅋㅋㅋㅋㅋ', '궁 잘썼다']"
2025-09-06T17:25:56.718814,1:50:32,110.53333333333333,9.767914255165882,3,757,9.113251674681422,0.00015725879633580957,50.7821326550885,10,9.767914255165882,40.0,2.0283637799135676,749.4362764046567,1,0,0,0,1,"['옹', '실드량봐 ㅋㅋㅋㅋㅋㅋ', '궁 잘썼다']"
2025-09-06T17:26:01.741394,1:50:38,110.63333333333334,9.803023423025884,3,757,9.213560812550531,0.0001596828108716273,50.7821326550885,10,9.803023423025884,40.0,2.020527401922211,749.922648764191,1,0,0,0,1,"['옹', '실드량봐 ㅋㅋㅋㅋㅋㅋ', '궁 잘썼다']"
2025-09-06T17:26:06.822320,1:50:43,110.71666666666667,30.223229127210622,5,757,52.007874830371,13.29839686866431,52.01114189115051,10,30.223229127210622,40.0,2.0184746617299902,750.3903838877719,3,1,0,0,4,"['실드량봐 ㅋㅋㅋㅋㅋㅋ', '궁 잘썼다', '와개아파']"
2025-09-06T17:26:11.837407,1:50:48,110.8,40.14708676384235,6,800,95.33316619851053,0.25108489088091673,51.80044638011302,10,40.14708676384235,40.0,2.0316271955569913,750.8413454989948,2,1,0,0,3,"['궁 잘썼다', '와개아파', 'ㅋㅋㅋㅋㅋㅋ']"
2025-09-06T17:26:16.841423,1:50:53,110.88333333333334,23.41711854664669,5,800,47.959815909585515,0.21088659423851452,50.46828340596356,10,23.41711854664669,40.0,2.0634644760012923,751.4922109490954,2,1,0,0,3,"['와개아파', 'ㅋㅋㅋㅋㅋㅋ', 'ㅋㅋㅋㅋㅋ']"
2025-09-06T17:26:21.926150,1:50:58,110.96666666666667,40.17107322218587,7,800,100.0,0.16743880739512315,51.040976992278225,0,40.17107322218587,40.0,2.107118028401163,752.3229898541858,2,1,0,0,3,"['와개아파', 'ㅋㅋㅋㅋㅋㅋ', 'ㅋㅋㅋㅋㅋ']"
2025-09-06T17:26:26.930017,1:51:03,111.05,80.08329135364627,11,800,100.0,100.0,50.83291353646273,0,80.08329135364627,40.0,2.176406225561047,753.3156908687673,5,2,0,0,7,"['ㅋㅋㅋㅋㅋㅋ', 'ㅋㅋㅋㅋㅋ', '내가 죽는다구요!']"
2025-09-06T17:26:31.942118,1:51:08,111.13333333333334,80.07965517057742,12,800,100.0,100.0,50.796551705774185,0,80.07965517057742,40.0,2.288765603004942,754.4541217818906,6,2,0,0,8,"['ㅋㅋㅋㅋㅋ', '내가 죽는다구요!', '미라지 미쳤네']"
2025-09-06T17:26:37.022203,1:51:13,111.21666666666667,49.131019654737955,11,800,100.0,22.84372382525299,49.93530124636752,0,49.131019654737955,40.0,2.444889042704448,755.7237096037016,4,1,0,0,5,"['미라지 미쳤네', '미라지 아까는 되게 약하지 않았나', '!멤버']"
2025-09-06T17:26:42.029324,1:51:18,111.3,76.76344372935766,10,800,100.0,91.72416872069364,50.73776241080212,0,76.76344372935766,40.0,2.635400138434003,757.1113386433316,5,1,0,0,6,"['미라지 아까는 되게 약하지 않았나', '!멤버', '지금 미라지는 신이야;']"
2025-09-06T17:26:47.122598,1:51:23,111.38333333333334,54.7805113630019,10,800,100.0,36.766837804804226,50.73776241080212,0,54.7805113630019,40.0,2.846860124590603,758.6052047789984,5,1,0,0,6,"['미라지 아까는 되게 약하지 않았나', '!멤버', '지금 미라지는 신이야;']"
2025-09-06T17:26:52.140917,1:51:28,111.46666666666667,31.680260230612404,8,800,61.98695650147174,12.288456320183078,50.69442927024065,0,31.680260230612404,40.14708676384235,3.077174112131543,760.1646843010985,5,1,0,0,6,"['지금 미라지는 신이야;', 'ㅋㅋㅋㅋㅋㅋㅋ', 'ㅋㅋㅋ미라지 개아프당']"
2025-09-06T17:26:57.235284,1:51:33,111.55,6.145895174025433,3,800,2.9847987517850734,3.403863948184615e-05,51.01201995444863,0,6.145895174025433,40.14708676384235,3.3144567009183885,761.7832158709887,1,0,0,0,1,"['미라지 풀템이네', '미라지 크면 개쎔', '자연재핸데 ㅋㅋㅋㅋㅋ']"
2025-09-06T17:27:02.347427,1:51:38,111.63333333333334,6.8052727474110934,4,800,4.66038085424,2.9317519450087213e-05,51.74127721419313,0,6.8052727474110934,40.14708676384235,3.5330110308265494,763.4548942838899,1,0,0,0,1,"['미라지 풀템이네', '미라지 크면 개쎔', '자연재핸데 ㅋㅋㅋㅋㅋ']"
2025-09-06T17:27:07.419514,1:51:43,111.71666666666667,6.00577908325278,3,788,2.4362592812885855,2.5868632742260287e-05,51.53077987348678,0,6.00577908325278,40.14708676384235,3.7397099277438945,765.1744048555008,1,0,0,0,1,"['자연재핸데 ㅋㅋㅋㅋㅋ', '역시 데드락의 크로커다일', '저주 걸고 점사치기?']"
2025-09-06T17:27:12.522335,1:51:48,111.8,5.483843419643029,2,788,1.3622032383794334,3.0459959025520697e-06,50.07071067811866,0,5.483843419643029,40.14708676384235,3.930738934969505,766.8769643699508,0,0,0,0,0,"['역시 데드락의 크로커다일', '저주 걸고 점사치기?']"
2025-09-06T17:27:17.545805,1:51:53,111.88333333333334,5.819654323128864,3,788,2.11356722383543,3.0459959025520697e-06,50.799045763881026,0,5.819654323128864,40.14708676384235,4.107665041472555,768.5642679329557,0,0,0,0,0,"['역시 데드락의 크로커다일', '저주 걸고 점사치기?', '레이드 해도 한둘 교환당할듯']"
2025-09-06T17:27:22.626357,1:51:58,111.96666666666667,6.873528720436168,5,788,5.02169665100263,3.0459959025520697e-06,51.159336741868856,0,6.873528720436168,40.14708676384235,4.2718985373253,770.2378411396601,0,0,0,0,0,"['역시 데드락의 크로커다일', '저주 걸고 점사치기?', '레이드 해도 한둘 교환당할듯']"
2025-09-06T17:27:27.630272,1:52:03,112.05,7.614035428978536,6,788,7.1761209723531225,3.0459959025520697e-06,51.02391870256582,0,7.614035428978536,40.14708676384235,4.42970868359277,771.899057025694,0,0,0,0,0,"['역시 데드락의 크로커다일', '저주 걸고 점사치기?', '레이드 해도 한둘 교환당할듯']"
2025-09-06T17:27:32.636138,1:52:08,112.13333333333334,7.40027805500601,6,788,6.561365992384307,3.0459959025520697e-06,51.03798739273142,0,7.40027805500601,40.14708676384235,4.5867378152334926,773.5491513231246,0,0,0,0,0,"['저주 걸고 점사치기?', '레이드 해도 한둘 교환당할듯', '치유탄?']"
2025-09-06T17:27:37.735528,1:52:14,112.23333333333333,7.168422135846917,6,788,6.035655528125725,3.0459959025520697e-06,50.55941482604553,0,7.168422135846917,40.14708676384235,4.7430640337101435,775.1892361908122,0,0,0,0,0,"['레이드 해도 한둘 교환당할듯', '치유탄?', '복원으로 궁두번해서 기절걸던지']"
2025-09-06T17:27:42.819962,1:52:19,112.31666666666666,7.009764290897406,6,788,5.582347399698548,3.0459959025520697e-06,50.55941482604553,0,7.009764290897406,40.14708676384235,4.898757630339129,776.8203125717309,0,0,0,0,0,"['레이드 해도 한둘 교환당할듯', '치유탄?', '복원으로 궁두번해서 기절걸던지']"
2025-09-06T17:27:47.824366,1:52:24,112.4,7.791874796883989,5,788,3.5226868469805557,3.0459959025520697e-06,50.58933182042433,10,7.791874796883989,40.14708676384235,5.053881867305217,778.4432813145579,0,0,0,0,0,"['치유탄?', '복원으로 궁두번해서 기절걸던지', '광선으로 살릴건덕지가 없는듯']"
2025-09-06T17:27:52.831474,1:52:29,112.48333333333333,7.099405920860575,3,788,1.5616921308500005,3.0459959025520697e-06,50.528124566647136,10,7.099405920860575,40.14708676384235,5.193493680574695,780.0589531831022,0,0,0,0,0,"['광선으로 살릴건덕지가 없는듯', '치유탄 버리기', '저주 걸고 모루 떨구면 아무것도 못함']"
2025-09-06T17:27:57.835507,1:52:34,112.56666666666666,7.367082869326629,3,788,1.524787657257579,3.0459959025520697e-06,53.33405970888115,10,7.367082869326629,40.14708676384235,5.304144312517226,781.453057864792,0,0,0,0,0,"['치유탄 버리기', '저주 걸고 모루 떨구면 아무것도 못함', '정답 딜러가 약화탄을간다']"
2025-09-06T17:28:02.838601,1:52:39,112.65,6.750503097986512,1,788,0.7157196559661472,3.0459959025520697e-06,50.0,10,6.750503097986512,40.14708676384235,5.393729881265504,782.6477520783128,0,0,0,0,0,['정답 딜러가 약화탄을간다']
2025-09-06T17:28:07.846835,1:52:44,112.73333333333333,6.749643911630213,1,756,0.7132648378052916,3.0459959025520697e-06,50.0,10,6.749643911630213,40.14708676384235,5.444356893138953,783.6629768704815,0,0,0,0,0,['정답 딜러가 약화탄을간다']
2025-09-06T17:28:13.038167,1:52:49,112.81666666666666,6.7497184335023706,1,756,0.7134777574400264,3.0459959025520697e-06,50.0,10,6.7497184335023706,40.14708676384235,5.439921203825058,784.3566791834335,0,0,0,0,0,['정답 딜러가 약화탄을간다']
2025-09-06T17:28:18.042518,1:52:54,112.9,6.750723372777407,1,756,0.7163490125115609,3.0459959025520697e-06,50.0,10,6.750723372777407,40.14708676384235,5.3809290834425525,784.7610112650901,0,0,0,0,0,['정답 딜러가 약화탄을간다']
2025-09-06T17:28:23.060416,1:52:59,112.98333333333333,6.75254368607138,1,756,0.7215499076371972,3.0459959025520697e-06,50.0,10,6.75254368607138,40.14708676384235,5.277836175098297,784.9049101385812,0,0,0,0,0,['정답 딜러가 약화탄을간다']
2025-09-06T17:28:50.041178,1:53:26,113.43333333333334,6.755112664785498,1,756,0.7288898468203926,3.0459959025520697e-06,50.0,10,6.755112664785498,40.14708676384235,5.140052557588468,784.814419124723,0,0,0,0,0,['다이나모 또 온다']
2025-09-06T17:28:55.122910,1:53:31,113.51666666666667,8.258497314198955,1,756,0.7385602737159866,3.0459959025520697e-06,50.0,20,8.258497314198955,40.14708676384235,4.97104730182962,784.5129772122507,0,0,0,0,0,['다이나모 또 온다']
2025-09-06T17:29:00.437511,1:53:36,113.6,8.714518147676301,3,756,1.7226477166090528,3.0459959025520697e-06,51.115902284647724,20,8.714518147676301,40.14708676384235,4.783942571646659,784.0216794910257,0,0,0,0,0,"['다이나모 또 온다', '멀리서 모루 대기 해야하나', '미나 궁딜보소..']"
2025-09-06T17:29:05.537472,1:53:41,113.68333333333334,8.742493525118814,3,756,1.8025773664447982,3.0459959025520697e-06,51.115902284647724,20,8.742493525118814,40.14708676384235,4.615548314481993,783.3595115419231,0,0,0,0,0,"['다이나모 또 온다', '멀리서 모루 대기 해야하나', '미나 궁딜보소..']"
2025-09-06T17:29:10.651550,1:53:46,113.76666666666667,9.68960318171879,5,756,4.56262705729518,7.035469977692503e-05,50.92655569785565,20,9.68960318171879,40.14708676384235,4.458993483033794,782.5435603877307,0,2,0,0,2,"['다이나모 또 온다', '멀리서 모루 대기 해야하나', '미나 궁딜보소..']"
2025-09-06T17:29:15.718982,1:53:51,113.85,28.08281440635549,11,756,57.116716726303416,0.0024755660111589043,50.9097332574483,20,28.08281440635549,40.14708676384235,4.328094134730415,781.6492043489577,1,3,0,0,4,"['멀리서 모루 대기 해야하나', '미나 궁딜보소..', '오나?']"
2025-09-06T17:29:20.826971,1:53:57,113.95,42.471837176777605,15,756,100.0,0.014383319578656177,44.660838489461405,20,42.471837176777605,40.14708676384235,4.255284721257374,780.684283914062,1,4,0,0,5,"['어?', '?', '뺏겼다']"
2025-09-06T17:29:25.841101,1:54:02,114.03333333333333,42.458974728301214,22,756,100.0,0.09550035969891181,44.207745844216475,20,42.458974728301214,40.17107322218587,4.249756249131637,779.6558555226558,2,4,0,0,6,"['3개를 뺏겨?', '어', '다뺏는데']"
2025-09-06T17:29:30.924326,1:54:07,114.11666666666666,42.60615828905949,22,756,100.0,0.49940572329225813,44.063959997425954,20,42.60615828905949,42.458974728301214,4.329780624218473,778.5702699703902,3,4,0,0,7,"['다뺏는데', '어 뺐겼네', '스틸 잘하네']"
2025-09-06T17:29:35.931268,1:54:12,114.2,42.4611660818111,24,756,100.0,0.41554536129721675,42.94947937292216,20,42.4611660818111,42.471837176777605,4.481802561796625,777.4332429733512,4,3,0,0,7,"['조졌네;', '어?', '사곤데']"
2025-09-06T17:29:40.934889,1:54:17,114.28333333333333,42.31511764192681,26,756,100.0,0.2908884408945381,41.98762265568996,20,42.31511764192681,42.471837176777605,4.708622305616963,776.249918676016,5,2,0,0,7,"['망했ㄴ', '미라지 똑똑하네 ㅋㅋㅋ', '다이나모때매 사람들 다빠져서']"
2025-09-06T17:29:45.938548,1:54:22,114.36666666666666,42.344093496696395,21,756,100.0,0.029444485389139775,43.323157025407404,20,42.344093496696395,42.471837176777605,5.012760075055267,775.0249268084144,4,2,0,0,6,"['다이나모때매 사람들 다빠져서', 'ㅋㅋㅋㅋ', '손해다']"
2025-09-06T17:29:51.018317,1:54:27,114.45,42.63912721736496,17,756,100.0,0.004393631202524824,46.373697648839496,20,42.63912721736496,42.471837176777605,5.361484067549741,773.762434127573,4,1,0,0,5,"['다이나모때매 사람들 다빠져서', 'ㅋㅋㅋㅋ', '손해다']"
2025-09-06T17:29:56.029908,1:54:32,114.53333333333333,13.102180193298466,10,756,14.992507169958735,0.000677841570694818,48.5453154718463,20,13.102180193298466,42.60615828905949,5.735335660794767,772.4661907148158,3,1,0,0,4,"['다이나모때매 사람들 다빠져서', 'ㅋㅋㅋㅋ', '손해다']"
2025-09-06T17:30:01.042362,1:54:37,114.61666666666666,9.726927237424059,7,756,4.7903322760526255,0.0001316463666183227,50.50258282258992,20,9.726927237424059,42.60615828905949,6.106802094715291,771.1395716433342,2,1,0,0,3,"['버프 3개 뺏겼나보네', '아 ㅋㅋㅋㅋㅋ', '이걸 다 뻇기네']"
2025-09-06T17:30:06.046267,1:54:42,114.7,10.83388783874675,9,770,7.727664435890495,0.00010708047948159839,51.291624539932826,20,10.83388783874675,42.60615828905949,6.461121885243761,769.7856144790007,2,1,0,0,3,"['이걸 다 뻇기네', '미라지가 다하네', 'ㅋㅋㅋㅋㅋㅋㅋㅋ']"
2025-09-06T17:30:11.050112,1:54:47,114.78333333333333,8.722176041982648,5,770,2.125288662767899,9.843848431305467e-06,49.783210724745096,20,8.722176041982648,42.60615828905949,6.820009696719385,768.4770530311007,1,0,0,0,1,"['절대저항 키고 2개뺏음', '둘이서는 최강 찍죠', '하드리시 해줘버렸네']"
2025-09-06T17:30:16.220353,1:54:52,114.86666666666666,8.61779262705803,5,770,1.982614117883203,9.306164210347812e-06,49.238739633332244,20,8.61779262705803,42.60615828905949,7.163008727047447,767.3693477279907,1,0,0,0,1,"['둘이서는 최강 찍죠', '하드리시 해줘버렸네', 'ㅋㅋㅋㅋㅋㅋㅋㅋㅋ']"
2025-09-06T17:30:21.224550,1:54:57,114.95,8.576948775671813,5,770,1.8659179082384483,8.861137829682069e-06,49.238739633332244,20,8.576948775671813,42.60615828905949,7.491707854342702,766.4424129551917,1,0,0,0,1,"['둘이서는 최강 찍죠', '하드리시 해줘버렸네', 'ㅋㅋㅋㅋㅋㅋㅋㅋㅋ']"
2025-09-06T17:30:26.234508,1:55:02,115.03333333333333,8.542924420008164,5,770,1.7687058916220126,8.48651808696832e-06,49.238739633332244,20,8.542924420008164,42.60615828905949,7.807537068908433,765.6781716596726,1,0,0,0,1,"['둘이서는 최강 찍죠', '하드리시 해줘버렸네', 'ㅋㅋㅋㅋㅋㅋㅋㅋㅋ']"
2025-09-06T17:30:31.237875,1:55:07,115.11666666666666,10.099074788326838,10,770,5.669546641533307,0.0011313196456174787,51.14280935931933,20,10.099074788326838,42.60615828905949,8.11178336201759,765.0603544937054,6,0,0,0,6,"['둘이서는 최강 찍죠', '하드리시 해줘버렸네', 'ㅋㅋㅋㅋㅋㅋㅋㅋㅋ']"
2025-09-06T17:30:36.337434,1:55:12,115.2,8.835002811128987,6,770,2.036974584518418,0.0003501788876012229,51.219216349925006,20,8.835002811128987,42.60615828905949,8.430605025815831,764.5743190443349,5,0,0,0,5,"['ㅈㅈ', 'ㅋㅋㅋㅋㅋㅋㅋㅋㅋㅋㅋㅋ', 'ㅋㅋㅋㅋㅋㅋㅋㅋㅋㅋㅋㅋ']"
2025-09-06T17:30:41.434042,1:55:17,115.28333333333333,8.800018680012968,6,770,1.9370822506452212,0.0002956432365982714,51.219216349925006,20,8.800018680012968,42.60615828905949,8.742544523234248,764.2068871399014,5,0,0,0,5,"['ㅈㅈ', 'ㅋㅋㅋㅋㅋㅋㅋㅋㅋㅋㅋㅋ', 'ㅋㅋㅋㅋㅋㅋㅋㅋㅋㅋㅋㅋ']"
2025-09-06T17:30:46.524214,1:55:22,115.36666666666666,7.422808363971915,7,770,2.306390984489168,0.00025453606229143723,51.15469704975789,10,7.422808363971915,42.60615828905949,9.038290070910822,763.9461984259112,5,0,0,0,5,"['ㅋㅋㅋㅋㅋㅋㅋㅋㅋㅋㅋㅋ', 'ㅋㅋㅋㅋㅋㅋㅋㅋㅋㅋㅋㅋ', 'ㅋㅋㅋㅋㅋ']"
2025-09-06T17:30:51.622518,1:55:27,115.45,7.566522598659402,8,770,2.719755922778165,0.00022220913254409342,51.14519142034026,10,7.566522598659402,42.60615828905949,9.32446106381974,763.7815785833202,5,0,0,0,5,"['ㅋㅋㅋㅋㅋㅋㅋㅋㅋㅋㅋㅋ', 'ㅋㅋㅋㅋㅋㅋㅋㅋㅋㅋㅋㅋ', 'ㅋㅋㅋㅋㅋ']"
2025-09-06T17:30:56.626440,1:55:32,115.53333333333333,7.724309787741619,9,770,3.1831046600462294,0.00019672161390366568,51.10144468079878,10,7.724309787741619,42.60615828905949,9.597014957437766,763.7034207249882,5,0,0,0,5,"['ㅋㅋㅋㅋㅋㅋㅋㅋㅋㅋㅋㅋ', 'ㅋㅋㅋㅋㅋㅋㅋㅋㅋㅋㅋㅋ', 'ㅋㅋㅋㅋㅋ']"
2025-09-06T17:31:01.819690,1:55:38,115.63333333333334,6.972125518894457,4,770,1.1122492414952398,3.0459959025520697e-06,50.82837065972762,10,6.972125518894457,42.60615828905949,9.83231346169399,763.7030786524894,0,0,0,0,0,"['미라지 돈이 심상치가 않네', '미라지가 딜이 미쳤구나', '유튭에서 밑에서 패링으로 스틸 막던데']"
2025-09-06T17:31:06.831372,1:55:43,115.71666666666667,7.075394389256615,5,779,1.3400242096130628,3.0459959025520697e-06,51.063846974936816,10,7.075394389256615,42.60615828905949,9.989082115524592,763.7727707872405,0,0,0,0,0,"['미라지 돈이 심상치가 않네', '미라지가 딜이 미쳤구나', '유튭에서 밑에서 패링으로 스틸 막던데']"
2025-09-06T17:31:11.835853,1:55:48,115.8,7.0727973396996155,5,779,1.3326040680216364,3.0459959025520697e-06,51.063846974936816,10,7.0727973396996155,42.60615828905949,10.045173903972133,763.9504937085164,0,0,0,0,0,"['미라지 돈이 심상치가 않네', '미라지가 딜이 미쳤구나', '유튭에서 밑에서 패링으로 스틸 막던데']"
2025-09-06T17:31:16.839179,1:55:53,115.88333333333334,6.997919395222972,4,779,1.0963308564618113,3.0459959025520697e-06,51.14202377062977,10,6.997919395222972,42.60615828905949,10.01065651357492,764.2254443376647,0,0,0,0,0,"['유튭에서 밑에서 패링으로 스틸 막던데', 'ㅂㄹㅊㅇ', '빈딕타 케릭이 뭔가뭔가임 항상']"
2025-09-06T17:31:21.928699,1:55:58,115.96666666666667,6.893016664117667,3,779,0.9058247303427192,3.0459959025520697e-06,50.75976790099353,10,6.893016664117667,42.60615828905949,9.879590862217428,764.5878999038982,0,0,0,0,0,"['ㅂㄹㅊㅇ', '빈딕타 케릭이 뭔가뭔가임 항상', '다이나모 궁때문에 패링이고 뭐고 못했을듯']"
2025-09-06T17:31:26.941028,1:56:03,116.05,6.782903637555018,2,779,0.7476834734887429,3.0459959025520697e-06,50.21213203435597,10,6.782903637555018,42.60615828905949,9.646631775995687,765.0291099135084,0,0,0,0,0,"['빈딕타 케릭이 뭔가뭔가임 항상', '다이나모 궁때문에 패링이고 뭐고 못했을듯']"
2025-09-06T17:31:32.038476,1:56:08,116.13333333333334,6.7142788153953505,1,779,0.6122217057056851,3.0459959025520697e-06,50.0,10,6.7142788153953505,42.60615828905949,9.341968598396118,765.5411989221575,0,0,0,0,0,['다이나모 궁때문에 패링이고 뭐고 못했을듯']
2025-09-06T17:31:37.041997,1:56:13,116.21666666666667,6.716088703187567,1,779,0.617392813683445,3.0459959025520697e-06,50.0,10,6.716088703187567,42.60615828905949,8.987771738556507,766.1170790299418,0,0,0,0,0,['다이나모 궁때문에 패링이고 뭐고 못했을듯']
2025-09-06T17:31:42.118821,1:56:18,116.3,6.718120213499357,1,779,0.623197128859987,3.0459959025520697e-06,50.0,10,6.718120213499357,42.60615828905949,8.623994564700856,766.7503711269477,0,0,0,0,0,['다이나모 궁때문에 패링이고 뭐고 못했을듯']
2025-09-06T17:32:02.239352,1:56:38,116.63333333333334,6.720311263401957,1,779,0.6294572714388453,3.0459959025520697e-06,50.0,10,6.720311263401957,42.60615828905949,8.26659510823077,767.4353340142529,0,0,0,0,0,['흠']
2025-09-06T17:32:07.320195,1:56:43,116.71666666666667,6.8078353423832,2,810,0.8189169158549768,3.0459959025520697e-06,50.21213203435597,10,6.8078353423832,42.60615828905949,7.904935597407694,768.0968006128277,0,0,0,0,0,"['흠', '바이퍼 못참지']"
2025-09-06T17:32:12.328496,1:56:48,116.8,7.386857802045251,6,810,2.393240901495041,3.0459959025520697e-06,50.49222268123624,10,7.386857802045251,42.471837176777605,7.564442037666925,768.892120551545,0,0,0,0,0,"['흠', '바이퍼 못참지', '번개지짐이 보고싶어요']"
2025-09-06T17:32:17.331697,1:56:53,116.88333333333334,8.087131429088052,8,810,4.3888870197052965,3.0459959025520697e-06,50.51019753792837,10,8.087131429088052,42.4611660818111,7.262997833900233,769.8079084963904,0,0,0,0,0,"['흠', '바이퍼 못참지', '번개지짐이 보고싶어요']"
2025-09-06T17:32:22.350908,1:56:58,116.96666666666667,8.212978044143025,8,810,4.748448777005221,3.0459959025520697e-06,50.51019753792837,10,8.212978044143025,42.458974728301214,7.006698050510209,770.8321176467514,0,0,0,0,0,"['흠', '바이퍼 못참지', '번개지짐이 보고싶어요']"
2025-09-06T17:32:27.419353,1:57:03,117.05,13.53788702696301,12,810,15.656344659265041,3.2132804487444804e-05,50.5815354309845,20,13.53788702696301,42.344093496696395,6.791028245459189,771.9539058820764,2,0,0,0,2,"['번개지짐이 보고싶어요', '빅터?', '가고일']"
2025-09-06T17:32:32.446829,1:57:08,117.13333333333334,15.934476821759091,13,810,22.514380343311498,3.431316401211339e-05,50.54429976334462,20,15.934476821759091,42.31511764192681,6.60692542091327,773.1635152938687,2,0,0,0,2,"['가고일', '인페?', '마술사 보여줘요']"
2025-09-06T17:32:37.452185,1:57:13,117.21666666666667,14.469003575603754,12,810,18.32185777730727,3.6031725118184614e-05,50.563389408561605,20,14.469003575603754,42.31511764192681,6.476232878821944,774.4521637644818,2,0,0,0,2,"['가고일', '인페?', '마술사 보여줘요']"
2025-09-06T17:32:42.521947,1:57:18,117.3,10.87892455658411,9,810,7.966033886171248,3.7273590619348466e-05,50.90797786987925,20,10.87892455658411,42.31511764192681,6.388609590939749,775.8119473880338,2,0,0,0,2,"['마술사 보여줘요', '가고일 재밌겠다', 'ㅋㅋㅋㅋㅋㅋ']"
2025-09-06T17:32:47.525395,1:57:23,117.38333333333334,10.21031153791716,8,810,6.045826375024726,0.00011595620792482555,50.94225924175337,20,10.21031153791716,42.31511764192681,6.3197486318457745,777.2357526492304,2,1,0,0,3,"['ㅋㅋㅋㅋㅋㅋ', '가고일 ㅋㅋ', '버프먹은 빌리?']"
2025-09-06T17:32:52.550861,1:57:28,117.46666666666667,10.261900173985438,8,810,6.19457861783357,3.347658831542373e-05,50.93784267108362,20,10.261900173985438,42.31511764192681,6.257773768661197,778.7171773843074,1,1,0,0,2,"['가고일 ㅋㅋ', '버프먹은 빌리?', '아이비 요즘 어떤지 궁금하긴해']"
2025-09-06T17:32:57.619432,1:57:33,117.55,9.709673256408347,7,810,4.6367768527363395,9.425392372940029e-06,50.86797587793679,20,9.709673256408347,42.31511764192681,6.196996391795078,780.2504596458767,0,1,0,0,1,"['1스만 던지는거 아님?', '스피릿 아이비 개꿀잼임', '우주최강미녀아이비']"
2025-09-06T17:33:02.722973,1:57:39,117.65,9.26051195965348,6,810,3.4211300781399485,2.959344393730613e-05,50.63104594926922,20,9.26051195965348,42.31511764192681,6.15729675261557,781.8304136812891,0,2,0,0,2,"['우주최강미녀아이비', '건 아이비 ㄱㄱ', '건고일']"
2025-09-06T17:33:07.741612,1:57:44,117.73333333333333,9.734417842476432,7,810,4.755873326258022,2.9932876103905217e-05,50.69850205135682,20,9.734417842476432,42.31511764192681,6.1265670773540135,783.4073723131602,0,2,0,0,2,"['우주최강미녀아이비', '건 아이비 ㄱㄱ', '건고일']"
2025-09-06T17:33:12.828665,1:57:49,117.81666666666666,9.289960649307991,6,814,3.473425992419641,3.0131229753101232e-05,50.74249499469216,20,9.289960649307991,42.31511764192681,6.108910369618612,784.9816350818442,0,2,0,0,2,"['건 아이비 ㄱㄱ', '건고일', '건가일 후반 좋아서']"
2025-09-06T17:33:17.833463,1:57:54,117.9,8.763302042871715,5,814,2.5197801607192276,9.590769637680336e-06,48.8137515031213,20,8.763302042871715,42.31511764192681,6.103019332656752,786.5734715736598,0,1,0,0,1,"['건고일', '건가일 후반 좋아서', '총은 좋다는거임']"
2025-09-06T17:33:22.845393,1:57:59,117.98333333333333,8.807262593889995,5,814,2.5166462617141168,9.582311876546302e-06,49.264325693653035,20,8.807262593889995,42.31511764192681,6.107717399391077,788.1811244162939,0,1,0,0,1,"['건가일 후반 좋아서', '총은 좋다는거임', '2번 스킬 연사력도오르고']"
2025-09-06T17:33:27.848381,1:58:04,118.06666666666666,7.554805765641024,3,814,1.3113013371309015,3.0459959025520697e-06,40.958490792468474,20,7.554805765641024,42.31511764192681,6.126945659451969,789.8030119746645,0,0,0,0,0,"['총은 언제나 옳다', '그냥 흡수탄이 고트임', '하향먹었어도 사기야']"
2025-09-06T17:33:32.941049,1:58:09,118.15,7.5528289598074885,3,814,1.3056533204636558,3.0459959025520697e-06,40.958490792468474,20,7.5528289598074885,42.31511764192681,6.1542510935067725,791.437710777198,0,0,0,0,0,"['총은 언제나 옳다', '그냥 흡수탄이 고트임', '하향먹었어도 사기야']"
2025-09-06T17:33:37.944129,1:58:14,118.23333333333333,6.3331292629843325,2,814,0.9416928876572512,3.0459959025520697e-06,30.03535533905933,20,6.3331292629843325,42.31511764192681,6.188825984156096,793.0839396994783,0,0,0,0,0,"['그냥 흡수탄이 고트임', '하향먹었어도 사기야']"
2025-09-06T17:33:43.019283,1:58:19,118.31666666666666,7.563159916799851,3,814,1.291370126110051,3.0459959025520697e-06,41.11179154262972,20,7.563159916799851,42.31511764192681,6.224943385740486,794.7405457295305,0,0,0,0,0,"['그냥 흡수탄이 고트임', '하향먹었어도 사기야', '아이비 보니까 못참겠네']"
2025-09-06T17:33:48.028103,1:58:24,118.4,7.560233899437867,3,814,1.2830100765043821,3.0459959025520697e-06,41.11179154262972,20,7.560233899437867,42.31511764192681,6.267449047166438,796.4064911565774,0,0,0,0,0,"['그냥 흡수탄이 고트임', '하향먹었어도 사기야', '아이비 보니까 못참겠네']"
2025-09-06T17:33:53.044107,1:58:29,118.48333333333333,8.332595259105142,2,814,0.9300656368426151,3.0459959025520697e-06,50.07071067811866,20,8.332595259105142,42.31511764192681,6.3107041424497945,797.9258420409196,0,0,0,0,0,"['하향먹었어도 사기야', '아이비 보니까 못참겠네']"
2025-09-06T17:33:58.218833,1:58:34,118.56666666666666,8.237183862256842,1,814,0.6776646967385191,3.0459959025520697e-06,50.0,20,8.237183862256842,42.31511764192681,6.329633728204816,799.3132578368277,0,0,0,0,0,['아이비 보니까 못참겠네']
2025-09-06T17:34:03.417642,1:58:39,118.65,8.71781832249786,3,814,1.2744879935981606,3.0459959025520697e-06,52.71746306340143,20,8.71781832249786,42.31511764192681,6.311670355384335,800.581932053145,0,0,0,0,0,"['아이비 보니까 못참겠네', '?', '?']"
2025-09-06T17:34:08.421620,1:58:44,118.73333333333333,9.049008875862794,5,768,2.413182421534849,3.0459959025520697e-06,52.04393809927236,20,9.049008875862794,42.31511764192681,6.2705033198459015,801.7437388478305,0,0,0,0,0,"['아이비 보니까 못참겠네', '?', '?']"
2025-09-06T17:34:13.426580,1:58:49,118.81666666666666,11.093457993403824,9,768,8.654099854689056,0.00012451554703870666,50.644732380438384,20,11.093457993403824,42.31511764192681,6.1984529878613115,802.5793649630475,2,1,0,0,3,"['?', '?', '?']"
2025-09-06T17:34:18.431118,1:58:54,118.9,11.212422310223065,9,768,8.993990382702888,0.00013109558303828068,50.644732380438384,20,11.212422310223065,42.31511764192681,6.113607689075181,803.1214284667428,2,1,0,0,3,"['?', '?', '?']"
2025-09-06T17:34:23.441574,1:58:59,118.98333333333333,11.349468627643322,9,768,9.385542490009014,0.00013879524082440126,50.644732380438384,20,11.349468627643322,42.31511764192681,6.022246920167664,803.3992856200686,2,1,0,0,3,"['?', '?', '?']"
2025-09-06T17:34:28.521267,1:59:04,119.06666666666666,11.481460289798333,9,768,9.762652913211303,0.00014633032634571276,50.644732380438384,20,11.481460289798333,42.31511764192681,5.940022228150898,803.4393570580617,2,1,0,0,3,"['?', '?', '?']"
2025-09-06T17:34:33.524806,1:59:09,119.15,9.902615574349344,7,768,5.240207632952467,0.000153143394639002,50.68481645458124,20,9.902615574349344,42.31511764192681,5.871020005335809,803.2654213522555,2,1,0,0,3,"['?', '?', '빅평']"
2025-09-06T17:34:38.535355,1:59:14,119.23333333333333,9.018531483980816,5,768,2.738753812369082,0.00016023915123161632,50.599035539911455,20,9.018531483980816,42.31511764192681,5.803918004802227,802.8988792170301,2,1,0,0,3,"['빅평', 'ㅋㅋㅋㅋ', '빅청평을 더 낮추지 말아다오']"
2025-09-06T17:35:18.718587,1:59:54,119.9,8.245077316174367,1,754,0.7002174222171581,3.0459959025520697e-06,50.0,20,8.245077316174367,40.0,5.733526204322005,802.3589912953271,0,0,0,0,0,['빅하']
2025-09-06T17:35:23.725325,2:00:00,120.0,8.431972490308898,2,754,1.0018670687381848,4.341035202365849e-06,50.813172798364526,20,8.431972490308898,40.0,5.645173583889805,801.5930921657945,0,0,0,1,1,"['빅하', '흡수탄이 만피+체흡 되는거임? 아니면 만피만?']"
2025-09-06T17:35:28.731243,2:00:05,120.08333333333333,8.436666938455005,2,754,1.0152797444597879,4.370144065526307e-06,50.813172798364526,20,8.436666938455005,40.0,5.5406562255008245,800.623782949215,0,0,0,1,1,"['빅하', '흡수탄이 만피+체흡 되는거임? 아니면 만피만?']"
2025-09-06T17:35:33.734292,2:00:10,120.16666666666667,8.653495126269442,3,754,1.4866465900912966,4.403428477604136e-06,51.33167058366098,20,8.653495126269442,40.0,5.426590602950743,799.4514046542935,0,0,0,1,1,"['빅하', '흡수탄이 만피+체흡 되는거임? 아니면 만피만?', '둘다됨 그래서사기']"
2025-09-06T17:35:38.818594,2:00:15,120.25,7.165742243528356,3,754,1.5216383142121335,4.437970030428403e-06,51.33167058366098,10,7.165742243528356,40.0,5.313931542655668,798.0962641888642,0,0,0,1,1,"['빅하', '흡수탄이 만피+체흡 되는거임? 아니면 만피만?', '둘다됨 그래서사기']"
2025-09-06T17:35:43.821801,2:00:20,120.33333333333333,7.178672914027204,3,754,1.5585830460281296,4.473878150819049e-06,51.33167058366098,10,7.178672914027204,40.0,5.202538388390101,796.5766377699778,0,0,0,1,1,"['빅하', '흡수탄이 만피+체흡 되는거임? 아니면 만피만?', '둘다됨 그래서사기']"
2025-09-06T17:35:48.840360,2:00:25,120.41666666666667,8.42821767306468,6,754,5.075870561114941,0.00027633425401743777,51.51552442972843,10,8.42821767306468,40.0,5.102284549551091,794.90897399298,2,0,1,1,4,"['흡수탄이 만피+체흡 되는거임? 아니면 만피만?', '둘다됨 그래서사기', 'ㅋㅋㅋㅋ']"
2025-09-06T17:35:54.025378,2:00:30,120.5,8.481250544243778,6,754,5.25292281351675,0.0007992583178540839,51.42407856185774,10,8.481250544243778,40.0,5.027056094595982,793.108076593682,2,1,1,0,4,"['둘다됨 그래서사기', 'ㅋㅋㅋㅋ', '헉']"
2025-09-06T17:35:59.128129,2:00:35,120.58333333333333,9.407569407692796,7,754,7.921007369205444,0.0008430675422328358,51.348796014539964,10,9.407569407692796,40.0,4.979350485136384,791.1872689343138,2,1,1,0,4,"['둘다됨 그래서사기', 'ㅋㅋㅋㅋ', '헉']"
2025-09-06T17:36:04.321218,2:00:40,120.66666666666667,10.711897424721661,8,754,11.772770829277302,0.0008652924691233446,50.91081517486956,10,10.711897424721661,40.0,4.956415436622745,789.1585420408825,2,1,1,0,4,"['ㅋㅋㅋㅋ', '헉', 'ㅋㅋㅋㅋ']"
2025-09-06T17:36:09.330746,2:00:45,120.75,10.700910929675743,8,758,11.741385739520442,0.0008610083915826278,50.91081517486956,10,10.700910929675743,40.0,4.9607738929604706,787.0326878367943,2,1,1,0,4,"['ㅋㅋㅋㅋ', '헉', 'ㅋㅋㅋㅋ']"
2025-09-06T17:36:14.417792,2:00:50,120.83333333333333,9.346285440222449,7,758,7.8555519326496155,0.00016701345726969786,50.96775458412174,10,9.346285440222449,40.0,4.994696503664424,784.8394190531149,1,1,1,0,3,"['헉', 'ㅋㅋㅋㅋ', '아뿔싸']"
2025-09-06T17:36:19.616989,2:00:55,120.91666666666667,7.717237261422512,7,758,7.606137366270262,1.4825494870920858e-05,35.55083253029972,10,7.717237261422512,40.0,5.055226853297982,782.5854771478034,1,0,0,0,1,"['그건아님', '슴지 쌔긴한데', '그건아님']"
2025-09-06T17:36:24.724658,2:01:01,121.01666666666667,40.924289743114926,18,758,100.0,0.0015593067795476637,44.23666020403104,10,40.924289743114926,40.0,5.129704167968184,780.2769294330232,4,0,0,0,4,"['망햇어', '어', '어']"
2025-09-06T17:36:29.728118,2:01:06,121.1,41.189024184447455,25,758,100.0,0.12752528308188432,46.380140712146954,10,41.189024184447455,40.0,5.261733751171365,778.1492364897208,7,0,0,0,7,"['어라.', 'ㅋㅋㅋㅋ', 'ㅋㅋㅋㅋㅋㅋㅋㅋ']"
2025-09-06T17:36:34.733307,2:01:11,121.18333333333334,40.94949516927419,26,758,100.0,0.0865738148803556,44.14865643322053,10,40.94949516927419,40.0,5.460560376054229,776.1843128407488,7,0,0,0,7,"['당했네', 'ㅋㅋㅋㅋㅋ', 'ㄲㅂ']"
2025-09-06T17:36:39.818584,2:01:16,121.26666666666667,40.626924083123654,28,758,100.0,0.053963567019717565,41.05338656315768,10,40.626924083123654,40.0,5.724504338448806,774.3658815566739,7,0,0,0,7,"['ㄲㅂ', '비상', '딸피의 유혹']"
2025-09-06T17:36:44.826423,2:01:21,121.35,40.617955629455906,28,758,100.0,0.03154243285034234,41.05338656315768,10,40.617955629455906,40.0,6.057053904603926,772.6792934010066,7,0,0,0,7,"['ㄲㅂ', '비상', '딸피의 유혹']"
2025-09-06T17:36:49.830261,2:01:26,121.43333333333334,41.49331450537942,23,758,100.0,0.005188017352008802,49.91239298438622,10,41.49331450537942,40.0,6.451348514143533,771.111364060906,6,0,0,0,6,"['ㄲㅂ', '비상', '딸피의 유혹']"
2025-09-06T17:36:54.833278,2:01:31,121.51666666666667,13.434410186214667,13,758,19.51718484780251,9.939003377960908e-05,51.033557334702756,10,13.434410186214667,40.0,6.886213662729181,769.6502276548154,3,0,0,0,3,"['비상', '딸피의 유혹', 'ㅋㅋㅋㅋㅋㅋㅋㅋㅋㅋ']"
2025-09-06T17:36:59.837444,2:01:36,121.6,7.525294681186181,6,758,2.523142267538327,9.08917049166755e-06,51.4219125187957,10,7.525294681186181,40.0,7.3175922964562625,768.2852048893338,1,0,0,0,1,"['비상', '당했네', '600원 상납이요']"
2025-09-06T17:37:04.929681,2:01:41,121.68333333333334,8.300502270858312,2,734,0.8282635424179572,8.57323556953589e-06,50.10606601717798,20,8.300502270858312,40.0,7.730833066810636,767.0766844004005,1,0,0,0,1,"['딸피는 최고의 CC기', 'ㅋㅋㅋㅋㅋㅋㅋㅋ']"
2025-09-06T17:37:09.953916,2:01:46,121.76666666666667,8.375043341414866,2,734,0.8089033989821532,8.17554215234991e-06,50.91923881554251,20,8.375043341414866,40.0,8.102749760129573,765.8890159603604,1,0,0,0,1,"['ㅋㅋㅋㅋㅋㅋㅋㅋ', '전판에 무슨 짓을 헷길래 적으로 만나기 누르고 칼을 갈아왔다냐']"
2025-09-06T17:37:15.018320,2:01:51,121.85,8.36957436259356,2,734,0.7932781040993861,7.86151131286788e-06,50.91923881554251,20,8.36957436259356,40.0,8.437474784116615,764.7201143643243,1,0,0,0,1,"['ㅋㅋㅋㅋㅋㅋㅋㅋ', '전판에 무슨 짓을 헷길래 적으로 만나기 누르고 칼을 갈아왔다냐']"
2025-09-06T17:37:20.026304,2:01:56,121.93333333333334,8.365162444179127,2,734,0.7806729072780887,7.612693864394929e-06,50.91923881554251,20,8.365162444179127,40.0,8.733727305704955,763.5681029278919,1,0,0,0,1,"['ㅋㅋㅋㅋㅋㅋㅋㅋ', '전판에 무슨 짓을 헷길래 적으로 만나기 누르고 칼을 갈아왔다냐']"
2025-09-06T17:37:25.033217,2:02:01,122.01666666666667,8.216048297939299,1,734,0.6172773701169673,3.0459959025520697e-06,50.0,20,8.216048297939299,40.0,8.99535457513446,762.4312926351027,0,0,0,0,0,['전판에 무슨 짓을 헷길래 적으로 만나기 누르고 칼을 갈아왔다냐']
2025-09-06T17:37:30.047422,2:02:06,122.1,6.714880537754994,1,734,0.6139409124475225,3.0459959025520697e-06,50.0,10,6.714880537754994,40.0,9.220819117621014,761.3081633715925,0,0,0,0,0,['전판에 무슨 짓을 헷길래 적으로 만나기 누르고 칼을 갈아왔다냐']
2025-09-06T17:37:35.120175,2:02:11,122.18333333333334,6.714002759777819,1,734,0.611432975369881,3.0459959025520697e-06,50.0,10,6.714002759777819,40.0,9.398737205858913,760.1973470344333,0,0,0,0,0,['전판에 무슨 짓을 헷길래 적으로 만나기 누르고 칼을 갈아왔다냐']
2025-09-06T17:37:55.245238,2:02:31,122.51666666666667,6.713360267689994,1,734,0.6095972836903804,3.0459959025520697e-06,50.0,10,6.713360267689994,40.0,9.53386348527302,759.0976123309899,0,0,0,0,0,['빅터 왕귀 되기전에 못이기면 지는 그런건가.']
2025-09-06T17:38:00.317360,2:02:36,122.6,6.712935986807052,1,734,0.6083850525962603,3.0459959025520697e-06,50.0,10,6.712935986807052,40.0,9.625477136745719,758.007851097891,0,0,0,0,0,['빅터 왕귀 되기전에 못이기면 지는 그런건가.']
2025-09-06T17:38:05.346393,2:02:41,122.68333333333334,6.712719709799926,1,734,0.6077671182901874,3.0459959025520697e-06,50.0,10,6.712719709799926,40.0,9.672929423071148,756.927065988102,0,0,0,0,0,['빅터 왕귀 되기전에 못이기면 지는 그런건가.']
2025-09-06T17:38:10.435046,2:02:46,122.76666666666667,6.71268480343433,1,734,0.6076673858170537,3.0459959025520697e-06,50.0,10,6.71268480343433,40.0,9.680636480764033,755.8343593892918,0,0,0,0,0,['빅터 왕귀 되기전에 못이기면 지는 그런건가.']
2025-09-06T17:38:15.437691,2:02:51,122.85,6.7127894451894035,1,734,0.6079663622601211,3.0459959025520697e-06,50.0,10,6.7127894451894035,40.0,9.657572832687631,754.7309234503626,0,0,0,0,0,['빅터 왕귀 되기전에 못이기면 지는 그런건가.']
2025-09-06T17:38:20.637317,2:02:56,122.93333333333334,6.713021688114659,1,734,0.6086299134751374,3.0459959025520697e-06,50.0,10,6.713021688114659,40.0,9.606815549418869,753.6178311053264,0,0,0,0,0,['빅터 왕귀 되기전에 못이기면 지는 그런건가.']
2025-09-06T17:39:01.937226,2:03:38,123.63333333333334,6.802535193115539,2,734,0.753261388400345,7.085525396175625e-06,50.3889087296526,10,6.802535193115539,40.0,9.476133994476982,752.4960479947938,1,0,0,0,1,"['ㅋㅋㅋ', '실수하면 바로 응징하려하네']"
2025-09-06T17:39:06.944594,2:03:43,123.71666666666667,6.960041368679155,4,734,1.1710677330066228,3.667360084358636e-05,50.501529926865,10,6.960041368679155,40.0,9.243520595029283,751.3664431953144,2,1,0,0,3,"['ㅋㅋㅋ', '실수하면 바로 응징하려하네', '폭풍타이밍 정확한거보소']"
2025-09-06T17:39:11.948231,2:03:48,123.8,6.9728576815608285,4,754,1.2076818666512992,4.0088865934488814e-05,50.501529926865,10,6.9728576815608285,40.0,8.924168535526356,750.229798875783,2,1,0,0,3,"['ㅋㅋㅋ', '실수하면 바로 응징하려하네', '폭풍타이밍 정확한거보소']"
2025-09-06T17:39:17.024799,2:03:53,123.88333333333334,6.991263597157383,4,754,1.2602641853609948,4.534898633672215e-05,50.501529926865,10,6.991263597157383,40.0,8.51675168197372,749.1868189882048,2,1,0,0,3,"['ㅋㅋㅋ', '실수하면 바로 응징하려하네', '폭풍타이밍 정확한거보소']"
2025-09-06T17:39:22.029643,2:03:58,123.96666666666667,7.016934126555291,4,754,1.3335993387342937,5.341327947108623e-05,50.501529926865,10,7.016934126555291,40.0,8.030076513776347,748.2281370893844,2,1,0,0,3,"['ㅋㅋㅋ', '실수하면 바로 응징하려하네', '폭풍타이밍 정확한거보소']"
2025-09-06T17:39:27.046995,2:04:03,124.05,7.050953032116701,4,754,1.4307824250838004,6.547662717752761e-05,50.501529926865,10,7.050953032116701,40.0,7.497068862398713,747.345323380446,2,1,0,0,3,"['ㅋㅋㅋ', '실수하면 바로 응징하려하네', '폭풍타이밍 정확한거보소']"
2025-09-06T17:39:32.123211,2:04:08,124.13333333333334,6.730406702073699,1,754,0.6582749375818888,2.6184800095166903e-05,50.0,10,6.730406702073699,40.0,6.972361976158841,746.5307910424013,1,1,0,0,2,['석상빠지니까 바로오네 ㅋㅋㅋ']
2025-09-06T17:39:57.333758,2:04:33,124.55,6.735511536103236,1,754,0.6728866220139297,3.0459959025520697e-06,50.0,10,6.735511536103236,40.0,6.4751257785429575,745.7777119381612,0,0,0,0,0,['겁쟁이의 의식 살까요?']
2025-09-06T17:40:02.336956,2:04:38,124.63333333333334,6.741022006398887,1,754,0.6886308228586457,3.0459959025520697e-06,50.0,10,6.741022006398887,40.0,6.022613200688662,745.1999407443451,0,0,0,0,0,['겁쟁이의 의식 살까요?']
2025-09-06T17:40:07.343400,2:04:43,124.71666666666667,6.876941178961152,2,764,1.0062606377750347,3.0459959025520697e-06,50.24748737341529,10,6.876941178961152,40.0,5.610351880619796,744.7799466699106,0,0,0,0,0,"['겁쟁이의 의식 살까요?', '2번죽었는데 1웹차이면 복구했는데?']"
2025-09-06T17:40:12.423823,2:04:48,124.8,6.895083596667565,2,764,1.0580961169362137,3.0459959025520697e-06,50.24748737341529,10,6.895083596667565,40.0,5.239316692557817,744.5519520029195,0,0,0,0,0,"['겁쟁이의 의식 살까요?', '2번죽었는데 1웹차이면 복구했는데?']"
2025-09-06T17:40:17.537366,2:04:53,124.88333333333334,6.91472946365245,2,764,1.1142271654644569,3.0459959025520697e-06,50.24748737341529,10,6.91472946365245,40.0,4.905385023302036,744.4967568026276,0,0,0,0,0,"['겁쟁이의 의식 살까요?', '2번죽었는데 1웹차이면 복구했는데?']"
2025-09-06T17:40:22.547873,2:04:58,124.96666666666667,7.67834816238522,4,764,2.772565997471488,1.727470913652924e-05,52.07943153386544,10,7.67834816238522,40.0,4.609846520971833,744.5970811223648,1,0,0,0,1,"['겁쟁이의 의식 살까요?', '2번죽었는데 1웹차이면 복구했는데?', 'ㅋㅋㅋㅋ']"
2025-09-06T17:40:27.633978,2:05:03,125.05,7.467291629160765,3,764,1.9445934531507552,1.909008920409724e-05,52.86676284522318,10,7.467291629160765,40.0,4.35886186887465,744.8373730101283,1,0,0,0,1,"['2번죽었는데 1웹차이면 복구했는데?', 'ㅋㅋㅋㅋ', '총이아프네']"
2025-09-06T17:40:32.637028,2:05:08,125.13333333333334,6.956253983013494,2,764,1.2934572763327612,2.100597773653846e-05,50.03535533905933,10,6.956253983013494,40.0,4.142975681987185,745.2036357091155,1,0,0,0,1,"['ㅋㅋㅋㅋ', '총이아프네']"
2025-09-06T17:40:37.730529,2:05:13,125.21666666666667,6.977528221340311,2,764,1.3542384890680115,2.3040651434633016e-05,50.03535533905933,10,6.977528221340311,40.0,3.9536781137884667,745.683272138204,1,0,0,0,1,"['ㅋㅋㅋㅋ', '총이아프네']"
2025-09-06T17:40:42.817167,2:05:19,125.31666666666666,6.998779572212018,2,764,1.4149542027609727,2.5168349361107654e-05,50.03535533905933,10,6.998779572212018,40.0,3.78831030240962,746.2649449243836,1,0,0,0,1,"['ㅋㅋㅋㅋ', '총이아프네']"
2025-09-06T17:40:47.824253,2:05:24,125.4,7.019697857780781,2,764,1.4747182330079271,2.7355805184417176e-05,50.03535533905933,10,7.019697857780781,40.0,3.644479272168658,746.9384504319452,1,0,0,0,1,"['ㅋㅋㅋㅋ', '총이아프네']"
2025-09-06T17:41:03.025467,2:05:39,125.65,9.205862219665024,5,764,8.146714641656974,0.027025088809408557,48.4370205956132,10,9.205862219665024,40.0,3.520031344951792,747.6946053887507,4,0,0,0,4,"['어', 'ㅋㅋㅋㅋㅋㅋㅋㅋㅋㅋㅋㅋㅋㅋㅋㅋ', 'ㅋㅋㅋㅋㅋㅋㅋㅋ']"
2025-09-06T17:41:08.129460,2:05:44,125.73333333333333,28.270894180862978,7,763,25.66121795108039,31.843055241710307,50.52245801300716,10,28.270894180862978,40.0,3.4280282104566124,748.5251448498757,7,0,0,0,7,"['어', 'ㅋㅋㅋㅋㅋㅋㅋㅋㅋㅋㅋㅋㅋㅋㅋㅋ', 'ㅋㅋㅋㅋㅋㅋㅋㅋ']"
2025-09-06T17:41:13.135103,2:05:49,125.81666666666666,46.0068814090906,9,763,67.83276055856759,39.29366381830809,50.479496862687164,10,46.0068814090906,40.0,3.3752253894109514,749.4176303648882,7,0,0,0,7,"['어', 'ㅋㅋㅋㅋㅋㅋㅋㅋㅋㅋㅋㅋㅋㅋㅋㅋ', 'ㅋㅋㅋㅋㅋㅋㅋㅋ']"
2025-09-06T17:41:18.242829,2:05:54,125.9,47.11443302680716,9,763,68.7258234602237,41.28111282365038,50.479496862687164,10,47.11443302680716,40.617955629455906,3.3627028504698564,750.3658673283993,7,0,0,0,7,"['어', 'ㅋㅋㅋㅋㅋㅋㅋㅋㅋㅋㅋㅋㅋㅋㅋㅋ', 'ㅋㅋㅋㅋㅋㅋㅋㅋ']"
2025-09-06T17:41:23.430706,2:05:59,125.98333333333333,80.92984796471549,11,763,100.0,100.0,44.29847964715486,10,80.92984796471549,40.626924083123654,3.376432565422871,751.3642805955593,7,2,0,0,9,"['ㅋㅋㅋㅋㅋㅋㅋㅋㅋㅋㅋㅋㅋㅋㅋㅋ', 'ㅋㅋㅋㅋㅋㅋㅋㅋ', '내다버린궁 ㅋㅋ']"
2025-09-06T17:41:28.436208,2:06:04,126.06666666666666,81.063064409055,12,763,100.0,100.0,45.63064409055,10,81.063064409055,40.924289743114926,3.4237893088805844,752.3078525360035,8,2,0,0,10,"['내다버린궁 ㅋㅋ', 'ㅋㅋㅋㅋㅋㅋㅋㅋㅋㅋㅋ', 'ㅋㅋㅋㅋ ㅋㅋㅋㅋ']"
2025-09-06T17:41:33.441697,2:06:09,126.15,27.891603531264803,9,763,59.1947461106871,1.5061962173141543,50.709639055986564,10,27.891603531264803,40.94949516927419,3.506410377992526,753.2020672824032,4,2,0,0,6,"['ㅋㅋㅋㅋ ㅋㅋㅋㅋ', 'ㅋㅋㅋㅋㅋ', '바로 던지지']"
2025-09-06T17:41:38.447024,2:06:14,126.23333333333333,33.00265098996562,10,763,77.71369782038506,0.06600577638575292,42.76454442276551,10,33.00265098996562,40.94949516927419,3.6057693401932736,754.0518605541628,1,4,0,0,5,"['바로 던지지', '잘하는데?', '궁있어서 그냥 들어오네']"
2025-09-06T17:41:43.450321,2:06:19,126.31666666666666,41.61675354745944,11,763,95.2902480703695,5.839134380662594,44.2951297056508,10,41.61675354745944,40.94949516927419,3.7251924061739463,754.8616744987465,2,4,2,0,8,"['와우', '너무 잘한다', '화려하다 ㅋㅋ']"
2025-09-06T17:41:48.521662,2:06:24,126.4,27.561612499773133,10,763,59.93232368984468,0.5491574735494242,48.656362189077285,10,27.561612499773133,41.189024184447455,3.882673165556552,755.6355070488719,2,3,2,0,7,"['와우', '너무 잘한다', '화려하다 ㅋㅋ']"
2025-09-06T17:41:53.618528,2:06:29,126.48333333333333,18.57755967207373,9,763,34.25125480573,0.05655618591016711,50.669980157041635,10,18.57755967207373,41.189024184447455,4.069405849000897,756.3769563439847,2,2,2,0,6,"['너무 잘한다', '화려하다 ㅋㅋ', '머 맞고 기절한거지;']"
2025-09-06T17:41:58.621691,2:06:34,126.56666666666666,10.848116661980193,7,763,12.279377010625662,0.005403849861140793,50.48173168316755,10,10.848116661980193,41.189024184447455,4.277465264100807,757.0892607095863,1,2,2,0,5,"['머 맞고 기절한거지;', '오', '휴']"
2025-09-06T17:42:03.625613,2:06:39,126.65,8.941991655194244,6,776,6.929774036888056,0.0037941064316320485,50.1505309971077,10,8.941991655194244,41.189024184447455,4.489718737690726,757.7253346386277,1,2,2,0,5,"['오', '휴', '오']"
2025-09-06T17:43:24.333211,2:08:00,128.0,6.764529830593429,1,774,0.7557804249919933,1.6704615578262675e-05,50.0,10,6.764529830593429,41.189024184447455,4.700746863921654,758.357801174765,1,0,0,0,1,['ㅋㅋㅋ']
2025-09-06T17:43:29.337641,2:08:05,128.08333333333334,6.760319351168592,1,774,0.7437516747756558,1.566249278065042e-05,50.0,10,6.760319351168592,41.189024184447455,4.8856721775294885,758.9770210572885,1,0,0,0,1,['ㅋㅋㅋ']
2025-09-06T17:43:34.345589,2:08:10,128.16666666666666,6.7571467620032255,1,774,0.734687994131365,1.4910143118437531e-05,50.0,10,6.7571467620032255,41.189024184447455,5.03710495977654,759.5843189515597,1,0,0,0,1,['ㅋㅋㅋ']
2025-09-06T17:43:39.438276,2:08:15,128.25,6.754670470181814,1,774,0.727613523883871,1.4342056148155721e-05,50.0,10,6.754670470181814,41.189024184447455,5.163394463798887,760.1808870564037,1,0,0,0,1,['ㅋㅋㅋ']
2025-09-06T17:43:44.536092,2:08:20,128.33333333333334,8.252652607727619,1,774,0.7218487177367311,1.3891299408186628e-05,50.0,20,8.252652607727619,41.189024184447455,5.272055017418998,760.7677983507633,1,0,0,0,1,['ㅋㅋㅋ']
2025-09-06T17:43:49.627886,2:08:25,128.41666666666666,8.251006027798093,1,774,0.7171446149181673,1.3531441835525843e-05,50.0,20,8.251006027798093,41.189024184447455,5.364849515677098,761.346018515687,1,0,0,0,1,['ㅋㅋㅋ']
2025-09-06T17:44:04.931621,2:08:41,128.68333333333334,10.21875406910324,7,774,6.285979358416863,0.00108848219023077,50.18225900781244,20,10.21875406910324,41.189024184447455,5.443364564109388,761.9164166641183,4,0,0,0,4,"['맞딜봐 ㅋㅋ', 'ㅋㅋㅋㅋㅋㅋ', '모기딜 ㅋㅋㅋㅋ']"
2025-09-06T17:44:10.036695,2:08:46,128.76666666666668,11.011913895568346,8,765,8.527837613975215,0.0009833939424353552,50.26777373100047,20,11.011913895568346,41.189024184447455,5.539028107698449,762.4797749977065,4,0,0,0,4,"['맞딜봐 ㅋㅋ', 'ㅋㅋㅋㅋㅋㅋ', '모기딜 ㅋㅋㅋㅋ']"
2025-09-06T17:44:15.228387,2:08:51,128.85,13.391001122573929,10,765,15.829604724728954,0.0008866553167489167,48.50284806792095,20,13.391001122573929,41.189024184447455,5.640125296928605,762.9917974979359,4,0,0,0,4,"['맞딜봐 ㅋㅋ', 'ㅋㅋㅋㅋㅋㅋ', '모기딜 ㅋㅋㅋㅋ']"
2025-09-06T17:44:20.232980,2:08:56,128.93333333333334,13.643723994959442,11,765,20.471051457843938,0.0032132548328766028,49.77570682780913,10,13.643723994959442,41.189024184447455,5.746112767235744,763.4626177481423,5,0,0,0,5,"['ㅋㅋㅋㅋㅋㅋ', '모기딜 ㅋㅋㅋㅋ', '아이비 너무 약행']"
2025-09-06T17:44:25.255199,2:09:01,129.01666666666668,15.689337832685904,12,765,26.055925859132117,0.009375990621488648,50.66013385741069,10,15.689337832685904,40.94949516927419,5.851501490512169,763.896355973328,5,1,0,0,6,"['모기딜 ㅋㅋㅋㅋ', '아이비 너무 약행', 'ㅋㅋㅋㅋ']"
2025-09-06T17:44:30.431513,2:09:06,129.1,12.801806797159173,11,765,18.0668329124384,0.0021131989877765374,49.77569998210622,10,12.801806797159173,40.626924083123654,5.9613513414609525,764.2967203759952,4,1,0,0,5,"['모기딜 ㅋㅋㅋㅋ', '아이비 너무 약행', 'ㅋㅋㅋㅋ']"
2025-09-06T17:44:35.435488,2:09:11,129.18333333333334,7.477418704758392,5,765,2.5487369655288,3.6197387948330564e-05,50.85346287868133,10,7.477418704758392,40.617955629455906,6.060216207314857,764.6670483383957,1,1,0,0,2,"['그냥 맞으면서 부숴버리네', '님 평타 풀차징이 더 아플걸요', '그것이 아이비니까']"
2025-09-06T17:44:40.438880,2:09:16,129.26666666666668,7.234797254705708,4,765,1.817782972190098,3.5414995768657604e-05,50.985590484408654,10,7.234797254705708,40.0,6.114194586583372,765.0103435045562,1,1,0,0,2,"['님 평타 풀차징이 더 아플걸요', '그것이 아이비니까', 'ㅋㅋㅋㅋㅋ']"
2025-09-06T17:44:45.444959,2:09:21,129.35,7.242436249891207,3,765,1.3090523921124795,0.00012916794706998092,52.842162454730115,10,7.242436249891207,40.0,6.1377751279250345,765.3293091541007,2,1,0,0,3,"['ㅋㅋㅋㅋㅋ', '전류탄뽑아야딜나오는뎅', 'ㅋㅋㅋㅋㅋㅋㅋㅋㅋ']"
2025-09-06T17:44:50.521555,2:09:26,129.43333333333334,6.845991215842383,2,765,0.94812737467618,1.1247704971233783e-05,50.14142135623731,10,6.845991215842383,40.0,6.123997615132531,765.6263782386907,1,0,0,0,1,"['ㅋㅋㅋㅋㅋㅋㅋㅋㅋ', '미라지 돈 벌써 격차난다']"
2025-09-06T17:44:55.534762,2:09:31,129.51666666666668,8.348038615532039,2,765,0.9539769282068783,1.1387589749692825e-05,50.14142135623731,20,8.348038615532039,40.0,6.066597853619277,765.9037404148216,1,0,0,0,1,"['ㅋㅋㅋㅋㅋㅋㅋㅋㅋ', '미라지 돈 벌써 격차난다']"
2025-09-06T17:45:00.616737,2:09:36,129.6,7.613277402917736,5,765,2.608683406767924,0.00012101008056843647,37.001898065167346,20,7.613277402917736,40.0,5.974938068257349,766.1633663733395,1,2,0,0,3,"['ㅋㅋㅋㅋㅋㅋㅋㅋㅋ', '미라지 돈 벌써 격차난다', '크악 미라지를 억제해!!']"
2025-09-06T17:45:05.630090,2:09:41,129.68333333333334,8.357001388153298,7,767,5.237257222338858,0.0001290419890463425,35.239097435390796,20,8.357001388153298,40.0,5.872444261431614,766.4070297360056,1,2,0,0,3,"['ㅋㅋㅋㅋㅋㅋㅋㅋㅋ', '미라지 돈 벌써 격차난다', '크악 미라지를 억제해!!']"
2025-09-06T17:45:10.729813,2:09:47,129.78333333333333,7.422405233130331,6,767,3.8759855913377037,3.4325528286817775e-05,30.6579654595082,20,7.422405233130331,40.0,5.780199835288453,766.646326762405,0,2,0,0,2,"['미라지 돈 벌써 격차난다', '크악 미라지를 억제해!!', '와']"
2025-09-06T17:45:15.733083,2:09:52,129.86666666666667,7.463241374389224,6,767,3.9926588713481648,3.5558666364468285e-05,30.6579654595082,20,7.463241374389224,40.0,5.697179851759608,766.8166940861646,0,2,0,0,2,"['미라지 돈 벌써 격차난다', '크악 미라지를 억제해!!', '와']"
2025-09-06T17:45:20.746639,2:09:57,129.95,7.645019373050587,5,767,2.870730870562048,3.633630860893062e-05,36.402490338304275,20,7.645019373050587,40.0,5.647461866583647,766.9350246775482,0,2,0,0,2,"['크악 미라지를 억제해!!', '와', '데드락 최고 미소녀']"
2025-09-06T17:45:25.750073,2:10:02,130.03333333333333,7.652766559516289,5,767,2.892865233480436,3.6734919271759406e-05,36.402490338304275,20,7.652766559516289,40.0,5.622715679925283,767.0065222097934,0,2,0,0,2,"['크악 미라지를 억제해!!', '와', '데드락 최고 미소녀']"
2025-09-06T17:45:30.836203,2:10:07,130.11666666666667,9.070941636246424,5,767,2.89491526771267,0.00021788165064465478,50.57634139886731,20,9.070941636246424,40.0,5.620444111932754,767.035869988814,3,0,0,0,3,"['아이비', '웨이브는 같이먹고가', 'ㅋㅋㅋ 겁나쌔네']"
2025-09-06T17:45:35.839817,2:10:12,130.2,8.850795096437114,5,767,2.8787946158266275,0.00021493888888238867,48.431310053422415,20,8.850795096437114,40.0,5.638399700739479,767.0272829899327,3,0,0,0,3,"['ㅋㅋㅋ 겁나쌔네', 'ㅋㅋㅋ', 'ㅈㄴ 힘드네 ㅋㅋㅋㅋ']"
2025-09-06T17:45:40.941975,2:10:17,130.28333333333333,8.839630814786945,5,767,2.846903241531487,0.00020918727170744384,48.431310053422415,20,8.839630814786945,40.0,5.67455973066553,766.9845546909394,3,0,0,0,3,"['ㅋㅋㅋ 겁나쌔네', 'ㅋㅋㅋ', 'ㅈㄴ 힘드네 ㅋㅋㅋㅋ']"
2025-09-06T17:45:45.945301,2:10:22,130.36666666666667,9.490660806018582,6,767,3.949822132351069,0.0002012256152753927,51.08142569449596,20,9.490660806018582,40.0,5.727103757598978,766.9110992218455,3,0,0,0,3,"['ㅋㅋㅋ 겁나쌔네', 'ㅋㅋㅋ', 'ㅈㄴ 힘드네 ㅋㅋㅋㅋ']"
2025-09-06T17:45:51.124127,2:10:27,130.45,10.277888460498591,8,767,7.634315877766533,0.00019513852629127478,46.05799847869788,20,10.277888460498591,40.0,5.76939338183908,766.809989299661,3,0,0,0,3,"['ㅋㅋㅋ 겁나쌔네', 'ㅋㅋㅋ', 'ㅈㄴ 힘드네 ㅋㅋㅋㅋ']"
2025-09-06T17:45:56.130645,2:10:32,130.53333333333333,10.231565767510705,8,767,7.501971324277683,0.00018989035931800578,46.05799847869788,20,10.231565767510705,40.0,5.807454043655173,766.7289903696949,3,0,0,0,3,"['ㅋㅋㅋ 겁나쌔네', 'ㅋㅋㅋ', 'ㅈㄴ 힘드네 ㅋㅋㅋㅋ']"
2025-09-06T17:46:01.140126,2:10:37,130.61666666666667,8.486952661570617,6,767,3.806900518181867,3.0459959025520697e-06,41.545362618086024,20,8.486952661570617,40.0,5.831708639289655,766.6660913327254,0,0,0,0,0,"['아이비 연약햇', '얘는 서폿임/', '?']"
2025-09-06T17:46:06.319518,2:10:42,130.7,8.897293215487986,5,771,2.7191639398423333,3.0459959025520697e-06,49.45584618144808,20,8.897293215487986,40.0,5.828537775360689,766.6194821994528,0,0,0,0,0,"['얘는 서폿임/', '?', '3렙크립 만만하지 않습니다 선생님']"
2025-09-06T17:46:11.426786,2:10:47,130.78333333333333,8.907879637228737,5,771,2.7494108591016224,3.0459959025520697e-06,49.45584618144808,20,8.907879637228737,40.0,5.790683997824621,766.6075339795075,0,0,0,0,0,"['얘는 서폿임/', '?', '3렙크립 만만하지 않습니다 선생님']"
2025-09-06T17:46:16.517892,2:10:52,130.86666666666667,7.745283598436329,5,771,2.802295505793551,3.0459959025520697e-06,37.644789530102244,20,7.745283598436329,40.0,5.726615598042159,766.6267805815567,0,0,0,0,0,"['3렙크립 만만하지 않습니다 선생님', '3번 맞고 4번 쓰면 바로 죽을수도 있어서', '뭘가근서폿임 ㅇㅇ']"
2025-09-06T17:46:21.521685,2:10:57,130.95,8.378675739183379,4,771,2.0125423132191163,3.0459959025520697e-06,46.74284711158327,20,8.378675739183379,40.0,5.668954038237943,766.6741025234011,0,0,0,0,0,"['3번 맞고 4번 쓰면 바로 죽을수도 있어서', '뭘가근서폿임 ㅇㅇ', '라인탄다잇']"
2025-09-06T17:46:26.525483,2:11:02,131.03333333333333,8.387825391805348,4,771,2.0386841778533142,3.0459959025520697e-06,46.74284711158327,20,8.387825391805348,40.0,5.617058634414148,766.746692271061,0,0,0,0,0,"['3번 맞고 4번 쓰면 바로 죽을수도 있어서', '뭘가근서폿임 ㅇㅇ', '라인탄다잇']"
2025-09-06T17:46:31.530006,2:11:07,131.11666666666667,8.741796823333662,3,771,1.4437408654892867,3.0459959025520697e-06,52.36486302014051,20,8.741796823333662,40.0,5.575352770972733,766.8420230439549,0,0,0,0,0,"['라인탄다잇', '이제 딜나온다', '전류탄 뽕맛 좋네']"
2025-09-06T17:46:36.534765,2:11:12,131.2,8.744975645695392,3,771,1.4528232150942282,3.0459959025520697e-06,52.36486302014051,20,8.744975645695392,40.0,5.542817493875461,766.9578207395593,0,0,0,0,0,"['라인탄다잇', '이제 딜나온다', '전류탄 뽕맛 좋네']"
2025-09-06T17:46:41.538543,2:11:17,131.28333333333333,8.36344475144081,2,771,1.0182070435159458,3.0459959025520697e-06,50.07071067811866,20,8.36344475144081,40.0,5.518535744487915,767.0920386656035,0,0,0,0,0,"['이제 딜나온다', '전류탄 뽕맛 좋네']"
2025-09-06T17:46:46.543001,2:11:22,131.36666666666667,8.375783310469163,2,771,1.0231554929746776,3.0459959025520697e-06,50.17677669529664,20,8.375783310469163,40.0,5.481682170039123,767.2428347990432,0,0,0,0,0,"['전류탄 뽕맛 좋네', '지금이 아이비가 제일강할때']"
2025-09-06T17:46:51.618613,2:11:27,131.45,8.37858239780396,2,771,1.0311528853598158,3.0459959025520697e-06,50.17677669529664,20,8.37858239780396,40.0,5.423513953035211,767.3985513191388,0,0,0,0,0,"['전류탄 뽕맛 좋네', '지금이 아이비가 제일강할때']"
2025-09-06T17:46:56.641919,2:11:32,131.53333333333333,8.38218046210887,2,771,1.0414330690881268,3.0459959025520697e-06,50.17677669529664,20,8.38218046210887,40.0,5.351162557731691,767.558696187225,0,0,0,0,0,"['전류탄 뽕맛 좋네', '지금이 아이비가 제일강할때']"
2025-09-06T17:47:01.645806,2:11:37,131.61666666666667,8.25275725900826,1,771,0.7221601160282826,3.0459959025520697e-06,50.0,20,8.25275725900826,40.0,5.2660463019585215,767.7228265685026,0,0,0,0,0,['지금이 아이비가 제일강할때']
2025-09-06T17:47:06.817775,2:11:43,131.71666666666667,8.254551005664188,1,778,0.727285106473793,3.0459959025520697e-06,50.0,20,8.254551005664188,40.0,5.169441671762669,767.8905439116522,0,0,0,0,0,['지금이 아이비가 제일강할때']
2025-09-06T17:47:11.821206,2:11:48,131.8,8.412108271069734,2,778,1.0865349929085086,3.0459959025520697e-06,50.31819805153395,20,8.412108271069734,40.0,5.0624975045864025,768.096489520487,0,0,0,0,0,"['지금이 아이비가 제일강할때', '드르르르륵']"
2025-09-06T17:47:16.828117,2:11:53,131.88333333333333,8.425953320818007,2,778,1.1058892270125287,3.0459959025520697e-06,50.3889087296526,20,8.425953320818007,40.0,4.9512477541277615,768.3368405684384,0,0,0,0,0,"['드르르르륵', '아군 매달렸을때 총쏠수 있나?']"
2025-09-06T17:47:21.831614,2:11:58,131.96666666666667,8.433426829788988,2,778,1.1272421097867624,3.0459959025520697e-06,50.3889087296526,20,8.433426829788988,40.0,4.836122978714985,768.6081565115946,0,0,0,0,0,"['드르르르륵', '아군 매달렸을때 총쏠수 있나?']"
2025-09-06T17:47:26.834606,2:12:03,132.05,8.441669771229016,2,778,1.1507933710439864,3.0459959025520697e-06,50.3889087296526,20,8.441669771229016,40.0,4.717510680843487,768.9073408604352,0,0,0,0,0,"['드르르르륵', '아군 매달렸을때 총쏠수 있나?']"
2025-09-06T17:47:31.930736,2:12:08,132.13333333333333,8.451154124752009,2,778,1.177891523966821,3.0459959025520697e-06,50.3889087296526,20,8.451154124752009,40.0,4.590759612759139,769.2316067743917,0,0,0,0,0,"['드르르르륵', '아군 매달렸을때 총쏠수 있나?']"
2025-09-06T17:47:37.127529,2:12:13,132.21666666666667,8.462887157669254,2,778,1.2114144751589524,3.0459959025520697e-06,50.3889087296526,20,8.462887157669254,40.0,4.446683651483226,769.5784460969526,0,0,0,0,0,"['드르르르륵', '아군 매달렸을때 총쏠수 있나?']"
2025-09-06T17:47:42.133752,2:12:18,132.3,9.047727142299394,3,778,1.989523329660466,3.0459959025520697e-06,53.513927585198694,20,9.047727142299394,40.0,4.287015286334904,769.9456014872574,0,0,0,0,0,"['아군 매달렸을때 총쏠수 있나?', '자판기도둑', '일단 적크립을 털어']"
2025-09-06T17:47:47.137985,2:12:23,132.38333333333333,8.471933845224669,2,778,1.2978713065618381,3.0459959025520697e-06,50.17677669529664,20,8.471933845224669,40.0,4.128313757701413,770.3310413385317,0,0,0,0,0,"['자판기도둑', '일단 적크립을 털어']"
2025-09-06T17:47:52.317390,2:12:28,132.46666666666667,9.375893849814915,4,778,3.650143851999678,0.0001713253067193324,50.982749714923386,20,9.375893849814915,40.0,3.9704823819312716,770.7129372046785,2,0,0,0,2,"['자판기도둑', '일단 적크립을 털어', 'ㅋㅋㅋㅋㅋㅋ']"
2025-09-06T17:47:57.327387,2:12:33,132.55,9.476814140768647,4,778,3.9384547169640474,0.00020004584723090475,50.982749714923386,20,9.476814140768647,40.0,3.8234341437381443,771.0916434842107,2,0,0,0,2,"['자판기도둑', '일단 적크립을 털어', 'ㅋㅋㅋㅋㅋㅋ']"
2025-09-06T17:48:02.345026,2:12:38,132.63333333333333,12.306436977607035,6,778,12.079393903315,0.0020483309850487124,50.77829779052767,20,12.306436977607035,40.0,3.68609072936433,771.4674791357897,3,0,0,0,3,"['자판기도둑', '일단 적크립을 털어', 'ㅋㅋㅋㅋㅋㅋ']"
2025-09-06T17:48:07.418081,2:12:43,132.71666666666667,12.737091499792719,6,774,13.309296862617574,0.002519547059504699,50.77829779052767,20,12.737091499792719,40.0,3.5724816564278967,771.8407312222108,3,0,0,0,3,"['자판기도둑', '일단 적크립을 털어', 'ㅋㅋㅋㅋㅋㅋ']"
2025-09-06T17:48:12.527900,2:12:48,132.8,13.118991011425614,6,774,14.459044790735037,0.0030106217623253905,50.57121085963419,20,13.118991011425614,40.0,3.4802334907851074,772.1916580999897,3,0,0,0,3,"['ㅋㅋㅋㅋㅋㅋ', 'ㅋㅋㅋㅋ', 'ㅋㅋㅋㅋ']"
2025-09-06T17:48:17.531063,2:12:53,132.88333333333333,22.933383974388235,8,774,42.46534871193024,0.036016548016871784,50.561053060059024,20,22.933383974388235,40.0,3.4122101417065966,772.5224922899909,4,0,0,0,4,"['ㅋㅋㅋㅋㅋㅋ', 'ㅋㅋㅋㅋ', 'ㅋㅋㅋㅋ']"
2025-09-06T17:48:22.636924,2:12:58,132.96666666666667,42.396171583416944,12,774,100.0,3.3313122920615905,45.63646666592306,10,42.396171583416944,40.0,3.375989127535937,772.8352430609918,5,1,0,0,6,"['왕건이다', '궁없는 빅터가 왜', 'ㅋㅋㅋㅋㅋㅋㅋㅋ']"
2025-09-06T17:48:27.728415,2:13:03,133.05,81.14706845956992,17,774,100.0,100.0,46.47068459569919,10,81.14706845956992,40.0,3.3933902147823436,773.1317187548927,9,1,0,0,10,"['ㅋㅋㅋㅋㅋㅋㅋㅋㅋㅋ', 'ㅋㅋㅋ', '오아 까비']"
2025-09-06T17:48:32.740032,2:13:09,133.15,80.9656006164661,19,774,100.0,100.0,44.656006164661065,10,80.9656006164661,40.0,3.4840511933041096,773.4135468794035,9,1,0,0,10,"['ㅋㅋㅋㅋㅋㅋㅋㅋㅋㅋㅋㅋㅋㅋ', 'ㅋㅋㅋㅋㅋㅋㅋㅋㅋㅋㅋㅋㅋㅋㅋㅋㅋㅋ', 'ㅋㅋㅋㅋㅋ']"
2025-09-06T17:48:37.934983,2:13:14,133.23333333333332,80.74388967414463,20,774,100.0,100.0,42.43889674144628,10,80.74388967414463,40.0,3.650646073973699,773.6821921914632,9,1,0,0,10,"['ㅋㅋㅋㅋㅋㅋㅋㅋㅋㅋㅋㅋㅋㅋㅋㅋㅋㅋ', 'ㅋㅋㅋㅋㅋ', 'ㅋㅋㅋㅋㅋㅋㅋㅋㅋ']"
2025-09-06T17:48:42.939185,2:13:19,133.31666666666666,80.9790693462901,19,774,100.0,100.0,44.79069346290107,10,80.9790693462901,40.0,3.8905814665763288,773.9389729723168,9,1,0,0,10,"['ㅋㅋㅋㅋㅋ', 'ㅋㅋㅋㅋㅋㅋㅋㅋㅋ', 'ㅋㅋㅋㅋㅋㅋ']"
2025-09-06T17:48:47.943635,2:13:24,133.4,61.224183510163016,15,774,100.0,50.65454841531904,44.62364144035401,10,61.224183510163016,40.0,4.196523319918696,774.1850756750852,8,1,0,0,9,"['ㅋㅋㅋㅋㅋ', 'ㅋㅋㅋㅋㅋㅋㅋㅋㅋ', 'ㅋㅋㅋㅋㅋㅋ']"
2025-09-06T17:48:53.020027,2:13:29,133.48333333333332,16.96118450816906,10,774,33.69347623185954,0.00010319338014075955,36.684265496661645,10,16.96118450816906,40.0,4.541870987926826,774.3865681075766,2,0,0,0,2,"['ㅋㅋㅋㅋㅋㅋ', 'ㅋㅋㅋㅋ', '왕란 털렸다']"
2025-09-06T17:48:58.039140,2:13:34,133.56666666666666,10.270448322498119,7,774,8.308686437793531,3.0459959025520697e-06,43.62406850872022,20,10.270448322498119,40.0,4.892683889134144,774.547911296819,0,0,0,0,0,"['실쿨', '선딜었어요 그거', '시전 속도 있어서']"
2025-09-06T17:49:03.119107,2:13:39,133.65,8.360707220247079,4,774,2.2605064810560895,3.0459959025520697e-06,45.69528733479086,20,8.360707220247079,40.0,5.23341550022073,774.6731201671372,0,0,0,0,0,"['혼자쓸떄는 선딜있어요', '아군한테 쓰면됨 급하면', '왕XX']"
2025-09-06T17:49:08.128012,2:13:44,133.73333333333332,8.572689470955275,3,776,1.45078340306071,3.0459959025520697e-06,50.64914061485664,20,8.572689470955275,40.0,5.550073950198657,774.7658081504235,0,0,0,0,0,"['아군한테 쓰면됨 급하면', '왕XX', '빅부랄']"
2025-09-06T17:49:13.224480,2:13:49,133.81666666666666,7.724539607911088,3,776,1.3754786324392045,3.0459959025520697e-06,42.43120868159005,20,7.724539607911088,40.0,5.840066555178791,774.8392273353811,0,0,0,0,0,"['왕XX', '빅부랄', '근데 건빌드로 몰빵하심?']"
2025-09-06T17:49:18.227559,2:13:54,133.9,8.637790591035378,3,776,1.3156721289900455,3.0459959025520697e-06,51.77304127490501,20,8.637790591035378,40.0,6.106059899660913,774.895304601843,0,0,0,0,0,"['빅부랄', '근데 건빌드로 몰빵하심?', '적금 깨짐?']"
2025-09-06T17:49:23.234618,2:13:59,133.98333333333332,8.348989959898674,2,776,0.9264000118822431,3.0459959025520697e-06,50.24748737341529,20,8.348989959898674,40.0,6.3504539096948225,774.9357741416587,0,0,0,0,0,"['근데 건빌드로 몰빵하심?', '적금 깨짐?']"
2025-09-06T17:49:28.237576,2:14:04,134.06666666666666,8.454161567201593,3,776,1.2287963495200258,3.0459959025520697e-06,50.24081626471223,20,8.454161567201593,40.0,6.56540851872534,774.9621967274928,0,0,0,0,0,"['근데 건빌드로 몰빵하심?', '적금 깨짐?', '근공중에 장전 안되는게 아쉽']"
2025-09-06T17:49:33.323834,2:14:09,134.15,8.44285064745376,3,776,1.1964794359547861,3.0459959025520697e-06,50.24081626471223,20,8.44285064745376,40.0,6.763867666852806,774.9759770547436,0,0,0,0,0,"['근데 건빌드로 몰빵하심?', '적금 깨짐?', '근공중에 장전 안되는게 아쉽']"
2025-09-06T17:49:38.334997,2:14:14,134.23333333333332,8.611533001796086,4,776,1.5583868944849362,3.0459959025520697e-06,50.66096370327996,20,8.611533001796086,40.0,6.937480900167525,774.9783793492692,0,0,0,0,0,"['근데 건빌드로 몰빵하심?', '적금 깨짐?', '근공중에 장전 안되는게 아쉽']"
2025-09-06T17:49:43.338325,2:14:19,134.31666666666666,8.479925081420484,3,776,1.1484070520575185,3.0459959025520697e-06,50.779813948019914,20,8.479925081420484,40.0,7.093732810150772,774.9705414143423,0,0,0,0,0,"['적금 깨짐?', '근공중에 장전 안되는게 아쉽', '땅꽁 떨어짐']"
2025-09-06T17:49:48.341736,2:14:24,134.4,8.332490555553282,2,776,0.859055805718642,3.0459959025520697e-06,50.31819805153395,20,8.332490555553282,40.0,7.219359529135695,774.9534872729081,0,0,0,0,0,"['근공중에 장전 안되는게 아쉽', '땅꽁 떨어짐']"
2025-09-06T17:49:53.344788,2:14:29,134.48333333333332,8.330386851247727,2,776,0.8530452219884925,3.0459959025520697e-06,50.31819805153395,20,8.330386851247727,40.0,7.312423576222126,774.9481385456173,0,0,0,0,0,"['근공중에 장전 안되는게 아쉽', '땅꽁 떨어짐']"
2025-09-06T17:49:58.347769,2:14:34,134.56666666666666,8.226819236959301,1,776,0.648051481602684,3.0459959025520697e-06,50.0,20,8.226819236959301,40.0,7.376181218599913,774.9533246910556,0,0,0,0,0,['땅꽁 떨어짐']
2025-09-06T17:50:03.421896,2:14:39,134.65,8.226633867298805,1,771,0.6475218540012664,3.0459959025520697e-06,50.0,20,8.226633867298805,40.0,7.398563096739922,774.9679922219501,0,0,0,0,0,['땅꽁 떨어짐']
2025-09-06T17:50:49.121066,2:15:25,135.41666666666666,8.308045616686737,2,771,0.8498154403056888,9.027154869264413e-06,50.10606601717798,20,8.308045616686737,40.0,7.36370678706593,774.9661929997551,1,0,0,0,1,"['상향 필요', 'ㅋㅋ']"
2025-09-06T17:50:54.128075,2:15:30,135.5,8.548683108892877,3,771,1.1268395712615573,9.172049200977895e-06,51.54285590131652,20,8.548683108892877,40.0,7.257336108359337,774.9495736997796,1,0,0,0,1,"['상향 필요', 'ㅋㅋ', '후반보고 가는거라']"
2025-09-06T17:50:59.137700,2:15:35,135.58333333333334,8.149730282978279,4,771,1.5225148532446575,1.2502612488466813e-05,46.168450832976525,20,8.149730282978279,40.0,7.081602497523403,774.9196163298018,1,0,0,1,2,"['상향 필요', 'ㅋㅋ', '후반보고 가는거라']"
2025-09-06T17:51:04.142382,2:15:40,135.66666666666666,8.641005502171303,5,771,2.1147576158901957,2.726781789990593e-05,49.008294294825745,20,8.641005502171303,40.0,6.843442247771063,774.8776546968217,1,0,1,1,3,"['상향 필요', 'ㅋㅋ', '후반보고 가는거라']"
2025-09-06T17:51:09.219753,2:15:45,135.75,9.523729785193378,7,773,4.104247697480512,6.426578311895409e-05,50.87217384761951,20,9.523729785193378,40.0,6.559098022993957,774.8248892271395,1,0,2,1,4,"['상향 필요', 'ㅋㅋ', '후반보고 가는거라']"
2025-09-06T17:51:14.240682,2:15:50,135.83333333333334,9.215915366843316,6,773,3.3120768370231453,7.422413766052682e-05,50.566587842301516,20,9.215915366843316,40.0,6.263188220694562,774.7724003044254,1,0,2,1,4,"['후반보고 가는거라', '외모가 성능이라 ㅠㅠ', '뭣']"
2025-09-06T17:51:19.329978,2:15:55,135.91666666666666,9.838216405706383,7,773,5.028965933781634,8.649277552632043e-05,50.780437317726,20,9.838216405706383,40.0,5.976869398625105,774.7201602739829,1,0,2,1,4,"['후반보고 가는거라', '외모가 성능이라 ㅠㅠ', '뭣']"
2025-09-06T17:51:24.418196,2:16:00,136.0,9.471908767415195,6,773,3.9610741091510366,0.00010056765988181129,50.85492602148379,20,9.471908767415195,40.0,5.719182458762595,774.6681442465847,1,0,2,1,4,"['외모가 성능이라 ㅠㅠ', '뭣', '외모가 성능이긴 하지']"
2025-09-06T17:51:29.422846,2:16:05,136.08333333333334,9.149651884230673,5,773,3.010888198724951,8.049406953195632e-05,50.958088170491266,20,9.149651884230673,40.0,5.497264212886336,774.6163298219262,1,0,2,0,3,"['뭣', '외모가 성능이긴 하지', '뭣']"
2025-09-06T17:51:34.427092,2:16:10,136.16666666666666,8.884209904575986,4,773,2.213288660832481,3.527499708738378e-05,51.09544763285783,20,8.884209904575986,40.0,5.307537791597703,774.5546968397337,1,0,1,0,2,"['외모가 성능이긴 하지', '뭣', 'ㅋㅋㅋㅋㅋ']"
2025-09-06T17:51:39.430805,2:16:15,136.25,8.255079362363272,1,773,0.7287946970426016,3.0459959025520697e-06,50.0,20,8.255079362363272,40.0,5.141784012437933,774.4842271557603,0,0,0,0,0,['연사중에 딜좋은게.. 헤이즈인가']
2025-09-06T17:51:44.434204,2:16:20,136.33333333333334,8.409859025278841,2,773,1.10031162725415,3.0459959025520697e-06,50.24748737341529,20,8.409859025278841,40.0,4.98260561119414,774.4058044401843,0,0,0,0,0,"['연사중에 딜좋은게.. 헤이즈인가', '얘는 너무 구린데?']"
2025-09-06T17:51:49.438929,2:16:25,136.41666666666666,8.401391039660163,2,773,1.1266250098569606,3.0459959025520697e-06,50.07071067811866,20,8.401391039660163,40.0,4.839345050074726,774.3202239961659,0,0,0,0,0,"['얘는 너무 구린데?', '맥기니스도 연사딜 좋음']"
2025-09-06T17:51:54.530296,2:16:30,136.5,8.410724078287085,2,773,1.1532908345053121,3.0459959025520697e-06,50.07071067811866,20,8.410724078287085,40.0,4.705410545067253,774.2282015965493,0,0,0,0,0,"['얘는 너무 구린데?', '맥기니스도 연사딜 좋음']"
2025-09-06T17:51:59.535137,2:16:35,136.58333333333334,8.42018429777721,2,773,1.1803200330485217,3.0459959025520697e-06,50.07071067811866,20,8.42018429777721,40.0,4.579869490560528,774.1303814368945,0,0,0,0,0,"['얘는 너무 구린데?', '맥기니스도 연사딜 좋음']"
2025-09-06T17:52:04.540704,2:16:40,136.66666666666666,8.430200737474582,2,773,1.2089384321838674,3.0459959025520697e-06,50.07071067811866,20,8.430200737474582,40.0,4.456882541504475,774.0273432932051,0,0,0,0,0,"['얘는 너무 구린데?', '맥기니스도 연사딜 좋음']"
2025-09-06T17:52:09.619180,2:16:45,136.75,8.440379342944325,2,789,1.2380201620974254,3.0459959025520697e-06,50.07071067811866,20,8.440379342944325,40.0,4.341194287354028,773.9196089638847,0,0,0,0,0,"['얘는 너무 구린데?', '맥기니스도 연사딜 좋음']"
2025-09-06T17:52:14.621888,2:16:50,136.83333333333334,8.482059215239094,2,789,1.2661917825013485,3.0459959025520697e-06,50.3889087296526,20,8.482059215239094,40.0,4.237074858618626,773.8876480674962,0,0,0,0,0,"['맥기니스도 연사딜 좋음', '인페가 골드 따라가고있으니깐 걱정안해도될듯']"
2025-09-06T17:52:19.636496,2:16:55,136.91666666666666,8.280043630442506,1,789,0.8001211772689895,3.0459959025520697e-06,50.0,20,8.280043630442506,40.0,4.143367372756763,773.9238832607466,0,0,0,0,0,['인페가 골드 따라가고있으니깐 걱정안해도될듯']
2025-09-06T17:52:24.653968,2:17:00,137.0,8.282854987768884,1,789,0.808153626772923,3.0459959025520697e-06,50.0,20,8.282854987768884,40.0,4.059030635481086,774.021494934672,0,0,0,0,0,['인페가 골드 따라가고있으니깐 걱정안해도될듯']
2025-09-06T17:52:29.825467,2:17:06,137.1,9.033288815773048,3,789,2.2112402417789343,3.0459959025520697e-06,52.5935351275206,20,9.033288815773048,40.0,3.983127571932978,774.1993454412049,0,0,0,0,0,"['인페가 골드 따라가고있으니깐 걱정안해도될듯', '미라지 크네', '미라지가 4번 딸깍으로 합류가 되니까']"
2025-09-06T17:52:34.837769,2:17:11,137.18333333333334,9.052134160501812,3,789,2.265084083861114,3.0459959025520697e-06,52.5935351275206,20,9.052134160501812,40.0,3.9198148147396803,774.4494108970844,0,0,0,0,0,"['인페가 골드 따라가고있으니깐 걱정안해도될듯', '미라지 크네', '미라지가 4번 딸깍으로 합류가 되니까']"
2025-09-06T17:52:40.024978,2:17:16,137.26666666666668,8.534815852571793,2,789,1.3866204556867794,3.0459959025520697e-06,50.494974746830586,20,8.534815852571793,40.0,3.862833333265712,774.7644698073759,0,0,0,0,0,"['미라지 크네', '미라지가 4번 딸깍으로 합류가 되니까']"
2025-09-06T17:52:45.035558,2:17:21,137.35,9.083667780318894,3,789,2.374243147549179,3.0459959025520697e-06,52.5268146027832,20,9.083667780318894,40.0,3.8015499999391413,775.1380228266383,0,0,0,0,0,"['미라지 크네', '미라지가 4번 딸깍으로 합류가 되니까', '가고일이라 돌덩어리라는거임']"
2025-09-06T17:52:50.120150,2:17:26,137.43333333333334,9.106573216510167,3,789,2.4396872509528134,3.0459959025520697e-06,52.5268146027832,20,9.106573216510167,40.0,3.7363949999452273,775.5642205439744,0,0,0,0,0,"['미라지 크네', '미라지가 4번 딸깍으로 합류가 되니까', '가고일이라 돌덩어리라는거임']"
2025-09-06T17:52:55.124270,2:17:31,137.51666666666668,9.136189381121152,3,789,2.5243048641270622,3.0459959025520697e-06,52.5268146027832,20,9.136189381121152,40.0,3.6577554999507047,776.027798489577,0,0,0,0,0,"['미라지 크네', '미라지가 4번 딸깍으로 합류가 되니까', '가고일이라 돌덩어리라는거임']"
2025-09-06T17:53:00.134642,2:17:36,137.6,8.30242653412853,1,789,0.8640723306576278,3.0459959025520697e-06,50.0,20,8.30242653412853,40.0,3.571979949955634,776.5250186406194,0,0,0,0,0,['가고일이라 돌덩어리라는거임']
2025-09-06T17:53:05.137918,2:17:41,137.68333333333334,6.80768796497253,1,789,0.8791049902119102,3.0459959025520697e-06,50.0,10,6.80768796497253,40.0,3.4647819549600705,777.0525167765575,0,0,0,0,0,['가고일이라 돌덩어리라는거임']
2025-09-06T17:53:10.140725,2:17:46,137.76666666666668,6.8141801981590735,1,789,0.897654227887749,3.0459959025520697e-06,50.0,10,6.8141801981590735,40.0,3.3433037594640638,777.6072650989017,0,0,0,0,0,['가고일이라 돌덩어리라는거임']
2025-09-06T17:53:25.222250,2:18:01,138.01666666666668,6.821809229845323,1,789,0.9194242090587378,2.6891686912370504e-05,50.0,10,6.821809229845323,40.0,3.2139733835176574,778.1865385890117,0,1,0,0,1,['행운탄 같은거 나와야 그나마']
2025-09-06T17:53:30.227880,2:18:06,138.1,6.8304194669903735,1,789,0.9440218967339403,2.9507833735089926e-05,50.0,10,6.8304194669903735,40.0,3.0825760451658915,778.7878847301106,0,1,0,0,1,['행운탄 같은거 나와야 그나마']
2025-09-06T17:53:35.231395,2:18:11,138.18333333333334,6.839042320429636,1,789,0.968655423144733,3.230582244778683e-05,50.0,10,6.839042320429636,40.0,2.9643184406493024,779.4090962570996,0,1,0,0,1,['행운탄 같은거 나와야 그나마']
2025-09-06T17:53:40.328140,2:18:16,138.26666666666668,6.848051761793836,1,789,0.9943931167732161,3.542730802562671e-05,50.0,10,6.848051761793836,40.0,2.8528865965843724,780.0481866313896,0,1,0,0,1,['행운탄 같은거 나와야 그나마']
2025-09-06T17:53:45.338095,2:18:21,138.35,9.78933545327999,4,789,8.717942310648056,0.0007156121919500947,52.37769399676392,10,9.78933545327999,40.0,2.7475979369259353,780.7033679682506,1,1,0,0,2,"['행운탄 같은거 나와야 그나마', '건빌드인데 건이 구린…', 'ㅋㅋㅋㅋㅋ']"
2025-09-06T17:53:50.342249,2:18:26,138.43333333333334,14.90410738118144,5,789,19.16310982392625,0.000851424705140055,51.96678372925198,20,14.90410738118144,40.0,2.662838143233342,781.3730311714256,1,1,0,0,2,"['행운탄 같은거 나와야 그나마', '건빌드인데 건이 구린…', 'ㅋㅋㅋㅋㅋ']"
2025-09-06T17:53:55.419015,2:18:31,138.51666666666668,11.63383435637731,4,789,10.187113241367348,6.595101887048805e-05,50.683183414911895,20,11.63383435637731,40.0,2.601554328910008,782.0557280542831,1,0,0,0,1,"['건빌드인데 건이 구린…', 'ㅋㅋㅋㅋㅋ', '재밌겠는데?']"
2025-09-06T17:54:00.441363,2:18:36,138.6,11.822187104119903,4,789,10.725259741936771,6.963237711059254e-05,50.683183414911895,20,11.822187104119903,40.0,2.556398896019007,782.7501552488548,1,0,0,0,1,"['건빌드인데 건이 구린…', 'ㅋㅋㅋㅋㅋ', '재밌겠는데?']"
2025-09-06T17:54:05.531033,2:18:41,138.68333333333334,11.959359889425599,4,789,11.117178906528798,7.232662332592836e-05,50.683183414911895,20,11.959359889425599,40.0,2.5257590064171067,783.3751397239693,1,0,0,0,1,"['건빌드인데 건이 구린…', 'ㅋㅋㅋㅋㅋ', '재밌겠는데?']"
2025-09-06T17:54:10.619285,2:18:46,138.76666666666668,8.8552313354367,2,789,2.413210043772974,3.0459959025520697e-06,50.10606601717798,20,8.8552313354367,40.0,2.508183105775396,783.9376257515723,0,0,0,0,0,"['재밌겠는데?', '얘는 서폿 아님?']"
2025-09-06T17:54:15.834321,2:18:52,138.86666666666667,8.861044184275464,2,789,2.429735974499236,7.497870733294178e-05,50.10606601717798,20,8.861044184275464,40.0,2.497364795197856,784.4438631764151,1,0,0,0,1,"['얘는 서폿 아님?', '건빌드가면 딜러지 ㅋㅋ']"
2025-09-06T17:54:20.839015,2:18:57,138.95,8.384975778992413,1,789,1.0998445839812743,7.543649741612367e-05,50.0,20,8.384975778992413,40.0,2.4926283156780706,784.8994768587736,1,0,0,0,1,['건빌드가면 딜러지 ㅋㅋ']
2025-09-06T17:54:25.846777,2:19:02,139.03333333333333,8.386748119844025,1,789,1.1049068078111404,7.684277531330898e-05,50.0,20,8.386748119844025,40.0,2.4783654841102636,785.3095291728962,1,0,0,0,1,['건빌드가면 딜러지 ㅋㅋ']
2025-09-06T17:54:31.139125,2:19:07,139.11666666666667,8.38964606960939,1,789,1.1131839879520373,7.918456543945046e-05,50.0,20,8.38964606960939,40.0,2.4555289356992374,785.6785762556066,1,0,0,0,1,['건빌드가면 딜러지 ㅋㅋ']
2025-09-06T17:54:36.224702,2:19:12,139.2,8.392979706184105,1,789,1.1227055097761482,8.194440613401676e-05,50.0,20,8.392979706184105,40.0,2.4299760421293137,786.0107186300459,1,0,0,0,1,['건빌드가면 딜러지 ㅋㅋ']
2025-09-06T17:54:41.327281,2:19:17,139.28333333333333,8.397433381223966,1,789,1.1354259535425,8.5743710229538e-05,50.0,20,8.397433381223966,40.0,2.3969784379163825,786.3096467670413,1,0,0,0,1,['건빌드가면 딜러지 ㅋㅋ']
2025-09-06T17:54:51.425118,2:19:27,139.45,8.402991382278085,1,789,1.1514004682277836,3.0459959025520697e-06,50.0,20,8.402991382278085,40.0,2.3572805941247443,786.5786820903371,0,0,0,0,0,['사용효과가 엄청 좋음']
2025-09-06T17:54:56.428174,2:19:32,139.53333333333333,8.976254726971636,2,789,2.7589911624442154,3.0459959025520697e-06,50.10606601717798,20,8.976254726971636,40.0,2.31155253471227,786.8208138813034,0,0,0,0,0,"['사용효과가 엄청 좋음', '상대버프벗기기용']"
2025-09-06T17:55:01.441055,2:19:37,139.61666666666667,9.002793042978748,2,789,2.8348149224645405,3.0459959025520697e-06,50.10606601717798,20,9.002793042978748,40.0,2.275397281241043,787.038732493173,0,0,0,0,0,"['사용효과가 엄청 좋음', '상대버프벗기기용']"
2025-09-06T17:55:06.522337,2:19:42,139.7,10.50095746123214,3,789,6.905965336209616,3.0459959025520697e-06,50.83868375160412,20,10.50095746123214,40.0,2.2478575531169387,787.2348592438557,0,0,0,0,0,"['사용효과가 엄청 좋음', '상대버프벗기기용', '액티브쓰면 버프벗기고 슬로우100퍼']"
2025-09-06T17:55:11.629487,2:19:47,139.78333333333333,13.803475271582059,4,806,16.369722783114383,2.8585396022999724e-05,50.74060863333615,20,13.803475271582059,40.0,2.233071797805245,787.4113733194702,0,0,1,0,1,"['사용효과가 엄청 좋음', '상대버프벗기기용', '액티브쓰면 버프벗기고 슬로우100퍼']"
2025-09-06T17:55:16.635404,2:19:52,139.86666666666667,13.789215984834668,4,806,16.328982019198435,2.8536953999856135e-05,50.74060863333615,20,13.789215984834668,40.0,2.2347646180247205,787.6552359875232,0,0,1,0,1,"['사용효과가 엄청 좋음', '상대버프벗기기용', '액티브쓰면 버프벗기고 슬로우100퍼']"
2025-09-06T17:55:21.643980,2:19:57,139.95,13.663692670485673,4,806,15.939284629832004,2.8072164025162242e-05,50.84931821178862,20,13.663692670485673,40.0,2.251288156222248,787.9597123887709,0,0,1,0,1,"['상대버프벗기기용', '액티브쓰면 버프벗기고 슬로우100퍼', '딜 진짜 약하네']"
2025-09-06T17:55:26.728880,2:20:03,140.05,42.09453366038964,9,806,100.0,0.0009093044747705747,40.941699385997275,20,42.09453366038964,40.0,2.2811593406000235,788.3187411498938,1,0,1,0,2,"['액티브쓰면 버프벗기고 슬로우100퍼', '딜 진짜 약하네', '그래도 이런 애들이']"
2025-09-06T17:55:31.825474,2:20:08,140.13333333333333,42.29848800679024,10,806,100.0,0.023326093187483406,42.89157569515245,20,42.29848800679024,40.0,2.3480434065400213,788.7268670349044,2,0,1,0,3,"['액티브쓰면 버프벗기고 슬로우100퍼', '딜 진짜 약하네', '그래도 이런 애들이']"
2025-09-06T17:55:36.828815,2:20:13,140.21666666666667,42.75612821967673,12,806,100.0,0.4448226511744333,45.78199159206963,20,42.75612821967673,40.0,2.4382390658860196,789.179180331414,3,0,1,0,4,"['디나이 하나는 기가 막힘', '이거 도망도못가네', '약해서 문제지']"
2025-09-06T17:55:41.833250,2:20:18,140.3,46.941176482599914,12,806,100.0,12.218620490521241,40.53728286391419,20,46.941176482599914,40.0,2.5544151592974176,789.6712622982726,4,1,0,0,5,"['이거 도망도못가네', '약해서 문제지', '금 구 슬']"
2025-09-06T17:55:46.917867,2:20:23,140.38333333333333,43.97879846595194,13,806,100.0,5.584174553733442,37.451286444585584,20,43.97879846595194,40.0,2.6989736433676756,790.1991360684453,4,1,0,0,5,"['약해서 문제지', '금 구 슬', 'ㅋㅋㅋㅋㅋㅋ']"
2025-09-06T17:55:51.930320,2:20:28,140.46666666666667,42.69422799042863,13,806,100.0,2.353857545183525,37.52684972355217,20,42.69422799042863,40.0,2.8740762790309082,790.7592224616009,4,1,0,0,5,"['금 구 슬', 'ㅋㅋㅋㅋㅋㅋ', '아이가츄']"
2025-09-06T17:55:57.018479,2:20:33,140.55,21.39660212135001,7,806,38.01189601008214,0.07235206352663738,50.634976924106056,20,21.39660212135001,40.0,3.0766686511278176,791.3483002154408,3,1,0,0,4,"['궁 누르면 죽음 ㅋㅋㅋㅋ', '원거리에서도 쏘기 애매하고', '약해요']"
2025-09-06T17:56:02.134581,2:20:38,140.63333333333333,14.220410170665343,6,806,17.4780983992025,0.0033524993903438576,51.017347311883306,20,14.220410170665343,40.0,3.284001786015036,791.9634701938967,2,1,0,0,3,"['약해요', 'ㅋㅋㅋㅋ', '옛날엔 오면 걍 딸깍해서 뺐는데 ㅋㅋ']"
2025-09-06T17:56:07.228941,2:20:43,140.71666666666667,10.802505136306513,5,809,8.335968249565788,0.00022387331020938815,48.84826699634404,20,10.802505136306513,40.0,3.4906016074135326,792.602123174507,1,1,0,0,2,"['옛날엔 오면 걍 딸깍해서 뺐는데 ㅋㅋ', '멀리서 덫만 던지셈', '당신은 이길수 없어!']"
2025-09-06T17:56:12.232417,2:20:48,140.8,11.283405417643078,6,809,11.97535431329448,2.02365384514483e-05,40.920233133746294,20,11.283405417643078,40.0,3.6965414466721795,793.2769108570562,0,1,0,0,1,"['멀리서 덫만 던지셈', '당신은 이길수 없어!', '걍 덩굴로 딸깍하는게 재미라도 있음']"
2025-09-06T17:56:17.319421,2:20:53,140.88333333333333,13.105618425074965,7,809,16.383349298686998,1.8275027624932666e-05,43.71438860523466,20,13.105618425074965,40.0,3.9068873020049617,793.9842197713506,0,1,0,0,1,"['당신은 이길수 없어!', '걍 덩굴로 딸깍하는게 재미라도 있음', '아이비는 덩굴트리 가는게 편해보이네']"
2025-09-06T17:56:22.324764,2:20:58,140.96666666666667,12.86543354648969,7,809,13.737259182587982,1.6614978457956473e-05,50.57386186592513,20,12.86543354648969,40.0,4.126198571804466,794.7207977942155,0,1,0,0,1,"['걍 덩굴로 딸깍하는게 재미라도 있음', '아이비는 덩굴트리 가는게 편해보이네', '미라지 버프 먹었어요??']"
2025-09-06T17:56:27.328297,2:21:03,141.05,17.129164873212,9,809,26.813340774846527,1.5206157814770746e-05,47.444895195525916,20,17.129164873212,40.0,4.353578714624019,795.483718014794,0,1,0,0,1,"['걍 덩굴로 딸깍하는게 재미라도 있음', '아이비는 덩굴트리 가는게 편해보이네', '미라지 버프 먹었어요??']"
2025-09-06T17:56:32.427948,2:21:08,141.13333333333333,15.479047861294482,9,809,22.103961593275038,1.3959437192981424e-05,47.42655719873342,20,15.479047861294482,40.0,4.598220843161617,796.2703462133147,0,1,0,0,1,"['아이비는 덩굴트리 가는게 편해보이네', '미라지 버프 먹었어요??', '미라지 건빌드가 후반에 꽤 쎄서']"
2025-09-06T17:56:37.434715,2:21:13,141.21666666666667,11.959967415487508,8,809,12.515434451945112,1.2866561124139881e-05,45.795602106822706,20,11.959967415487508,40.0,4.858398758845455,797.0783115919833,0,1,0,0,1,"['미라지 버프 먹었어요??', '미라지 건빌드가 후반에 꽤 쎄서', '궁을 그냥 성장용으로 쓰는게 낫겠네']"
2025-09-06T17:56:42.437533,2:21:18,141.3,10.708689842244429,7,809,7.344223930896406,3.0459959025520697e-06,51.38210248032325,20,10.708689842244429,40.0,5.122558882960909,797.9054804327849,0,0,0,0,0,"['궁을 그냥 성장용으로 쓰는게 낫겠네', '좋아님 걍 후반에 강한건가', '우리인페도 돈 잘벌고있음']"
2025-09-06T17:56:47.524579,2:21:23,141.38333333333333,8.942684450977566,4,809,2.1661515522548256,3.0459959025520697e-06,51.845301892900146,20,8.942684450977566,40.0,5.385302994664819,798.7499323895064,0,0,0,0,0,"['얘 그냥 덩굴만 던지던데 만나면', '미드 한타 열리는 것 같으면 4번으로 진입해도 되고', '이거 약간 파라곤 비;슷한 게임임?']"
2025-09-06T17:56:52.617861,2:21:28,141.46666666666667,9.180632349515903,5,809,2.889211546614132,1.0568525147464476e-05,51.69404080790899,20,9.180632349515903,40.0,5.626772695198338,799.6099391505558,0,1,0,0,1,"['얘 그냥 덩굴만 던지던데 만나면', '미드 한타 열리는 것 같으면 4번으로 진입해도 되고', '이거 약간 파라곤 비;슷한 게임임?']"
2025-09-06T17:56:57.621488,2:21:33,141.55,8.75709036480078,4,809,1.927771384400669,1.0080411894619996e-05,50.823663480957876,20,8.75709036480078,40.0,5.849095425678504,800.3989452355002,0,1,0,0,1,"['건빌드가 지루하고 현학적이긴 해', '롤+오버워치', '사이퍼즈 비슷한느낌?']"
2025-09-06T17:57:02.625969,2:21:38,141.63333333333333,10.442022929538492,8,799,6.7462585922777025,9.689166301359422e-06,50.808285465747744,20,10.442022929538492,40.0,6.049185883110654,801.1240507119502,0,1,0,0,1,"['건빌드가 지루하고 현학적이긴 해', '롤+오버워치', '사이퍼즈 비슷한느낌?']"
2025-09-06T17:57:07.630917,2:21:43,141.71666666666667,11.040075645184926,9,799,8.460690010312373,9.33675903841837e-06,50.78830406871979,20,11.040075645184926,40.0,6.249267294799589,801.7416456407552,0,1,0,0,1,"['건빌드가 지루하고 현학적이긴 해', '롤+오버워치', '사이퍼즈 비슷한느낌?']"
2025-09-06T17:57:12.637309,2:21:48,141.8,10.096669161235045,8,799,5.797870339457011,9.048386959196572e-06,50.67410923070307,20,10.096669161235045,40.0,6.429340565319631,802.2624810766798,0,1,0,0,1,"['롤+오버워치', '사이퍼즈 비슷한느낌?', '4초 침묵으로 시작하는 거니까']"
2025-09-06T17:57:17.640762,2:21:53,141.88333333333333,9.986386904267547,8,799,5.482778433588412,8.823603239478957e-06,50.67410923070307,20,9.986386904267547,40.0,6.581406508787668,802.6962329690118,0,1,0,0,1,"['롤+오버워치', '사이퍼즈 비슷한느낌?', '4초 침묵으로 시작하는 거니까']"
2025-09-06T17:57:22.726311,2:21:58,141.96666666666667,9.104967718385867,6,799,2.9301877805774375,3.0459959025520697e-06,50.79400776785402,20,9.104967718385867,40.0,6.698265857908902,803.0516096721107,0,0,0,0,0,"['4초 침묵으로 시작하는 거니까', 'ㅇㅇ', 'ㅁ?ㄹ']"
2025-09-06T17:57:27.740863,2:22:04,142.06666666666666,8.830211550277513,5,799,2.146591546293547,3.0459959025520697e-06,50.7890329067641,20,8.830211550277513,40.0,6.773439272118012,803.3364487048997,0,0,0,0,0,"['ㅇㅇ', 'ㅁ?ㄹ', '파라곤 느낌이긴하지']"
2025-09-06T17:57:32.842348,2:22:09,142.15,8.232062187548411,1,799,0.6630313404287119,3.0459959025520697e-06,50.0,20,8.232062187548411,40.0,6.801095344906211,803.5578038344097,0,0,0,0,0,['항아리 배달 속도 느려짐']
2025-09-06T17:58:39.530990,2:23:15,143.25,8.343812549590837,2,792,0.891404360111658,3.0459959025520697e-06,50.31819805153395,20,8.343812549590837,40.0,6.765985810415589,803.7220234509688,0,0,0,0,0,"['이떄 항아리 배달을?', 'ㅇㅇ']"
2025-09-06T17:58:44.924234,2:23:21,143.35,8.345365394642979,2,792,0.89584106026064,3.0459959025520697e-06,50.31819805153395,20,8.345365394642979,40.0,6.70938722937403,803.799821105872,0,0,0,0,0,"['이떄 항아리 배달을?', 'ㅇㅇ']"
2025-09-06T17:58:49.928638,2:23:26,143.43333333333334,8.347360266285117,2,792,0.901540693523888,3.0459959025520697e-06,50.31819805153395,20,8.347360266285117,40.0,6.638448506436628,803.7998389952847,0,0,0,0,0,"['이떄 항아리 배달을?', 'ㅇㅇ']"
2025-09-06T17:58:55.041673,2:23:31,143.51666666666668,8.664128899910537,3,792,1.2297844036032777,3.0459959025520697e-06,52.33703140251029,20,8.664128899910537,40.0,6.559603655792966,803.7148550957563,0,0,0,0,0,"['이떄 항아리 배달을?', 'ㅇㅇ', '근데 아이비 건빌드 가면 전기톱 가능?']"
2025-09-06T17:59:00.131778,2:23:36,143.6,10.261965368252316,5,792,2.296743870724139,3.0459959025520697e-06,49.58103795100505,30,10.261965368252316,40.0,6.47364329021367,803.5533695861808,0,0,0,0,0,"['이떄 항아리 배달을?', 'ㅇㅇ', '근데 아이비 건빌드 가면 전기톱 가능?']"
2025-09-06T17:59:05.141138,2:23:41,143.68333333333334,9.762947375058829,6,792,3.1939148085800206,1.0660160974252636e-05,41.45072927991431,30,9.762947375058829,40.0,6.3862789611923025,803.3230326275627,1,0,0,0,1,"['이떄 항아리 배달을?', 'ㅇㅇ', '근데 아이비 건빌드 가면 전기톱 가능?']"
2025-09-06T17:59:10.238822,2:23:46,143.76666666666668,10.410609943341369,7,792,4.468308680742524,5.2972278281839785e-05,43.46680716170172,30,10.410609943341369,40.0,6.302651065073072,803.0307293648065,2,0,0,1,3,"['근데 아이비 건빌드 가면 전기톱 가능?', '미라지 아픈데요', '겁나아픈데요?']"
2025-09-06T17:59:15.242941,2:23:51,143.85,18.958991266160247,13,798,27.930523084779384,0.03428063362073895,46.69595933039168,30,18.958991266160247,40.0,6.217385958565765,802.6826564283259,7,0,0,1,8,"['ㅋㅋㅋㅋㅋㅋ', 'ㅠㅠ', 'ㅋㅋㅋㅋㅋ']"
2025-09-06T17:59:20.252085,2:23:56,143.93333333333334,22.56763184800885,14,798,37.84594215026035,0.13680386340180894,47.66830550057005,30,22.56763184800885,40.0,6.160647362709189,802.3143907854933,8,0,0,1,9,"['ㅠㅠ', 'ㅋㅋㅋㅋㅋ', 'zzzzzzzzzzz']"
2025-09-06T17:59:25.429668,2:24:01,144.01666666666668,22.303783577582582,14,798,38.32674484534927,0.14192222385277495,43.3265399216923,30,22.303783577582582,40.0,6.13958262643827,801.927951706944,8,0,0,1,9,"['ㅋㅋㅋㅋㅋ', 'zzzzzzzzzzz', 'ㅋㅋㅋㅋㅋㅋㅋㅋㅋㅋ']"
2025-09-06T17:59:30.521896,2:24:06,144.1,15.15265312961997,11,798,16.241798007694438,0.037643554979215475,49.52966404935231,30,15.15265312961997,40.0,6.155624363794443,801.5251565362496,7,0,0,1,8,"['ㅋㅋㅋㅋㅋ', 'zzzzzzzzzzz', 'ㅋㅋㅋㅋㅋㅋㅋㅋㅋㅋ']"
2025-09-06T17:59:35.632930,2:24:11,144.18333333333334,13.455697700555413,10,798,11.717885723759018,0.025300797523190328,48.443173782304804,30,13.455697700555413,40.0,6.205061927414999,801.1076408826247,7,0,0,0,7,"['ㅋㅋㅋㅋㅋ', 'zzzzzzzzzzz', 'ㅋㅋㅋㅋㅋㅋㅋㅋㅋㅋ']"
2025-09-06T17:59:40.636682,2:24:16,144.26666666666668,11.704351019623086,8,798,6.15366053797067,0.0063979949730438735,50.480106333441334,30,11.704351019623086,40.0,6.274555734673499,800.6768767943622,6,0,0,0,6,"['ㅋㅋㅋㅋㅋㅋㅋㅋㅋㅋ', '킹라지', '칼리코 런 ㅋㅋㅋ']"
2025-09-06T17:59:45.717741,2:24:21,144.35,9.827567364579458,2,798,0.9257929772032193,1.072163099492585e-05,50.03535533905933,30,9.827567364579458,40.0,6.35710016120615,800.234189114926,1,0,0,0,1,"['ㅋㅋㅋㅋㅋ', '궁도있네']"
2025-09-06T17:59:55.821177,2:24:32,144.53333333333333,9.73634809942449,1,798,0.6752768029317947,3.0459959025520697e-06,50.0,30,9.73634809942449,40.0,6.401390145085535,799.8307702034334,0,0,0,0,0,['2번 키고 붙어서 갈구다가 물리는 것 같으면 3번으로 피하고 머 이러는 것 같던데[']
2025-09-06T18:00:00.922930,2:24:37,144.61666666666667,9.73634969763313,1,798,0.6752813692422015,3.0459959025520697e-06,50.0,30,9.73634969763313,40.0,6.401251130576982,799.4626931830901,0,0,0,0,0,['2번 키고 붙어서 갈구다가 물리는 것 같으면 3번으로 피하고 머 이러는 것 같던데[']
2025-09-06T18:00:05.955247,2:24:42,144.7,7.954555914770374,2,781,0.9249712624357179,3.0459959025520697e-06,31.308147545195112,30,7.954555914770374,40.0,6.366126017519285,799.1264238647811,0,0,0,0,0,"['2번 키고 붙어서 갈구다가 물리는 것 같으면 3번으로 피하고 머 이러는 것 같던데[', '3번이 무적이니까']"
2025-09-06T18:00:11.034628,2:24:47,144.78333333333333,9.18922437065279,3,781,1.2758553239898738,3.0459959025520697e-06,42.42673788857972,30,9.18922437065279,40.0,6.304513415767357,798.7337814783031,0,0,0,0,0,"['2번 키고 붙어서 갈구다가 물리는 것 같으면 3번으로 피하고 머 이러는 것 같던데[', '3번이 무적이니까', '글골 엄대엄인거보소']"
2025-09-06T18:00:16.038906,2:24:52,144.86666666666667,9.194021876718564,3,781,1.2895624841778002,3.0459959025520697e-06,42.42673788857972,30,9.194021876718564,40.0,6.2340620741906205,798.2904033304728,0,0,0,0,0,"['2번 키고 붙어서 갈구다가 물리는 것 같으면 3번으로 피하고 머 이러는 것 같던데[', '3번이 무적이니까', '글골 엄대엄인거보소']"
2025-09-06T18:00:21.129504,2:24:57,144.95,9.199193744348637,3,781,1.3043392488351546,3.0459959025520697e-06,42.42673788857972,30,9.199193744348637,40.0,6.160655866771559,797.8013629974256,0,0,0,0,0,"['2번 키고 붙어서 갈구다가 물리는 것 같으면 3번으로 피하고 머 이러는 것 같던데[', '3번이 무적이니까', '글골 엄대엄인거보소']"
2025-09-06T18:00:26.221626,2:25:02,145.03333333333333,10.168824369138395,3,781,1.3159813511279266,3.0459959025520697e-06,52.082296778452594,30,10.168824369138395,40.0,6.104590280094403,797.271226697683,0,0,0,0,0,"['3번이 무적이니까', '글골 엄대엄인거보소', '예전보다 체급 낮아진듯']"
2025-09-06T18:00:31.229984,2:25:07,145.11666666666667,10.172210754025976,3,781,1.3256567365210161,3.0459959025520697e-06,52.082296778452594,30,10.172210754025976,40.0,6.059131252084963,796.7391040279148,0,0,0,0,0,"['3번이 무적이니까', '글골 엄대엄인거보소', '예전보다 체급 낮아진듯']"
2025-09-06T18:00:36.236269,2:25:12,145.2,9.781862113830833,4,781,1.8537287299587832,1.1496257017236605e-05,46.33052459842453,30,9.781862113830833,40.0,6.0232181268764675,796.2051936251233,1,0,0,0,1,"['글골 엄대엄인거보소', '예전보다 체급 낮아진듯', '장전 속도는 빠르네']"
2025-09-06T18:00:41.245246,2:25:17,145.28333333333333,10.00352483260168,3,781,1.338371604239048,1.1553195309717137e-05,50.350901498398905,30,10.00352483260168,40.0,6.000896314188821,795.669674262611,1,0,0,0,1,"['예전보다 체급 낮아진듯', '장전 속도는 빠르네', '정글 깔끔한거봐라 ㅋㅋ']"
2025-09-06T18:00:46.326729,2:25:22,145.36666666666667,9.71354146071976,4,781,1.87110655861983,1.1605046760311233e-05,45.586495231841155,30,9.71354146071976,40.0,5.980806682769939,795.1327068363499,1,0,0,0,1,"['예전보다 체급 낮아진듯', '장전 속도는 빠르네', '정글 깔끔한거봐라 ㅋㅋ']"
2025-09-06T18:00:51.329930,2:25:27,145.45,9.716911928667226,4,781,1.8807363981342777,1.1665340287141268e-05,45.586495231841155,30,9.716911928667226,40.0,5.957726014492945,794.5944361527149,1,0,0,0,1,"['예전보다 체급 낮아진듯', '장전 속도는 빠르네', '정글 깔끔한거봐라 ㅋㅋ']"
2025-09-06T18:00:56.343508,2:25:32,145.53333333333333,9.055310586533132,3,781,1.3550569728976982,1.174695234375761e-05,40.81035947238001,30,9.055310586533132,40.0,5.926953413043651,794.0549925374435,1,0,0,0,1,"['장전 속도는 빠르네', '정글 깔끔한거봐라 ㅋㅋ', '이번판 사람들 다 잘하나봐']"
2025-09-06T18:01:01.346417,2:25:37,145.61666666666667,7.848022433060192,2,781,0.974133184952221,1.1876287624807375e-05,30.070710678118655,30,7.848022433060192,40.0,5.879258071739286,793.5144932836992,1,0,0,0,1,"['정글 깔끔한거봐라 ㅋㅋ', '이번판 사람들 다 잘하나봐']"
2025-09-06T18:01:06.420412,2:25:42,145.7,9.744373888931753,1,768,0.6982076300954059,3.0459959025520697e-06,50.0,30,9.744373888931753,40.0,5.781332264565357,792.9430439553292,0,0,0,0,0,['이번판 사람들 다 잘하나봐']
2025-09-06T18:01:11.522721,2:25:47,145.78333333333333,9.746676746326289,1,768,0.7047872226512231,3.0459959025520697e-06,50.0,30,9.746676746326289,40.0,5.628199038108821,792.2787395597963,0,0,0,0,0,['이번판 사람들 다 잘하나봐']
2025-09-06T18:01:21.530013,2:25:57,145.95,9.892636716988275,2,768,1.030892813214456,1.1068024549480585e-05,50.31819805153395,30,9.892636716988275,40.0,5.425379134297939,791.5308656038168,0,1,0,0,1,"['좀만멀어져도 딜확깍이네', '수은매그넘인가 그거 사면 딜 잘나오겠다']"
2025-09-06T18:01:26.540926,2:26:02,146.03333333333333,9.904409011766003,2,768,1.064527206158068,1.1711143211182203e-05,50.31819805153395,30,9.904409011766003,40.0,5.197841220868146,790.7077790434352,0,1,0,0,1,"['좀만멀어져도 딜확깍이네', '수은매그넘인가 그거 사면 딜 잘나오겠다']"
2025-09-06T18:01:31.543748,2:26:07,146.11666666666667,8.418772461539886,2,768,1.1055647129794157,1.2517109237612261e-05,50.31819805153395,20,8.418772461539886,40.0,4.953057098781332,789.8170011390916,0,1,0,0,1,"['좀만멀어져도 딜확깍이네', '수은매그넘인가 그거 사면 딜 잘나오겠다']"
2025-09-06T18:01:36.549699,2:26:12,146.2,7.84910798597518,3,768,1.7600234972875413,1.3494985798302772e-05,42.33094363930221,20,7.84910798597518,40.0,4.702751388903199,788.8653010251825,0,1,0,0,1,"['좀만멀어져도 딜확깍이네', '수은매그넘인가 그거 사면 딜 잘나오겠다', '평타에 스피릿 딜 붙어있으니깐']"
2025-09-06T18:01:41.719889,2:26:17,146.28333333333333,7.8885934607810375,3,768,1.872837969179443,1.4519095027946876e-05,42.33094363930221,20,7.8885934607810375,40.0,4.482476250012879,787.8587709226642,0,1,0,0,1,"['좀만멀어져도 딜확깍이네', '수은매그넘인가 그거 사면 딜 잘나오겠다', '평타에 스피릿 딜 붙어있으니깐']"
2025-09-06T18:01:46.735635,2:26:23,146.38333333333333,7.927814839700807,3,768,1.9848978760813614,1.5547855273953763e-05,42.33094363930221,20,7.927814839700807,40.0,4.294228625011591,786.8028938303978,0,1,0,0,1,"['좀만멀어져도 딜확깍이네', '수은매그넘인가 그거 사면 딜 잘나오겠다', '평타에 스피릿 딜 붙어있으니깐']"
2025-09-06T18:01:51.739990,2:26:28,146.46666666666667,8.280322547512679,1,768,0.8009180831837625,3.0459959025520697e-06,50.0,20,8.280322547512679,40.0,4.134805762510432,785.7026044473581,0,0,0,0,0,['평타에 스피릿 딜 붙어있으니깐']
2025-09-06T18:01:56.747383,2:26:33,146.55,8.285397965176395,1,768,0.8154192765086693,3.0459959025520697e-06,50.0,20,8.285397965176395,40.0,3.9863251862593887,784.6473440026223,0,0,0,0,0,['평타에 스피릿 딜 붙어있으니깐']
2025-09-06T18:02:01.822669,2:26:38,146.63333333333333,9.108421595048632,3,768,2.3349236288154542,3.0459959025520697e-06,52.91197106564862,20,9.108421595048632,40.0,3.84269266763345,783.6326096023602,0,0,0,0,0,"['평타에 스피릿 딜 붙어있으니깐', '빌리의 습관성 강공', '슬슬 라클 좋아지네']"
2025-09-06T18:02:06.835984,2:26:43,146.71666666666667,8.505816481554682,2,772,1.4451864661609153,3.0459959025520697e-06,50.0,20,8.505816481554682,40.0,3.713423400870105,782.6543486421242,0,0,0,0,0,"['빌리의 습관성 강공', '슬슬 라클 좋아지네']"
2025-09-06T18:02:11.838907,2:26:48,146.8,8.524420348792624,2,772,1.4983403725550368,3.0459959025520697e-06,50.0,20,8.524420348792624,40.0,3.5920810607830944,781.7289137779119,0,0,0,0,0,"['빌리의 습관성 강공', '슬슬 라클 좋아지네']"
2025-09-06T18:02:16.841775,2:26:53,146.88333333333333,8.543800329995474,2,772,1.553711747420325,3.0459959025520697e-06,50.0,20,8.543800329995474,40.0,3.477872954704785,780.8510224001207,0,0,0,0,0,"['빌리의 습관성 강공', '슬슬 라클 좋아지네']"
2025-09-06T18:02:21.844605,2:26:58,146.96666666666667,8.564012376014036,2,772,1.6114604503305006,3.0459959025520697e-06,50.0,20,8.564012376014036,40.0,3.3700856592343067,780.0159201601086,0,0,0,0,0,"['빌리의 습관성 강공', '슬슬 라클 좋아지네']"
2025-09-06T18:02:26.934319,2:27:03,147.05,8.318814004218321,1,772,0.910893673771317,3.0459959025520697e-06,50.0,20,8.318814004218321,40.0,3.263077093310876,779.2193281440979,0,0,0,0,0,['슬슬 라클 좋아지네']
2025-09-06T18:02:31.938217,2:27:08,147.13333333333333,9.194180842281838,3,772,3.262673013318203,3.0459959025520697e-06,50.52244069222107,20,9.194180842281838,40.0,3.1567693839797886,778.4573953296881,0,0,0,0,0,"['흡수탄?', '2번 3번 둘다 피차서', '2번에 흡혈있음']"
2025-09-06T18:02:36.941034,2:27:13,147.21666666666667,9.266687875752513,3,772,3.469835966091556,3.0459959025520697e-06,50.52244069222107,20,9.266687875752513,40.0,3.0560924455818097,777.7266557967193,0,0,0,0,0,"['흡수탄?', '2번 3번 둘다 피차서', '2번에 흡혈있음']"
2025-09-06T18:02:41.944736,2:27:18,147.3,10.094360028658468,4,772,7.129771232913617,3.0459959025520697e-06,45.989388787403406,20,10.094360028658468,40.0,2.960483201023629,777.0239902170475,0,0,0,0,0,"['흡수탄?', '2번 3번 둘다 피차서', '2번에 흡혈있음']"
2025-09-06T18:02:47.018573,2:27:23,147.38333333333333,13.06996603568957,5,772,14.796064784012373,3.0459959025520697e-06,48.91342142886878,20,13.06996603568957,40.0,2.879434880921266,776.3465911953427,0,0,0,0,0,"['흡수탄?', '2번 3번 둘다 피차서', '2번에 흡혈있음']"
2025-09-06T18:02:52.045227,2:27:28,147.46666666666667,13.422550890816307,5,772,15.803450084374484,3.0459959025520697e-06,48.91342142886878,20,13.422550890816307,40.0,2.8214913928291394,775.6919320758085,0,0,0,0,0,"['흡수탄?', '2번 3번 둘다 피차서', '2번에 흡혈있음']"
2025-09-06T18:02:57.226784,2:27:33,147.55,13.63425649517104,5,772,16.408323239673724,3.0459959025520697e-06,48.91342142886878,20,13.63425649517104,40.0,2.7893422535462253,775.1227388682277,0,0,0,0,0,"['흡수탄?', '2번 3번 둘다 피차서', '2번에 흡혈있음']"
2025-09-06T18:03:02.241292,2:27:38,147.63333333333333,8.75560623090917,2,772,2.0679577353068948,3.0459959025520697e-06,50.31819805153395,20,8.75560623090917,40.0,2.780408028191603,774.6304649814049,0,0,0,0,0,"['흡혈도 있고 3번은 퍼센트 회복이라', '깡뎀도 낮고 어차피']"
2025-09-06T18:03:07.319521,2:27:43,147.71666666666667,8.758601139149702,2,758,2.0765146159941312,3.0459959025520697e-06,50.31819805153395,20,8.758601139149702,40.0,2.7723672253724425,774.2074184832644,0,0,0,0,0,"['흡혈도 있고 3번은 퍼센트 회복이라', '깡뎀도 낮고 어차피']"
2025-09-06T18:03:12.332259,2:27:48,147.8,10.79449300590096,4,758,8.565302221357495,0.0006912649807525318,47.96360722433538,20,10.79449300590096,40.0,2.7651305028351985,773.776676634938,1,1,0,0,2,"['깡뎀도 낮고 어차피', '와', '이속탬다가심']"
2025-09-06T18:03:17.335901,2:27:53,147.88333333333333,9.51123845029558,3,758,4.237812556620806,0.0006865582572894222,50.2772943217538,20,9.51123845029558,40.0,2.7686174525516787,773.3390089714442,1,1,0,0,2,"['와', '이속탬다가심', '헤드 다 박히면 ㅋㅋ']"
2025-09-06T18:03:22.338952,2:27:58,147.96666666666667,13.764712949671532,5,758,16.75421547266324,0.000682359641750147,49.004645903826976,20,13.764712949671532,40.0,2.771755707296511,772.8951080742997,1,1,0,0,2,"['와', '이속탬다가심', '헤드 다 박히면 ㅋㅋ']"
2025-09-06T18:03:27.344066,2:28:03,148.05,18.99561567764182,6,758,31.140620947372778,0.004008687816010984,50.94794870934942,20,18.99561567764182,40.0,2.78458013656686,772.4455972668699,1,1,1,0,3,"['와', '이속탬다가심', '헤드 다 박히면 ㅋㅋ']"
2025-09-06T18:03:32.426772,2:28:08,148.13333333333333,18.626307879774465,6,758,30.085756188157077,0.00374585746136738,50.94794870934942,20,18.626307879774465,40.0,2.811122122910174,771.9910375401829,1,1,1,0,3,"['와', '이속탬다가심', '헤드 다 박히면 ㅋㅋ']"
2025-09-06T18:03:37.431259,2:28:13,148.21666666666667,17.989873690652114,6,758,28.26786299664299,0.0033169272303124366,50.94794870934942,20,17.989873690652114,40.0,2.8600099106191568,771.5319337861646,1,1,1,0,3,"['와', '이속탬다가심', '헤드 다 박히면 ㅋㅋ']"
2025-09-06T18:03:42.435148,2:28:18,148.3,9.427311903369937,3,758,3.772541680131553,1.6791787045922252e-05,51.06915598609074,20,9.427311903369937,40.0,2.929008919557241,771.0687404075481,0,0,1,0,1,"['미라지 왔따', '연타면 독뎀이나 출혈같은거 잘 어울리나', '뭐야 철거속도']"
2025-09-06T18:03:47.441726,2:28:23,148.38333333333333,9.373328967120266,3,758,3.6183053876363758,1.6207096152046966e-05,51.06915598609074,20,9.373328967120266,40.0,2.991108027601517,770.6018663667934,0,0,1,0,1,"['미라지 왔따', '연타면 독뎀이나 출혈같은거 잘 어울리나', '뭐야 철거속도']"
2025-09-06T18:03:52.446027,2:28:28,148.46666666666667,8.332558538059853,1,758,0.950149336736371,1.5675505310211065e-05,50.0,20,8.332558538059853,40.0,3.0519972248413656,770.1116797301141,0,0,1,0,1,['뭐야 철거속도']
2025-09-06T18:03:57.449978,2:28:33,148.55,9.22240825776211,3,758,3.372563057721339,0.0005296013816782495,50.4179934700697,20,9.22240825776211,40.0,3.101797502357229,769.6005117571027,2,0,0,0,2,"['ㅋㅋㅋㅋㅋㅋㅋㅋㅋ', '문짝맨 검거', 'ㅋㅋㅋ']"
2025-09-06T18:04:02.518099,2:28:38,148.63333333333333,10.16501055936116,4,758,6.084835345076251,0.006179135943084242,50.328465342072384,20,10.16501055936116,40.0,3.1516177521215063,769.0704605813924,3,0,0,0,3,"['ㅋㅋㅋㅋㅋㅋㅋㅋㅋ', '문짝맨 검거', 'ㅋㅋㅋ']"
2025-09-06T18:04:07.549113,2:28:43,148.71666666666667,11.607502672577576,5,745,10.617230814477418,0.005424603406048369,48.8930204614806,20,11.607502672577576,40.0,3.2064559769093557,768.5234145232531,3,0,0,0,3,"['ㅋㅋㅋㅋㅋㅋㅋㅋㅋ', '문짝맨 검거', 'ㅋㅋㅋ']"
2025-09-06T18:04:12.620811,2:28:48,148.8,14.26250693814929,6,745,17.62439498131493,0.004629648235119442,50.92116835395018,20,14.26250693814929,40.0,3.27581037921842,767.8960730709279,3,0,0,0,3,"['ㅋㅋㅋㅋㅋㅋㅋㅋㅋ', '문짝맨 검거', 'ㅋㅋㅋ']"
2025-09-06T18:04:17.623846,2:28:53,148.88333333333333,13.802762217037266,6,745,16.311662004860978,0.00390919985226582,50.92116835395018,20,13.802762217037266,40.0,3.3532293412965783,767.1964657638351,3,0,0,0,3,"['ㅋㅋㅋㅋㅋㅋㅋㅋㅋ', '문짝맨 검거', 'ㅋㅋㅋ']"
2025-09-06T18:04:22.628526,2:28:58,148.96666666666667,17.005087420954386,7,745,25.399873396779917,0.0032773956394216617,51.13820773825647,20,17.005087420954386,40.0,3.4379064071669205,766.4318191874517,3,0,0,0,3,"['ㅋㅋㅋㅋㅋㅋㅋㅋㅋ', '문짝맨 검거', 'ㅋㅋㅋ']"
2025-09-06T18:04:27.632513,2:29:03,149.05,9.77637091798185,4,745,4.671770632810691,3.0459959025520697e-06,51.412499780997464,20,9.77637091798185,40.0,3.5291157664502286,765.6086372687065,0,0,0,0,0,"['빡겜픽', '워든이 재밌으면 축복받은건가', '워든 재밌어보이긴 하는데']"
2025-09-06T18:04:32.730742,2:29:09,149.15,10.796154064238557,5,745,7.632433853454741,3.0459959025520697e-06,51.24800997131037,20,10.796154064238557,40.0,3.606204189805206,764.732773541836,0,0,0,0,0,"['빡겜픽', '워든이 재밌으면 축복받은건가', '워든 재밌어보이긴 하는데']"
2025-09-06T18:04:37.748577,2:29:14,149.23333333333332,9.6220567979147,4,745,4.276889394885887,3.0459959025520697e-06,51.25144291306278,20,9.6220567979147,40.0,3.675583770824686,763.8094961876524,0,0,0,0,0,"['워든이 재밌으면 축복받은건가', '워든 재밌어보이긴 하는데', '워든이 재밌으면 인생이 행복할듯']"
2025-09-06T18:04:42.819602,2:29:19,149.31666666666666,8.984012516718796,3,745,2.443182898567476,3.0459959025520697e-06,51.28897283821818,20,8.984012516718796,40.0,3.733025393742217,762.8435465688871,0,0,0,0,0,"['워든 재밌어보이긴 하는데', '워든이 재밌으면 인생이 행복할듯', '워든이 재밌으면 얼마나 행복한걸까']"
2025-09-06T18:04:47.823342,2:29:24,149.4,8.963937889991,3,745,2.385826822202345,3.0459959025520697e-06,51.28897283821818,20,8.963937889991,40.0,3.7897228543679957,761.8391919119983,0,0,0,0,0,"['워든 재밌어보이긴 하는데', '워든이 재밌으면 인생이 행복할듯', '워든이 재밌으면 얼마나 행복한걸까']"
2025-09-06T18:04:52.828079,2:29:29,149.48333333333332,9.114271652915857,3,745,2.3320603258592856,3.0459959025520697e-06,52.98049320466746,20,9.114271652915857,40.0,3.845750568931196,760.8702727207985,0,0,0,0,0,"['워든이 재밌으면 얼마나 행복한걸까', '최대 16배 스택이니까', '!멤버']"
2025-09-06T18:04:57.920045,2:29:34,149.56666666666666,9.057778163559458,4,745,3.8002515279040403,3.0459959025520697e-06,47.276889103946814,20,9.057778163559458,40.0,3.891175512038077,759.9332454487187,0,0,0,0,0,"['워든이 재밌으면 얼마나 행복한걸까', '최대 16배 스택이니까', '!멤버']"
2025-09-06T18:05:02.923689,2:29:39,149.65,7.881434565248911,3,745,2.2501201413481766,3.0459959025520697e-06,40.93891297378689,20,7.881434565248911,40.0,3.9370579608342693,759.0249209038469,0,0,0,0,0,"['최대 16배 스택이니까', '!멤버', '터지죠']"
2025-09-06T18:05:07.926603,2:29:44,149.73333333333332,7.87213110654741,3,751,2.2235388307724575,3.0459959025520697e-06,40.93891297378689,20,7.87213110654741,40.0,3.9683521647508426,758.1424288134622,0,0,0,0,0,"['최대 16배 스택이니까', '!멤버', '터지죠']"
2025-09-06T18:05:12.931972,2:29:49,149.81666666666666,7.868293128196154,3,751,2.2125731783402958,3.0459959025520697e-06,40.93891297378689,20,7.868293128196154,40.0,3.9815169482757584,757.313185932116,0,0,0,0,0,"['최대 16배 스택이니까', '!멤버', '터지죠']"
2025-09-06T18:05:17.936381,2:29:54,149.9,7.869207936468715,3,751,2.2151869162619025,3.0459959025520697e-06,40.93891297378689,20,7.869207936468715,40.0,3.9783652534481826,756.5318673389045,0,0,0,0,0,"['최대 16배 스택이니까', '!멤버', '터지죠']"
2025-09-06T18:05:23.034256,2:29:59,149.98333333333332,8.286328307824004,1,751,0.8180773983589817,3.0459959025520697e-06,50.0,20,8.286328307824004,40.0,3.9605287281033643,755.7936806050141,0,0,0,0,0,['터지죠']
2025-09-06T18:05:28.038645,2:30:04,150.06666666666666,8.287291495916584,1,751,0.8208062519742888,2.326931395529468e-05,50.0,20,8.287291495916584,40.0,3.934475855293028,755.0943125445127,1,0,0,0,1,['ㅋㅋㅋㅋㅋㅋㅋ']
2025-09-06T18:05:33.118719,2:30:09,150.15,7.353039033330608,3,751,2.2816515656461123,0.00018406882089020335,50.54387357826113,10,7.353039033330608,40.0,3.901028269763725,754.4298812900615,2,0,0,0,2,"['ㅋㅋㅋㅋㅋㅋㅋ', '유감', 'ㅋㅋㅋㅋㅋㅋㅋㅋㅋㅋㅋㅋ']"
2025-09-06T18:05:38.138799,2:30:14,150.23333333333332,8.767559593389475,5,751,6.315063443959855,0.00018802124979517976,50.57212179503608,10,8.767559593389475,40.0,3.8809254427873525,753.7968931610553,2,0,0,0,2,"['ㅋㅋㅋㅋㅋㅋㅋ', '유감', 'ㅋㅋㅋㅋㅋㅋㅋㅋㅋㅋㅋㅋ']"
2025-09-06T18:05:43.223259,2:30:19,150.31666666666666,10.196449784804367,6,751,10.415962010739085,0.00018964799500633436,50.50787221847685,10,10.196449784804367,40.0,3.872832898508617,753.1922038449497,2,0,0,0,2,"['ㅋㅋㅋㅋㅋㅋㅋ', '유감', 'ㅋㅋㅋㅋㅋㅋㅋㅋㅋㅋㅋㅋ']"
2025-09-06T18:05:48.228410,2:30:24,150.4,10.18895098228041,6,751,10.394537487446566,0.00018909956606744886,50.50787221847685,10,10.18895098228041,40.0,3.8755496086577557,752.6129834604548,2,0,0,0,2,"['ㅋㅋㅋㅋㅋㅋㅋ', '유감', 'ㅋㅋㅋㅋㅋㅋㅋㅋㅋㅋㅋㅋ']"
2025-09-06T18:05:53.232572,2:30:29,150.48333333333332,10.168528901009337,6,751,10.336190387742844,0.00018760862914080602,50.50787221847685,10,10.168528901009337,40.0,3.88299464779198,752.1216851144093,2,0,0,0,2,"['ㅋㅋㅋㅋㅋㅋㅋ', '유감', 'ㅋㅋㅋㅋㅋㅋㅋㅋㅋㅋㅋㅋ']"
2025-09-06T18:05:58.333693,2:30:34,150.56666666666666,8.75484199715062,5,751,6.279631255919149,2.382044481647614e-05,50.569615294009914,10,8.75484199715062,40.0,3.8896951830127824,751.7095166029683,1,0,0,0,1,"['유감', 'ㅋㅋㅋㅋㅋㅋㅋㅋㅋㅋㅋㅋ', '뻘줌']"
2025-09-06T18:06:03.417541,2:30:39,150.65,7.653101082324665,3,751,2.29085647180673,3.0459959025520697e-06,53.51300098793948,10,7.653101082324665,40.0,3.8907256647115043,751.3685649426715,0,0,0,0,0,"['서운', '슬프네', '아이비 요즘 ap는 안가나?']"
2025-09-06T18:06:08.431219,2:30:44,150.73333333333332,6.789652945811358,1,761,0.8275763640371353,3.0459959025520697e-06,50.0,10,6.789652945811358,40.0,3.871653098240354,751.0917084484043,0,0,0,0,0,['아이비 요즘 ap는 안가나?']
2025-09-06T18:06:13.522918,2:30:49,150.81666666666666,7.02018846035924,2,761,1.3953174617863364,1.8858951566201548e-05,50.31819805153395,10,7.02018846035924,40.0,3.8394877884163185,750.922537603564,0,1,0,0,1,"['아이비 요즘 ap는 안가나?', '잡으러 오나']"
2025-09-06T18:06:18.717617,2:30:54,150.9,8.03333075432067,4,761,3.998267036415163,1.926130503734851e-05,51.33929587053348,10,8.03333075432067,40.0,3.7955390095746866,750.8502838432076,0,1,0,0,1,"['아이비 요즘 ap는 안가나?', '잡으러 오나', '메타는아님']"
2025-09-06T18:06:23.724712,2:31:00,151.0,8.064097945510316,4,761,4.086172865247238,1.9639051084683493e-05,51.33929587053348,10,8.064097945510316,40.0,3.755985108617218,750.865255458887,0,1,0,0,1,"['아이비 요즘 ap는 안가나?', '잡으러 오나', '메타는아님']"
2025-09-06T18:06:28.739630,2:31:05,151.08333333333334,8.887732258379417,5,761,7.007199063386706,0.00017075927684750289,49.35144282483331,10,8.887732258379417,40.0,3.725386597755496,750.9587299129983,1,1,0,0,2,"['아이비 요즘 ap는 안가나?', '잡으러 오나', '메타는아님']"
2025-09-06T18:06:33.824739,2:31:10,151.16666666666666,17.554705444331915,8,761,31.291432593159936,0.00994400258395891,50.987264356923575,10,17.554705444331915,40.0,3.7078479379799467,751.1228569216985,2,2,0,0,4,"['잡으러 오나', '메타는아님', '백도 후 궁으로 튀기?']"
2025-09-06T18:06:38.919128,2:31:15,151.25,23.33672363800435,9,761,47.82556062675911,0.009746534871701724,50.938788046899774,10,23.33672363800435,40.0,3.717063144181952,751.3505712295287,2,2,0,0,4,"['잡으러 오나', '메타는아님', '백도 후 궁으로 튀기?']"
2025-09-06T18:06:43.926703,2:31:20,151.33333333333334,22.79569228857712,9,761,46.27879646306431,0.011844854449679507,50.93375584724739,10,22.79569228857712,40.0,3.7503568297637573,751.6355141065758,3,1,0,0,4,"['메타는아님', '백도 후 궁으로 튀기?', 'ㅋㅋㅋㅋㅋㅋㅋㅋㅋㅋㅋㅋㅋㅋㅋ']"
2025-09-06T18:06:49.018587,2:31:25,151.41666666666666,16.482948441124638,8,761,28.348822608692174,0.01040012487006864,50.5670047813435,10,16.482948441124638,40.0,3.810321146787382,751.9719626959183,3,1,0,0,4,"['ㅋㅋㅋㅋㅋㅋㅋㅋㅋㅋㅋㅋㅋㅋㅋ', '오우', '워든형님 1대6하네']"
2025-09-06T18:06:54.021997,2:31:30,151.5,15.7782112792945,8,761,26.337097596289315,0.008816606147226173,50.5670047813435,10,15.7782112792945,40.0,3.8892890321086435,752.3247664263264,3,1,0,0,4,"['ㅋㅋㅋㅋㅋㅋㅋㅋㅋㅋㅋㅋㅋㅋㅋ', '오우', '워든형님 1대6하네']"
2025-09-06T18:06:59.027736,2:31:35,151.58333333333334,15.045803127136107,8,761,24.15086270806707,0.0009774480632781363,50.9261020008732,10,15.045803127136107,40.0,3.985360128897779,752.6922897836938,2,1,0,0,3,"['오우', '워든형님 1대6하네', '날아잇!']"
2025-09-06T18:07:04.441575,2:31:40,151.66666666666666,7.801278038388724,4,761,3.434015525941207,2.1467924277611014e-05,50.9936401713959,10,7.801278038388724,40.0,4.096824116008001,753.0730608053244,1,0,0,0,1,"['빤스런 개빨라', 'ㅋㅋㅋ 얼척없네', '즉시 백도어']"
2025-09-06T18:07:09.521751,2:31:45,151.75,7.7387185838156345,4,761,3.258163618764725,2.0350371315872323e-05,50.98353177099454,10,7.7387185838156345,40.0,4.212141704407201,753.4657547247921,1,0,0,0,1,"['ㅋㅋㅋ 얼척없네', '즉시 백도어', '애는 이게 맞다']"
2025-09-06T18:07:14.636464,2:31:50,151.83333333333334,6.937785417980944,2,761,1.240710473361857,3.0459959025520697e-06,50.03535533905933,10,6.937785417980944,40.0,4.330927533966481,753.8691792523128,0,0,0,0,0,"['애는 이게 맞다', '철거요정이었네']"
2025-09-06T18:07:19.644275,2:31:55,151.91666666666666,8.251428245303192,5,761,4.6220063988226,1.851427507474935e-05,51.33718600005251,10,8.251428245303192,40.0,4.4328347805698325,754.2822613270815,1,0,0,0,1,"['애는 이게 맞다', '철거요정이었네', '이속 개빠른게 재밌어보이네 ㅋㅋ']"
2025-09-06T18:07:24.818579,2:32:01,152.01666666666668,10.246651281174312,7,761,10.373808299831042,0.00010459436291299198,51.157765384882815,10,10.246651281174312,40.0,4.524551302512849,754.7040351943734,2,0,0,0,2,"['애는 이게 맞다', '철거요정이었네', '이속 개빠른게 재밌어보이네 ㅋㅋ']"
2025-09-06T18:07:29.832164,2:32:06,152.1,8.851441673704526,6,761,6.4706902219049445,9.780403652362263e-05,50.86660974423186,10,8.851441673704526,40.0,4.612096172261564,755.133631674936,2,0,0,0,2,"['철거요정이었네', '이속 개빠른게 재밌어보이네 ㅋㅋ', '트런들같은 애였구나']"
2025-09-06T18:07:34.926497,2:32:11,152.18333333333334,8.75760062243436,6,761,6.202579259547299,9.226792405153904e-05,50.86660974423186,10,8.75760062243436,40.0,4.690886555035408,755.5702685074425,2,0,0,0,2,"['철거요정이었네', '이속 개빠른게 재밌어보이네 ㅋㅋ', '트런들같은 애였구나']"
2025-09-06T18:07:40.024378,2:32:16,152.26666666666668,7.952607232719327,5,761,3.968244445003709,8.76983328761069e-05,50.63686597634878,10,7.952607232719327,40.0,4.761797899531867,756.0132416566983,2,0,0,0,2,"['이속 개빠른게 재밌어보이네 ㅋㅋ', '트런들같은 애였구나', '철거용 돌맹이']"
2025-09-06T18:07:45.127035,2:32:21,152.35,7.915296478584953,5,761,3.86164664669199,8.388651969632818e-05,50.63686597634878,10,7.915296478584953,40.0,4.825618109578681,756.4619174910284,2,0,0,0,2,"['이속 개빠른게 재밌어보이네 ㅋㅋ', '트런들같은 애였구나', '철거용 돌맹이']"
2025-09-06T18:07:50.142948,2:32:26,152.43333333333334,6.908461020445988,2,761,1.1165060039466181,1.562383751727667e-05,50.17677669529664,10,6.908461020445988,40.0,4.893056298620813,756.9157257419256,1,0,0,0,1,"['ㅋㅋㅋㅋ', '총든 트런들이셔?']"
2025-09-06T18:07:55.148766,2:32:31,152.51666666666668,6.758754388320983,1,761,0.7392947712074919,3.0459959025520697e-06,50.0,10,6.758754388320983,40.0,4.958750668758731,757.3241531677331,0,0,0,0,0,['파밍야무지다']
2025-09-06T18:08:00.316981,2:32:36,152.6,6.893864740218009,2,761,1.0950197717195715,3.0459959025520697e-06,50.10606601717798,10,6.893864740218009,40.0,5.012875601882858,757.6917378509598,0,0,0,0,0,"['파밍야무지다', '여캐셔']"
2025-09-06T18:08:05.321952,2:32:41,152.68333333333334,6.8915409941541474,2,764,1.088380497251395,3.0459959025520697e-06,50.10606601717798,10,6.8915409941541474,40.0,5.051588041694573,758.0225640658639,0,0,0,0,0,"['파밍야무지다', '여캐셔']"
2025-09-06T18:08:10.325676,2:32:46,152.76666666666668,7.822205607703476,5,764,3.4924017567556587,1.472782729681512e-05,50.99859101708076,10,7.822205607703476,40.0,5.076429237525116,758.3353076592775,1,0,0,0,1,"['파밍야무지다', '여캐셔', '어우 딜']"
2025-09-06T18:08:15.328578,2:32:51,152.85,8.368447622420048,6,764,5.083859288883056,5.7725799625316435e-05,50.89073780991128,10,8.368447622420048,40.0,5.098786313772605,758.6317768933498,1,1,0,0,2,"['파밍야무지다', '여캐셔', '어우 딜']"
2025-09-06T18:08:20.331875,2:32:56,152.93333333333334,8.360379889669883,6,764,5.060809007265228,5.739033981165376e-05,50.89073780991128,10,8.360379889669883,40.0,5.108907682395344,758.9135992040148,1,1,0,0,2,"['파밍야무지다', '여캐셔', '어우 딜']"
2025-09-06T18:08:25.428104,2:33:01,153.01666666666668,7.811178527016032,5,764,3.457357306236624,5.758518199423416e-05,51.01080435760415,10,7.811178527016032,40.0,5.10301691415581,759.1822392836133,1,1,0,0,2,"['여캐셔', '어우 딜', '이제 좀 썌네']"
2025-09-06T18:08:30.437492,2:33:06,153.1,7.897488939391454,5,764,3.4906902512452014,0.00028242775844299973,51.756343803522554,10,7.897488939391454,40.0,5.077715222740229,759.439015355252,2,1,0,0,3,"['어우 딜', '이제 좀 썌네', '흡수탄 아프기는 하지 ㅋㅋ']"
2025-09-06T18:08:35.529070,2:33:11,153.18333333333334,7.915337126489986,5,764,3.5416739262902355,0.0002921798403677513,51.756343803522554,10,7.915337126489986,40.0,5.039943700466206,759.6851138197269,2,1,0,0,3,"['어우 딜', '이제 좀 썌네', '흡수탄 아프기는 하지 ㅋㅋ']"
2025-09-06T18:08:40.534831,2:33:16,153.26666666666668,8.571991524162996,6,764,5.341980541055583,0.03744718374151421,51.87319461296936,10,8.571991524162996,40.0,4.9909493304195856,759.9216024377542,5,1,0,0,6,"['오 쎄다', '철거랑 빤스런템 둘둘하고 이렇게해도 꽤 쓸만하겠네ㅋㅋ', '캬']"
2025-09-06T18:08:45.831477,2:33:22,153.36666666666667,12.756014717770016,9,764,17.350405724566432,0.17128946582335688,51.148569278424226,10,12.756014717770016,40.0,4.936854397377627,760.1494421939789,5,2,0,0,7,"['철거랑 빤스런템 둘둘하고 이렇게해도 꽤 쓸만하겠네ㅋㅋ', '캬', '캬']"
2025-09-06T18:08:50.834765,2:33:27,153.45,44.90660545996984,14,764,85.06111727135863,21.35147943652677,50.9462264038361,10,44.90660545996984,40.0,4.913168957639864,760.369497974581,8,2,0,0,10,"['ㅋㅋㅋㅋㅋㅋㅋㅋㅋㅋㅋㅋㅋㅋㅋ', '뿌라라라라라라ㅏ라라라랔', '오 딜 나온다']"
2025-09-06T18:08:55.920603,2:33:32,153.53333333333333,49.33076639702073,16,764,100.0,19.656704608420654,49.680845536524686,10,49.33076639702073,40.0,4.941852061875878,760.5825481771229,8,2,0,0,10,"['오 딜 나온다', '예전 아이비 나오네', '즉시 도망']"
2025-09-06T18:09:00.935017,2:33:37,153.61666666666667,60.78853146728443,18,764,100.0,48.93897633082827,47.12940934953125,10,60.78853146728443,40.0,5.03766685568829,760.7892933594106,8,3,0,0,11,"['ㅋㅋㅋㅋㅋㅋ', '잘있어', '안녕~']"
2025-09-06T18:09:05.943093,2:33:42,153.7,54.44169987573006,18,766,100.0,33.07189735194233,47.12940934953125,10,54.44169987573006,40.0,5.188900170119461,760.9903640234695,8,3,0,0,11,"['ㅋㅋㅋㅋㅋㅋ', '잘있어', '안녕~']"
2025-09-06T18:09:11.030506,2:33:47,153.78333333333333,28.338251560080643,14,766,62.19569322666656,0.05780446982839093,50.46637142815991,10,28.338251560080643,40.0,5.380010153107515,761.1963276211226,4,3,0,0,7,"['ㅋㅋㅋㅋㅋㅋ', '잘있어', '안녕~']"
2025-09-06T18:09:16.225672,2:33:52,153.86666666666667,9.463437185429854,8,766,8.30717719302004,0.0007785620833277981,50.55613743039509,10,9.463437185429854,40.0,5.592009137796763,761.4066948590104,3,1,0,0,4,"['안녕~', 'ㅋㅋㅋㅋㅋ', 'ㅋㅋㅋㅋㅋㅋㅋㅋㅋㅋㅋㅋㅋㅋ']"
2025-09-06T18:09:21.228610,2:33:57,153.95,9.316117751295252,8,766,7.552429321467059,4.057878512099872e-05,51.72751257267733,10,9.316117751295252,40.0,5.792808224017087,761.6210253731093,1,1,0,0,2,"['돔왕챠', '한땀한땀화살쏘는 페이지는 세상이 불합리하다', '꺠달았네']"
2025-09-06T18:09:26.231689,2:34:02,154.03333333333333,9.457162798916643,6,766,3.6108020418136446,3.72859710720491e-05,51.93367169893439,20,9.457162798916643,40.0,5.988527401615379,761.8389228357984,1,1,0,0,2,"['꺠달았네', 'ㅋㅋㅋㅋㅋㅋㅋㅋㅋ', '회오리를 안쓴 미라지 잘못']"
2025-09-06T18:09:31.318522,2:34:07,154.11666666666667,8.488479591877347,3,766,1.3024957010190508,3.0459959025520697e-06,50.32604878122318,20,8.488479591877347,40.0,6.169674661453842,762.0600305522186,0,0,0,0,0,"['아이비는 비겁하게', '미라지 이뇨속 너도 당해보니 어떠냐', '괴수탄 팔고 행운탄 가면될듯']"
2025-09-06T18:09:36.322061,2:34:12,154.2,7.29424532197869,4,766,1.7365198109420295,3.0459959025520697e-06,51.86462169750618,10,7.29424532197869,40.0,6.337707195308457,762.2840274969967,0,0,0,0,0,"['아이비는 비겁하게', '미라지 이뇨속 너도 당해보니 어떠냐', '괴수탄 팔고 행운탄 가면될듯']"
2025-09-06T18:09:41.326070,2:34:17,154.28333333333333,7.275112344478423,4,766,1.681854160941267,3.0459959025520697e-06,51.86462169750618,10,7.275112344478423,40.0,6.5039364757776115,762.5106247472971,0,0,0,0,0,"['아이비는 비겁하게', '미라지 이뇨속 너도 당해보니 어떠냐', '괴수탄 팔고 행운탄 가면될듯']"
2025-09-06T18:09:46.329521,2:34:22,154.36666666666667,7.258162265773854,4,766,1.633425364642499,3.0459959025520697e-06,51.86462169750618,10,7.258162265773854,40.0,6.66354282819985,762.7395622725675,0,0,0,0,0,"['아이비는 비겁하게', '미라지 이뇨속 너도 당해보니 어떠냐', '괴수탄 팔고 행운탄 가면될듯']"
2025-09-06T18:09:51.334766,2:34:27,154.45,6.7319016788892885,1,766,0.6625727442597938,3.0459959025520697e-06,50.0,10,6.7319016788892885,40.0,6.8171885453798655,762.9556060453108,0,0,0,0,0,['워든형님 벌크업 어디까지 하는겨']
2025-09-06T18:09:56.337544,2:34:32,154.53333333333333,6.730748103560842,1,766,0.6592768147499464,3.0459959025520697e-06,50.0,10,6.730748103560842,40.0,6.935469690841879,763.1600454407798,0,0,0,0,0,['워든형님 벌크업 어디까지 하는겨']
2025-09-06T18:10:01.429246,2:34:37,154.61666666666667,6.729979513700374,1,766,0.6570808437200379,3.0459959025520697e-06,50.0,10,6.729979513700374,40.0,7.016922721757692,763.3540408967018,0,0,0,0,0,['워든형님 벌크업 어디까지 하는겨']
2025-09-06T18:10:28.317492,2:35:04,155.06666666666666,6.729533230115154,1,757,0.6558057477622642,3.0459959025520697e-06,50.0,10,6.729533230115154,40.0,7.0652304495819225,763.5386368070316,0,0,0,0,0,['벨튀하기']
2025-09-06T18:10:33.330858,2:35:09,155.15,6.729318845798195,1,757,0.6551932211423823,3.0459959025520697e-06,50.0,10,6.729318845798195,40.0,7.0887074046237295,763.6697731263284,0,0,0,0,0,['벨튀하기']
2025-09-06T18:10:38.337342,2:35:14,155.23333333333332,6.729308574551549,1,757,0.6551638747233945,3.0459959025520697e-06,50.0,10,6.729308574551549,40.0,7.089836664161357,763.7527958136957,0,0,0,0,0,['벨튀하기']
2025-09-06T18:10:43.341930,2:35:19,155.31666666666666,6.729481738876231,1,757,0.655658629936772,3.0459959025520697e-06,50.0,10,6.729481738876231,40.0,7.070852997745222,763.7925162323261,0,0,0,0,0,['벨튀하기']
2025-09-06T18:10:48.418321,2:35:24,155.4,6.729869437771022,1,757,0.6567663410647456,3.0459959025520697e-06,50.0,10,6.729869437771022,40.0,7.0287676979707,763.7932646090935,0,0,0,0,0,['벨튀하기']
2025-09-06T18:10:53.430983,2:35:29,155.48333333333332,6.730601008956739,1,757,0.6588565444525097,3.0459959025520697e-06,50.0,10,6.730601008956739,40.0,6.950890928173631,763.7589381481843,0,0,0,0,0,['벨튀하기']
2025-09-06T18:11:23.634816,2:35:59,155.98333333333332,6.926429710828794,3,770,1.188467411116018,3.0459959025520697e-06,50.104648985398256,10,6.926429710828794,40.0,6.815801835356267,763.6930443333658,0,0,0,0,0,"['아 부자된다', '항아리', '아이비 장인각']"
2025-09-06T18:11:28.717393,2:36:04,156.06666666666666,6.936800950228173,3,770,1.2180995236856735,3.0459959025520697e-06,50.104648985398256,10,6.936800950228173,40.0,6.62922165182064,763.6637399000293,0,0,0,0,0,"['아 부자된다', '항아리', '아이비 장인각']"
2025-09-06T18:11:33.725293,2:36:10,156.16666666666666,6.95164009585855,3,770,1.2604970826296067,3.0459959025520697e-06,50.104648985398256,10,6.95164009585855,40.0,6.386299486638577,763.6673659100264,0,0,0,0,0,"['아 부자된다', '항아리', '아이비 장인각']"
2025-09-06T18:11:38.727958,2:36:15,156.25,7.289286782398132,4,770,1.8261284239597986,6.9204875237121605e-06,51.50139065817192,10,7.289286782398132,40.0,6.092669537974719,763.6906293190237,0,0,1,0,1,"['아 부자된다', '항아리', '아이비 장인각']"
2025-09-06T18:11:43.738016,2:36:20,156.33333333333334,7.336135321373937,4,770,1.959981031459905,7.236364442947205e-06,51.50139065817192,10,7.336135321373937,40.0,5.778402584177247,763.7315663871213,0,0,1,0,1,"['아 부자된다', '항아리', '아이비 장인각']"
2025-09-06T18:11:48.825343,2:36:25,156.41666666666666,7.696602274594023,5,770,3.032344172906686,7.591096961352015e-06,51.352787776378975,10,7.696602274594023,40.0,5.4755623257595225,763.7884097484092,0,0,1,0,1,"['아 부자된다', '항아리', '아이비 장인각']"
2025-09-06T18:11:53.840214,2:36:30,156.5,7.116619111078965,3,770,1.5635867625156719,7.985195634235473e-06,50.693605501202256,10,7.116619111078965,40.0,5.18800609318357,763.8595687735683,0,0,1,0,1,"['뭣', '아이비여캐임?', '암ㅋ멋가고일이심']"
2025-09-06T18:11:58.918027,2:36:35,156.58333333333334,7.6875967052959355,5,770,3.722686068485389,3.5013303207770975e-05,48.84642576004766,10,7.6875967052959355,40.0,4.914205483865213,763.9436118962116,0,1,1,0,2,"['뭣', '아이비여캐임?', '암ㅋ멋가고일이심']"
2025-09-06T18:12:03.927031,2:36:40,156.66666666666666,9.888022867132069,7,778,9.420955979600995,0.00021906198554979783,50.906006494775,10,9.888022867132069,40.0,4.677784935478692,764.0392507065905,1,1,1,0,3,"['뭣', '아이비여캐임?', '암ㅋ멋가고일이심']"
2025-09-06T18:12:08.930457,2:36:45,156.75,11.744379993570224,8,778,16.203877260503823,8.66638604511209e-05,45.72988286849705,10,11.744379993570224,40.0,4.480006441930822,764.1853256359313,1,1,0,0,2,"['아이비여캐임?', '암ㅋ멋가고일이심', '가장 이쁜 케릭터임']"
2025-09-06T18:12:13.934672,2:36:50,156.83333333333334,12.463151009091996,8,778,18.257495837094734,9.794814783638435e-05,45.72988286849705,10,12.463151009091996,40.0,4.32200579773774,764.3767930723383,1,1,0,0,2,"['아이비여캐임?', '암ㅋ멋가고일이심', '가장 이쁜 케릭터임']"
2025-09-06T18:12:18.938156,2:36:55,156.91666666666666,13.625124385118713,8,778,20.124996971325064,0.00010835594476886423,50.813321027770336,10,13.625124385118713,40.0,4.199805217963966,764.6091137651044,1,1,0,0,2,"['암ㅋ멋가고일이심', '가장 이쁜 케릭터임', '오']"
2025-09-06T18:12:23.942187,2:37:00,157.0,11.398937552531239,7,778,13.751724488325303,0.00011562422893454624,50.857877319258094,10,11.398937552531239,40.0,4.12482469616757,764.878202388594,1,1,0,0,2,"['가장 이쁜 케릭터임', '오', '네 여캐임']"
2025-09-06T18:12:29.133653,2:37:05,157.08333333333334,8.52667210167013,5,778,5.565966054380782,2.1565394196817716e-05,50.78575356479177,10,8.52667210167013,40.0,4.087342226550813,765.1803821497346,1,0,0,0,1,"['ㅋㅋㅋㅋㅋㅋㅋㅋㅋ', '항아리 만원이상 모였나본데글골 역전됐네', '아이비가 데드락 최고 미년데']"
2025-09-06T18:12:34.141166,2:37:10,157.16666666666666,7.770693276106858,4,778,3.471778740995651,2.1708173387487622e-05,50.55562033489024,10,7.770693276106858,40.0,4.073608003895732,765.5123439347611,1,0,0,0,1,"['아이비가 데드락 최고 미년데', '맨해튼에서 가장이쁜 가고일이긴 함', '돈이 썩어욧!']"
2025-09-06T18:12:39.243378,2:37:15,157.25,7.8031930863151215,4,778,3.46744360280468,2.168058860056851e-05,50.895791530980425,10,7.8031930863151215,40.0,4.076247203506159,765.9161095412851,1,0,0,0,1,"['맨해튼에서 가장이쁜 가고일이긴 함', '돈이 썩어욧!', '캬']"
2025-09-06T18:12:44.336347,2:37:20,157.33333333333334,8.538034401049146,5,778,5.545691938146615,0.00011887394017909069,50.969946731217576,10,8.538034401049146,40.0,4.093622483155543,766.3844985871567,1,1,0,0,2,"['맨해튼에서 가장이쁜 가고일이긴 함', '돈이 썩어욧!', '캬']"
2025-09-06T18:12:49.426123,2:37:25,157.41666666666666,11.372794758358012,7,778,13.705108668454233,0.00011517345320611579,50.75960655017749,10,11.372794758358012,40.0,4.129260234839989,766.9110487284411,1,1,0,0,2,"['돈이 썩어욧!', '캬', '똑똑']"
2025-09-06T18:12:54.529355,2:37:30,157.5,11.139208383181337,7,778,13.077818511270475,0.0005798388857220558,50.61739968682382,10,11.139208383181337,40.0,4.19133421135599,767.489943855597,1,2,0,0,3,"['캬', '똑똑', '만천원 ㄷㄷ']"
2025-09-06T18:12:59.634542,2:37:35,157.58333333333334,13.184304879025873,8,778,18.91115676223411,0.0005218479288219283,50.651912730724064,10,13.184304879025873,40.0,4.277200790220391,768.1159494700373,1,2,0,0,3,"['캬', '똑똑', '만천원 ㄷㄷ']"
2025-09-06T18:13:04.638489,2:37:40,157.66666666666666,12.632347359527877,8,778,17.33506954531585,0.00045751424510274155,50.64890012969288,10,12.632347359527877,40.0,4.3894807111983525,768.7843545230336,1,2,0,0,3,"['똑똑', '만천원 ㄷㄷ', '지나가요~']"
2025-09-06T18:13:09.725437,2:37:46,157.76666666666668,14.480044359862614,9,788,23.55316725019267,0.007078491635666327,47.33604425640913,10,14.480044359862614,40.0,4.515532640078518,769.4259190707302,2,2,1,0,5,"['만천원 ㄷㄷ', '지나가요~', '지나가요~']"
2025-09-06T18:13:14.736497,2:37:51,157.85,16.513683078028166,10,788,30.705076374493938,0.0012410606880055926,42.66409922680084,10,16.513683078028166,40.0,4.658979376070666,770.0933271636571,2,1,1,0,4,"['지나가요~', '지나가요~', '데드락 아저~씨']"
2025-09-06T18:13:19.750802,2:37:56,157.93333333333334,10.54284842359751,8,788,12.801361773895175,0.005312985534765238,45.60246608520293,10,10.54284842359751,40.0,4.823081438463599,770.7839944472914,3,1,1,0,5,"['혼내주기 ㄷㄷ', '이제 행운탄 사면 되겠는데', 'ㅋㅋㅋㅋㅋㅋㅋ']"
2025-09-06T18:13:24.830456,2:38:01,158.01666666666668,10.10337541583014,8,788,11.528940866744177,0.0010169320760185685,45.6783933963927,10,10.10337541583014,40.0,4.99077329461724,771.4955950025623,3,0,1,0,4,"['이제 행운탄 사면 되겠는데', 'ㅋㅋㅋㅋㅋㅋㅋ', '돔황챠']"
2025-09-06T18:13:29.834888,2:38:06,158.1,8.371812798783607,7,788,7.199022720923863,0.0008389341094171879,43.51819272816487,10,8.371812798783607,40.0,5.161695965155516,772.226035502306,3,0,1,0,4,"['ㅋㅋㅋㅋㅋㅋㅋ', '돔황챠', '진짜 센 사람들 등장 ㅋㅋㅋ']"
2025-09-06T18:13:34.838189,2:38:11,158.18333333333334,11.34423020364057,9,788,13.571795634486561,0.0001571340596082118,50.94038877946431,10,11.34423020364057,40.0,5.325526368639965,772.9734319520754,2,0,1,0,3,"['돔황챠', '진짜 센 사람들 등장 ㅋㅋㅋ', '옛날에 석상궁 가능할때가']"
2025-09-06T18:13:39.922642,2:38:16,158.26666666666668,8.739413422920588,7,788,6.118554543845486,1.3034338490814985e-05,50.97914118839272,10,8.739413422920588,40.0,5.502973731775969,773.736088756868,1,0,0,0,1,"['옛날에 석상궁 가능할때가', '사기였는데', 'ㅋㅋㅋ']"
2025-09-06T18:13:45.019190,2:38:21,158.35,7.320963349783659,4,788,2.010698281118113,3.0459959025520697e-06,51.17217732993958,10,7.320963349783659,40.0,5.6726763585983715,774.5124798811812,0,0,0,0,0,"['돈많다', '아 9원', '9']"
2025-09-06T18:13:50.033753,2:38:26,158.43333333333334,7.60512676283484,5,788,2.7335595591836443,1.2069327570617486e-05,51.483760893895365,10,7.60512676283484,40.0,5.810408722738535,775.2612318930632,1,0,0,0,1,"['돈많다', '아 9원', '9']"
2025-09-06T18:13:55.040900,2:38:31,158.51666666666668,8.613213656798216,8,788,7.134790458079145,0.0001057950276670054,46.15994678459448,10,8.613213656798216,40.0,5.919367850464682,775.9851087037569,2,0,1,0,3,"['아 9원', '9', '9']"
2025-09-06T18:14:00.044412,2:38:36,158.6,8.900519057973689,9,788,9.40696311584153,9.985196691700763e-05,41.080420266423864,10,8.900519057973689,40.0,6.017431065418214,776.6865978333813,2,0,1,0,3,"['아 9원', '9', '9']"
2025-09-06T18:14:05.127998,2:38:41,158.68333333333334,8.242881538263884,7,786,4.78352070505178,9.467301891290658e-05,50.68611422288195,10,8.242881538263884,40.0,6.110687958876393,777.3679380500432,2,0,1,0,3,"['ㅋㅋㅋㅋㅋㅋ', '얼마나쏄까?', 'ㅋㅋㅋㅋ']"
2025-09-06T18:14:10.131391,2:38:46,158.76666666666668,9.263434668073675,9,786,8.66899258900189,0.00032875361712951507,47.291557604761614,10,9.263434668073675,40.0,6.194619162988754,778.021144245039,3,0,1,0,4,"['ㅋㅋㅋㅋㅋㅋ', '얼마나쏄까?', 'ㅋㅋㅋㅋ']"
2025-09-06T18:14:15.139265,2:38:51,158.85,13.26828768788478,11,786,15.137010610877766,0.00109228635544597,49.69897059535382,20,13.26828768788478,40.0,6.290157246689879,778.6490298205351,4,0,1,0,5,"['얼마나쏄까?', 'ㅋㅋㅋㅋ', '완성~']"
2025-09-06T18:14:20.143322,2:38:56,158.93333333333334,11.78272557217905,10,786,10.625892600375215,0.00028067627109796194,50.63550891539286,20,11.78272557217905,40.0,6.411141522020891,779.2541268384816,3,0,1,0,4,"['얼마나쏄까?', 'ㅋㅋㅋㅋ', '완성~']"
2025-09-06T18:14:25.222211,2:39:01,159.01666666666668,8.54415357548876,8,786,5.54522663927148,3.504264098070167e-05,51.033102346873484,10,8.54415357548876,40.0,6.550027369818802,779.8387141546335,2,0,0,0,2,"['녹겠는데', '드래프터만 조심하면 다 이길듯', 'ㅋㅋㅋㅋㅋㅋㅋㅋㅋㅋㅋㅋ']"
2025-09-06T18:14:30.320651,2:39:06,159.1,8.447257277474701,8,786,5.276181989822868,0.00011008558527392878,51.005495468025885,10,8.447257277474701,40.0,6.690024632836922,780.4048427391701,3,0,0,0,3,"['드래프터만 조심하면 다 이길듯', 'ㅋㅋㅋㅋㅋㅋㅋㅋㅋㅋㅋㅋ', '그래도 제법 버티네[']"
2025-09-06T18:14:35.342483,2:39:11,159.18333333333334,10.60894174899325,11,786,11.741604882625378,0.0010728203278562824,49.989509119432235,10,10.60894174899325,40.0,6.821022169553229,780.9543584652532,5,0,0,0,5,"['그래도 제법 버티네[', 'ㅋㅋㅋㅋㅋㅋㅋㅋㅋㅋ', '튼튼한거봐']"
2025-09-06T18:14:40.418186,2:39:16,159.26666666666668,8.829461024423072,9,786,6.375910354208031,0.00019659392140854994,50.97813762881698,10,8.829461024423072,40.0,6.958919952597907,781.4889226187279,3,0,1,0,4,"['튼튼한거봐', '죽음의 무도 삭제좀', '타워는잘까네']"
2025-09-06T18:14:45.421612,2:39:21,159.35,8.185953981909229,8,786,4.628488571230501,0.00018222332539819035,50.65910092648393,10,8.185953981909229,40.0,7.088027957338117,782.0100303568552,3,0,1,0,4,"['죽음의 무도 삭제좀', '타워는잘까네', 'ㅋㅋㅋㅋㅋㅋㅋㅋㅋㅋㅋㅋ']"
2025-09-06T18:14:50.427461,2:39:26,159.43333333333334,8.12932293179686,8,786,4.466698870114427,0.00017058652104095997,50.65910092648393,10,8.12932293179686,40.0,7.204225161604305,782.5190273211697,3,0,1,0,4,"['죽음의 무도 삭제좀', '타워는잘까네', 'ㅋㅋㅋㅋㅋㅋㅋㅋㅋㅋㅋㅋ']"
2025-09-06T18:14:55.523116,2:39:31,159.51666666666668,7.790164057331641,7,786,3.314855171195262,0.00016147681377928996,51.29900156687787,10,7.790164057331641,40.0,7.303802645443875,782.9671245890528,3,0,1,0,4,"['ㅋㅋㅋㅋㅋㅋㅋㅋㅋㅋㅋㅋ', '소리봐', 'ㅋㅋㅋㅋㅋㅋㅋㅋㅋㅋ']"
2025-09-06T18:15:00.543605,2:39:36,159.6,8.10295329781203,8,786,4.243368651981159,5.245546557511122e-05,51.177532874323944,10,8.10295329781203,40.0,7.378422380899488,783.3604121301476,2,0,1,0,3,"['소리봐', 'ㅋㅋㅋㅋㅋㅋㅋㅋㅋㅋ', 'ㅋㅋㅋㅋㅋㅋㅋㅋㅋㅋㅋㅋㅋ']"
2025-09-06T18:15:05.546405,2:39:41,159.68333333333334,7.0882363231086325,5,790,1.8812664656706533,5.961768934067314e-06,49.2979067541633,10,7.0882363231086325,40.0,7.44558014280954,783.7043709171328,0,0,1,0,1,"['진짜 전기톱이네', '도탄?', '억제탄']"
2025-09-06T18:15:10.621403,2:39:46,159.76666666666668,6.07877674673711,7,790,3.1622494488484825,3.0459959025520697e-06,34.7198822124178,10,6.07877674673711,40.0,7.491022128528586,784.0239338254196,0,0,0,0,0,"['도탄?', '억제탄', '억제탄 어떰']"
2025-09-06T18:15:15.628606,2:39:51,159.85,5.967874820507143,8,790,4.063652571647652,3.0459959025520697e-06,30.455952020321043,10,5.967874820507143,40.0,7.5319199156757275,784.3215404428777,0,0,0,0,0,"['도탄?', '억제탄', '억제탄 어떰']"
2025-09-06T18:15:20.639125,2:39:56,159.93333333333334,6.71033262931447,9,790,5.2156917155240965,3.0459959025520697e-06,33.84839310482675,10,6.71033262931447,40.0,7.563727924108155,784.59938639859,0,0,0,0,0,"['도탄?', '억제탄', '억제탄 어떰']"
2025-09-06T18:15:25.718826,2:40:01,160.01666666666668,5.949977171780653,8,790,3.9860345044668932,3.0459959025520697e-06,30.5486387681888,10,5.949977171780653,40.0,7.60235513169734,784.8594477587311,0,0,0,0,0,"['억제탄', '억제탄 어떰', '맞다이용으로']"
2025-09-06T18:15:30.740602,2:40:07,160.11666666666667,6.384002910080326,6,790,2.3482620887743626,3.0459959025520697e-06,40.62109960610939,10,6.384002910080326,40.0,7.657119618527607,785.103502982858,0,0,0,0,0,"['맞다이용으로', '침묵탄이나', '녹템']"
2025-09-06T18:15:35.746870,2:40:12,160.2,7.0419353617889096,5,790,1.7969167491650777,3.0459959025520697e-06,49.130132811827714,10,7.0419353617889096,40.0,7.711407656674846,785.3331526845723,0,0,0,0,0,"['녹템', '깡공이라 침묵탄은 별론가', '억제탄은 녹템']"
2025-09-06T18:15:40.837236,2:40:17,160.28333333333333,7.40377883015173,6,790,2.3072295428708833,8.55671843283594e-06,50.96245067459547,10,7.40377883015173,40.0,7.745266891007361,785.5498374161151,1,0,0,0,1,"['억제탄은 녹템', '왔다', '아']"
2025-09-06T18:15:45.922826,2:40:22,160.36666666666667,7.031852405512882,5,790,1.7822967161323502,8.53911514380975e-06,49.08045139220501,10,7.031852405512882,40.0,7.760740201906625,785.7548536745036,1,0,0,0,1,"['왔다', '아', 'ㅋㅋ']"
2025-09-06T18:15:50.931168,2:40:27,160.45,7.231420088560341,5,790,1.7811462452469122,1.6249771187145542e-05,51.080124028154465,10,7.231420088560341,40.0,7.764666181715963,785.9593683070532,1,0,1,0,2,"['아', 'ㅋㅋ', '2개 뜯겼다']"
2025-09-06T18:15:55.934452,2:40:32,160.53333333333333,7.654375210951091,7,790,2.974876794943003,4.579316106336326e-05,51.13150015456614,10,7.654375210951091,40.0,7.748199563544367,786.1634314763478,2,0,1,0,3,"['아', 'ㅋㅋ', '2개 뜯겼다']"
2025-09-06T18:16:01.022060,2:40:37,160.61666666666667,7.963348710942256,8,790,3.869396310061475,4.6356879229052975e-05,51.09041459669048,10,7.963348710942256,40.0,7.713379607189931,786.3670883287131,2,0,1,0,3,"['아', 'ㅋㅋ', '2개 뜯겼다']"
2025-09-06T18:16:06.029564,2:40:42,160.7,7.673392304964629,7,791,3.0279011836553558,4.7041919482014134e-05,51.13608073917462,10,7.673392304964629,40.0,7.672041646470937,786.5703794958418,2,0,1,0,3,"['ㅋㅋ', '2개 뜯겼다', '재사용을 갔네']"
2025-09-06T18:16:11.044060,2:40:47,160.78333333333333,7.094107388839142,4,791,1.4046448405308454,1.6737721065703436e-05,51.0247499956492,10,7.094107388839142,40.0,7.629837481823843,786.7783415462577,1,0,1,0,2,"['사거리가 진짜 문제인가?', '드리프터땜에 억제탄 가는게 맞아보임', 'ㅋㅋㅋㅋㅋㅋㅋㅋㅋㅋㅋㅋㅋㅋㅋㅋ']"
2025-09-06T18:16:16.118548,2:40:52,160.86666666666667,7.098042728833366,4,791,1.415888417864323,1.695753983111169e-05,51.0247499956492,10,7.098042728833366,40.0,7.5718537336414595,786.9905073916319,1,0,1,0,2,"['사거리가 진짜 문제인가?', '드리프터땜에 억제탄 가는게 맞아보임', 'ㅋㅋㅋㅋㅋㅋㅋㅋㅋㅋㅋㅋㅋㅋㅋㅋ']"
2025-09-06T18:16:21.133180,2:40:57,160.95,7.113265235235521,3,791,1.099049471684354,8.870041839250161e-06,52.28594372129261,10,7.113265235235521,40.0,7.484668360277314,787.2064566524687,1,0,0,0,1,"['ㅋㅋㅋㅋㅋㅋㅋㅋㅋㅋㅋㅋㅋㅋㅋㅋ', '파닥파닥', '어매']"
2025-09-06T18:16:26.238245,2:41:02,161.03333333333333,7.5528316696468005,6,791,2.4908856533634616,3.0459959025520697e-06,51.810204725712275,10,7.5528316696468005,40.0,7.376201524249582,787.4258109872219,0,0,0,0,0,"['파닥파닥', '어매', '?']"
2025-09-06T18:16:31.241946,2:41:07,161.11666666666667,8.07118191369262,8,791,4.381628793307095,3.0459959025520697e-06,50.37610617636776,10,8.07118191369262,40.0,7.268581371824625,787.6482298884997,0,0,0,0,0,"['어매', '?', '전 멸']"
2025-09-06T18:16:36.319775,2:41:12,161.2,9.048262781102052,10,791,7.748761970343004,8.083972493654706e-06,48.361928578930026,10,9.048262781102052,40.0,7.171723234642162,787.8734068996498,0,1,0,0,1,"['어매', '?', '전 멸']"
2025-09-06T18:16:41.331378,2:41:17,161.28333333333333,10.10105810381379,11,791,10.418732012364073,1.6511805311221606e-05,49.5449529476424,10,10.10105810381379,40.0,7.099550911177946,788.1010662096849,0,1,1,0,2,"['?', '전 멸', '이건 좀 위험한디']"
2025-09-06T18:16:46.523703,2:41:22,161.36666666666667,16.964791863303837,15,791,29.75004901556952,0.0013575835706385157,50.5173167442625,10,16.964791863303837,40.0,7.049595820060152,788.3309595887164,3,2,1,0,6,"['전멸', '분 머 전 띨', '한번은 막겠네']"
2025-09-06T18:16:51.625942,2:41:27,161.45,19.70251832288744,16,791,37.57199498303581,0.008534119187588202,50.48906431149871,10,19.70251832288744,40.0,7.054636238054137,788.5428636298448,4,2,2,0,8,"['한번은 막겠네', '오겠네', '패트론남아있어서']"
2025-09-06T18:16:56.721419,2:41:33,161.55,10.196336608758255,11,791,10.39884046750761,0.008074602319667574,50.535126042027244,10,10.196336608758255,40.0,7.104172614248723,788.7385772668604,4,2,2,0,8,"['한번은 막겠네', '오겠네', '패트론남아있어서']"
2025-09-06T18:17:01.726023,2:41:38,161.63333333333333,7.76109723802887,7,791,3.439251282194726,0.002846375194111006,50.56220739183072,10,7.76109723802887,40.0,7.16375535282385,788.9197195401744,4,1,2,0,7,"['헉', 'ㅋㅋㅋㅋㅋㅋㅋㅋㅋㅋㅋ', '굿바이~']"
2025-09-06T18:17:06.730078,2:41:43,161.71666666666667,8.195689963531212,8,840,4.462455772128929,0.007212751466041347,51.30945342699669,10,8.195689963531212,40.0,7.207379817541465,789.0877475861569,4,2,2,0,8,"['헉', 'ㅋㅋㅋㅋㅋㅋㅋㅋㅋㅋㅋ', '굿바이~']"
2025-09-06T18:17:11.835090,2:41:48,161.8,7.546866317980468,6,840,2.5634568229950827,0.0011501011289814169,51.49196389480597,10,7.546866317980468,40.0,7.246641835787319,789.4889728275411,3,2,1,0,6,"['굿바이~', 'ㅋㅋㅋㅋㅋㅋㅋㅋㅋㅋㅋㅋㅋ', '오우 ㅋㅋㅋㅋㅋㅋ']"
2025-09-06T18:17:16.924560,2:41:53,161.88333333333333,7.128434379097456,3,840,1.1237091676796696,4.748122314415722e-05,52.351171779203135,10,7.128434379097456,40.0,7.281977652208587,790.1000755447872,1,1,1,0,3,"['진짜 죽을뻔했네', 'ㅋㅋㅋㅌㅌㅌㅌㅌㅌㅌㅌ', '와']"
2025-09-06T18:17:21.932673,2:41:58,161.96666666666667,6.727429674213098,1,840,0.6497899919679773,7.942560765128203e-06,50.0,10,6.727429674213098,40.0,7.303779886987728,790.9000679903086,0,1,0,0,1,['와']
2025-09-06T18:17:26.936196,2:42:03,162.05,7.233196456949778,3,840,1.121639176655358,7.948171973112343e-06,53.40619565851613,10,7.233196456949778,40.0,7.298401898288956,791.8700611912777,0,1,0,0,1,"['와', '유리대포 이런것도 괜찮고', '도탄에 스태틱이면 걍 평타가 미나궁이겠는데']"
2025-09-06T18:17:31.939436,2:42:08,162.13333333333333,7.233850884687116,3,840,1.1235089524221604,7.963719365899053e-06,53.40619565851613,10,7.233850884687116,40.0,7.283561708460061,792.9930550721499,0,1,0,0,1,"['와', '유리대포 이런것도 괜찮고', '도탄에 스태틱이면 걍 평타가 미나궁이겠는데']"
2025-09-06T18:17:36.942705,2:42:13,162.21666666666667,6.835094314338037,2,840,0.8563935910867093,3.0459959025520697e-06,50.35355339059328,10,6.835094314338037,40.0,7.2602055376140555,794.2537495649349,0,0,0,0,0,"['유리대포 이런것도 괜찮고', '도탄에 스태틱이면 걍 평타가 미나궁이겠는데']"
2025-09-06T18:17:42.020897,2:42:18,162.3,6.836145090781119,2,840,0.8593958094955138,3.0459959025520697e-06,50.35355339059328,10,6.836145090781119,40.0,7.2141849838526495,795.6383746084414,0,0,0,0,0,"['유리대포 이런것도 괜찮고', '도탄에 스태틱이면 걍 평타가 미나궁이겠는데']"
2025-09-06T18:17:47.024982,2:42:23,162.38333333333333,7.220059045032715,3,840,1.1417962590416049,3.0459959025520697e-06,53.20429135969792,10,7.220059045032715,40.0,7.142766485467385,797.1345371475973,0,0,0,0,0,"['유리대포 이런것도 괜찮고', '도탄에 스태틱이면 걍 평타가 미나궁이겠는데', '불굴 빼고?']"
2025-09-06T18:17:52.028730,2:42:28,162.46666666666667,7.651018977412128,6,840,2.677595869451106,8.211547796836629e-06,52.13857138485122,10,7.651018977412128,40.0,7.058489836920647,798.7260834328376,0,1,0,0,1,"['유리대포 이런것도 괜찮고', '도탄에 스태틱이면 걍 평타가 미나궁이겠는데', '불굴 빼고?']"
2025-09-06T18:17:57.032555,2:42:33,162.55,6.496254339769971,6,840,2.720220042586673,8.28859353025848e-06,40.441740094272234,10,6.496254339769971,40.0,6.992640853228583,800.4034750895539,0,1,0,0,1,"['불굴 빼고?', '칸이 되나', '뭐팕[']"
2025-09-06T18:18:02.134952,2:42:38,162.63333333333333,6.250300960399434,7,840,3.6553129806760314,8.347673539263847e-06,34.70938078093407,10,6.250300960399434,40.0,6.9433767679057246,802.1581275805986,0,1,0,0,1,"['불굴 빼고?', '칸이 되나', '뭐팕[']"
2025-09-06T18:18:07.139079,2:42:43,162.71666666666667,6.259239313174247,7,870,3.6808510975699087,8.377328431604698e-06,34.70938078093407,10,6.259239313174247,40.0,6.9190390911151525,803.9823148225387,0,1,0,0,1,"['불굴 빼고?', '칸이 되나', '뭐팕[']"
2025-09-06T18:18:12.143162,2:42:48,162.8,6.265520942180318,7,870,3.698798585264297,8.3981110189045e-06,34.70938078093407,10,6.265520942180318,40.0,6.902135182003637,806.0190833402849,0,1,0,0,1,"['불굴 빼고?', '칸이 되나', '뭐팕[']"
2025-09-06T18:18:17.231287,2:42:53,162.88333333333333,6.178353398732529,5,870,2.097730051016667,8.423164920321293e-06,24.441445116107275,20,6.178353398732529,40.0,6.881921663803274,808.2471750062564,0,1,0,0,1,"['뭐팕[', '억제탄ㄱㄱ', '독성보단 억제가 나아요']"
2025-09-06T18:18:22.236185,2:42:58,162.96666666666667,5.451187224544447,3,870,1.1849857669328214,3.0459959025520697e-06,20.364409877195982,20,5.451187224544447,40.0,6.838729497422946,810.6474575056308,0,0,0,0,0,"['독성보단 억제가 나아요', '딜감도 있어서', '녹템']"
2025-09-06T18:18:32.319124,2:43:08,163.13333333333333,8.31569757852674,2,870,0.8918801879009397,9.947138693223777e-06,50.03535533905933,20,8.31569757852674,40.0,6.759856547680652,813.2027117550678,1,0,0,0,1,"['치감중복인데', 'ㅋㅋㅋㅋㅋ']"
2025-09-06T18:18:37.329409,2:43:13,163.21666666666667,8.448350690122002,3,870,1.2189850035455656,1.0191773570929614e-05,50.21701862171626,20,8.448350690122002,40.0,6.623870892912587,815.897440579561,1,0,0,0,1,"['치감중복인데', 'ㅋㅋㅋㅋㅋ', '아프지~']"
2025-09-06T18:18:42.340429,2:43:18,163.3,8.459680316302686,3,870,1.2513549472227259,1.0556507765441569e-05,50.21701862171626,20,8.459680316302686,40.0,6.436483803621328,818.7176965216049,1,0,0,0,1,"['치감중복인데', 'ㅋㅋㅋㅋㅋ', '아프지~']"
2025-09-06T18:18:47.420531,2:43:23,163.38333333333333,8.47348485651138,3,870,1.290795977690793,1.1005369939294266e-05,50.21701862171626,20,8.47348485651138,40.0,6.227835423259195,821.6509268694444,1,0,0,0,1,"['치감중복인데', 'ㅋㅋㅋㅋㅋ', '아프지~']"
2025-09-06T18:18:52.437761,2:43:28,163.46666666666667,8.852376963546208,5,870,2.5765878249717873,1.1504290686487632e-05,49.50566623089807,20,8.852376963546208,40.0,6.020051880933275,824.6858341825001,1,0,0,0,1,"['치감중복인데', 'ㅋㅋㅋㅋㅋ', '아프지~']"
2025-09-06T18:18:57.520934,2:43:33,163.55,20.165670087831842,13,870,35.56520862672264,0.0008852147127889466,47.174929825938044,20,20.165670087831842,40.0,5.818046692839948,827.5672507642502,2,1,2,0,5,"['소리봐', 'ㄹㅇ 전기톱인데', 'ㅋㅋㅋㅋㅋㅋ 연사속도 뭐야']"
2025-09-06T18:19:02.528992,2:43:38,163.63333333333333,18.242978988186472,12,857,29.155187300825048,0.001025211275996464,50.38253348387307,20,18.242978988186472,40.0,5.671242023555953,830.3105256878251,2,1,2,0,5,"['ㅋㅋㅋㅋㅋㅋ 연사속도 뭐야', '와 무슨 톱소리가', '미니건인데']"
2025-09-06T18:19:07.532434,2:43:43,163.71666666666667,27.065400806641744,14,857,54.34931599106599,0.0011226415790296018,50.42691153137036,20,27.065400806641744,40.0,5.584117821200358,832.8644731190427,2,1,2,0,5,"['미니건인데', '소리 이상한데', '전기톱이네']"
2025-09-06T18:19:12.535859,2:43:48,163.8,43.08985604607845,19,857,100.0,0.07069005205744844,50.615800252554706,20,43.08985604607845,40.0,5.5707060390803225,835.2480258071384,4,2,2,0,8,"['이정도면', '무슨 발칸포 소리가 남 ㅋㅋㅋㅋ', '히틀러의 전기톱']"
2025-09-06T18:19:17.546402,2:43:53,163.88333333333333,42.96684553179838,20,857,100.0,0.25853807598584155,48.63430301404034,20,42.96684553179838,40.0,5.63863543517229,837.4782232264246,5,2,2,0,9,"['무슨 발칸포 소리가 남 ㅋㅋㅋㅋ', '히틀러의 전기톱', '유리머포마렵네']"
2025-09-06T18:19:22.626176,2:43:58,163.96666666666667,40.876293447304505,17,857,93.88267557743804,0.024411859850853118,50.075922512608564,20,40.876293447304505,40.0,5.784771891655061,839.5704009037821,5,1,1,0,7,"['히틀러의 전기톱', '유리머포마렵네', '노르망디의 추억']"
2025-09-06T18:19:27.630000,2:44:03,164.05,27.00265112952787,15,857,54.07443873996167,0.007773720453611317,50.73488082359841,20,27.00265112952787,40.0,5.991294702489555,841.5383608134039,5,1,0,0,6,"['brrrrrrrrrrrrrrr!!하면서 쏘네 ㅋㅋㅋㅋㅋㅋㅋㅋ', '판-금', 'ㅈㄴ 약해ㅔ']"
2025-09-06T18:19:32.633876,2:44:08,164.13333333333333,17.712870830372445,13,857,27.533997095858155,0.0015744355442186921,50.753420726044034,20,17.712870830372445,40.0,6.2421652322406,843.3945247320635,4,1,0,0,5,"['brrrrrrrrrrrrrrr!!하면서 쏘네 ㅋㅋㅋㅋㅋㅋㅋㅋ', '판-금', 'ㅈㄴ 약해ㅔ']"
2025-09-06T18:19:37.742973,2:44:14,164.23333333333332,12.789974551599638,11,857,13.51305536955837,3.546647137978537e-05,50.60390985665658,20,12.789974551599638,40.0,6.51794870901654,845.1500722588572,2,0,0,0,2,"['ㅈㄴ 약해ㅔ', '?', 'ㅋㅋㅋㅋㅋㅋㅋㅋㅋㅋ']"
2025-09-06T18:19:42.824796,2:44:19,164.31666666666666,10.435811933737341,9,857,6.782353331261678,0.00010435896908103961,50.61946524208121,20,10.435811933737341,40.0,6.791153838114886,846.8150650329715,3,0,0,0,3,"['ㅋㅋㅋㅋㅋㅋㅋㅋㅋㅋ', 'ㅋㅋㅋㅋ', '갈아버리네']"
2025-09-06T18:19:47.923456,2:44:24,164.4,9.308365430592673,7,857,3.5454764705623663,9.471162352241554e-06,50.67444877430905,20,9.308365430592673,40.0,7.052038454303398,848.3985585296743,1,0,0,0,1,"['갈아버리네', '생각보다 노딜이네', '소리만큼']"
2025-09-06T18:19:53.938785,2:44:30,164.5,9.239297984022638,7,857,3.329437107516886,9.131210540891686e-06,50.73991343907511,20,9.239297984022638,40.0,7.2868346088730584,849.908702676707,1,0,0,0,1,"['소리만큼', '판금이라', '사거리가 짧나?']"
2025-09-06T18:19:59.235632,2:44:35,164.58333333333334,9.938242753049783,9,857,5.32246375505101,0.0001902196545267094,50.753043509201184,20,9.938242753049783,40.0,7.498151147985753,851.2028324090363,3,1,0,0,4,"['사거리가 짧나?', '사정거리에 따라서 뎀감이 큰편이라', '이속 개빨라ㅋㅋㅋ']"
2025-09-06T18:20:04.238673,2:44:40,164.66666666666666,10.973423981720714,11,841,8.279630323548488,0.0022953134428513604,50.74635243101603,20,10.973423981720714,40.0,7.698336033187179,852.3025491681327,4,2,1,0,7,"['이속 개빨라ㅋㅋㅋ', '또살아', '딜뻥하는중']"
2025-09-06T18:20:09.248685,2:44:45,164.75,10.763865350967741,11,841,7.697427688811322,0.001924793532134626,50.689957424709235,20,10.763865350967741,40.0,7.908502429868461,853.1472942513195,4,2,1,0,7,"['또살아', '딜뻥하는중', 'ㅋㅋㅋㅋㅋㅋㅋㅋㅋㅋㅋㅋㅋㅋㅋ']"
2025-09-06T18:20:14.319381,2:44:50,164.83333333333334,12.046155086520075,13,841,11.411182639144627,0.007930445845131476,50.49068984481403,20,12.046155086520075,40.0,8.137652186881615,853.7625648261876,5,2,2,0,9,"['ㅋㅋㅋㅋㅋㅋㅋㅋㅋㅋ', '아오', '빅터 개 단단하네']"
2025-09-06T18:20:19.331907,2:44:55,164.91666666666666,12.32725278369363,14,841,12.999201810595812,0.01609577205319458,47.710938411638175,20,12.32725278369363,40.0,8.398886968193453,854.1713083435689,6,2,2,0,10,"['빅터 개 단단하네', '개독하네', '저게 어떻게 저렇게 오래사냐']"
2025-09-06T18:20:24.423021,2:45:00,165.0,11.585546618098547,11,841,6.046947315627457,0.0019174471887600162,49.68348078753432,30,11.585546618098547,40.0,8.688998271374109,854.394177509212,4,2,2,0,8,"['빅터 개 단단하네', '개독하네', '저게 어떻게 저렇게 오래사냐']"
2025-09-06T18:20:29.427556,2:45:05,165.08333333333334,10.513999132430493,9,841,3.6050316329146286,0.001726977515335472,47.515472699042384,30,10.513999132430493,40.0,8.990098444236697,854.4497597582908,5,1,2,0,8,"['저게 어떻게 저렇게 오래사냐', 'ㅋㅋㅋㅋㅋㅋㅋㅋㅋㅋㅋㅋ', '요시야 이게 맞냐']"
2025-09-06T18:20:34.522172,2:45:10,165.16666666666666,10.542954934337391,8,841,2.7363404838138,0.00027985934312411753,50.851238212653115,30,10.542954934337391,40.0,9.291088599813026,854.3547837824618,4,0,2,0,6,"['요시야 이게 맞냐', '진짜 겁나 안뒤지네', 'ㅋㅋㅋㅋㅋ']"
2025-09-06T18:20:39.546706,2:45:15,165.25,10.502602244333687,8,841,2.60101006557398,0.0001450760599081849,50.921906909588316,30,10.502602244333687,40.0,9.576979739831724,854.1243054042156,4,0,1,0,5,"['ㅋㅋㅋㅋㅋ', 'ㅋㅋㅋㅋ', '일단 다 박는다는 가정하에 살살 녹긴하네']"
2025-09-06T18:20:44.619214,2:45:20,165.33333333333334,11.532305085566406,12,841,5.566424366545706,2.5910733859371757e-05,50.84046192981865,30,11.532305085566406,40.0,9.809281765848551,853.7718748637942,2,0,1,0,3,"['ㅋㅋㅋㅋㅋ', '진짜 스프레이네', '으악']"
2025-09-06T18:20:49.640088,2:45:25,165.41666666666666,11.804402030450213,13,841,6.429386879200805,1.1150075545231414e-05,50.541121626997125,30,11.804402030450213,40.0,10.018353589263695,853.3746873774148,1,0,1,0,2,"['죽어욧', '으악', '아']"
2025-09-06T18:20:54.643201,2:45:30,165.5,13.333495076078735,16,841,10.800475354161614,2.386337680275804e-05,50.53319156771449,30,13.333495076078735,40.0,10.201518230337326,852.9372186396733,2,0,1,0,3,"['까비', '공격을 멎추면 바로 죽는', 'ㄲㅂ']"
2025-09-06T18:20:59.719927,2:45:35,165.58333333333334,15.496922512097726,19,841,17.75010986319589,2.3162752309707602e-05,47.8437479487824,30,15.496922512097726,40.0,10.351366407303594,852.4634967757061,2,0,1,0,3,"['석상 쿨 됐는데 까비', '그래도 뎀지 살발하게 나온다', '아붕이 죽어욧 ㅠ']"
2025-09-06T18:21:04.740723,2:45:41,165.68333333333334,14.929641033865817,19,848,17.02804442338316,1.4018337322802846e-05,44.698198783467824,30,14.929641033865817,40.0,10.481229766573236,851.9571470981355,2,0,0,0,2,"['그래도 뎀지 살발하게 나온다', '아붕이 죽어욧 ㅠ', 'ㅋㅋㅋㅋㅋㅋㅋㅋㅋ']"
2025-09-06T18:21:09.819270,2:45:46,165.76666666666668,14.035026917091862,18,848,13.745929027419598,5.151399385338236e-05,47.23931151897463,30,14.035026917091862,40.0,10.608106789915913,851.456432388322,2,2,0,0,4,"['ㅋㅋㅋㅋㅋㅋㅋㅋㅋ', '딜 많이 넣긴 했는데', '뭔가 뭔가임']"
2025-09-06T18:21:14.936389,2:45:51,165.85,12.090854129829559,15,848,7.78810737129559,0.00010488803391079567,48.64974594662537,30,12.090854129829559,40.0,10.737296110924321,850.9607891494898,3,2,0,0,5,"['뭔가 뭔가임', '갑자기 약체무효를 가고싶지 않나요?', '지금은 디버프보고 가는거라']"
2025-09-06T18:21:19.940260,2:45:56,165.93333333333334,11.114536807873954,12,848,4.415891495018409,0.0001006609426614726,50.68934520240447,30,11.114536807873954,40.0,10.86356649983189,850.4697102345408,3,2,0,0,5,"['뭔가 뭔가임', '갑자기 약체무효를 가고싶지 않나요?', '지금은 디버프보고 가는거라']"
2025-09-06T18:21:25.029384,2:46:01,166.01666666666668,10.313057625355244,8,848,2.1056724520230716,4.6782927714773295e-05,50.760535539760824,30,10.313057625355244,40.0,10.9822098498487,849.9827392110867,2,2,0,0,4,"['지금은 디버프보고 가는거라', '실압딜은 좀 부족하네', '이걸 카트가 ㅋㅋ']"
2025-09-06T18:21:30.037045,2:46:06,166.1,10.082811510519495,5,848,1.2146160852889683,2.216851024833714e-05,51.57687013264257,30,10.082811510519495,40.0,11.08398886486383,849.499465289978,1,2,0,0,3,"['와 오랜만에 보는데 먼가 많이 바꼈네', '애는 딜런가 탱컨가 서포턴가', 'ㅋㅋㅋㅋㅋㅋㅋㅋ']"
2025-09-06T18:21:35.523582,2:46:11,166.18333333333334,9.86499277926384,5,848,1.206681976292458,6.2358499396461875e-06,49.42651593221504,30,9.86499277926384,40.0,11.165589978377447,849.0195187609803,1,0,0,0,1,"['애는 딜런가 탱컨가 서포턴가', 'ㅋㅋㅋㅋㅋㅋㅋㅋ', '도탄을 버리고 억제탄을?']"
2025-09-06T18:21:40.528439,2:46:16,166.26666666666668,9.128832315892563,6,848,1.4330213111013754,7.421466518306266e-06,41.272718884204735,30,9.128832315892563,40.0,11.229030980539703,848.5425668848823,1,0,0,1,2,"['ㅋㅋㅋㅋㅋㅋㅋㅋ', '도탄을 버리고 억제탄을?', '되는데 효율은 떨어짐']"
2025-09-06T18:21:45.532333,2:46:21,166.35,10.068407605184827,9,848,2.4185105662862747,3.6374119908190713e-06,47.21927452019834,30,10.068407605184827,40.0,11.271127882485732,848.068310196394,0,0,0,1,1,"['되는데 효율은 떨어짐', '중첩은 o', '중첩되나?']"
2025-09-06T18:21:50.635139,2:46:26,166.43333333333334,16.02699831507185,21,848,18.51046315450646,2.1346764426658768e-05,50.483276722888206,30,16.02699831507185,40.0,11.29901509423716,847.6764791767546,1,1,1,1,4,"['?', '?', '??']"
2025-09-06T18:21:55.746871,2:46:31,166.51666666666668,38.086438808273925,32,848,81.55418777342005,0.0001025740500359666,50.42432057956893,30,38.086438808273925,40.0,11.374113584813443,847.3588312590792,2,1,3,1,7,"['ㅗㅗㅗ', '?', '빅평']"
2025-09-06T18:22:00.819661,2:46:37,166.61666666666667,44.51360293224195,35,848,100.0,0.0001505690691058735,50.135427046143064,30,44.51360293224195,40.0,11.5367022263321,847.1079481331714,2,1,4,1,8,"['빅평', '?', '빅평']"
2025-09-06T18:22:05.823194,2:46:42,166.7,43.46002478647013,35,848,96.91228974956304,0.0002509065069873617,50.40623011520277,30,43.46002478647013,40.0,11.788032003698891,846.9171533198543,2,2,4,1,9,"['?', '빅평', 'ㅋㅋㅋㅋㅋㅋㅋㅋ']"
2025-09-06T18:22:10.828040,2:46:47,166.78333333333333,37.648585815212144,34,864,80.45388740667639,0.0003340470222503745,49.895916040665085,30,37.648585815212144,40.0,12.134228803329004,846.7804379878689,2,3,4,0,9,"['빅평', 'ㅋㅋㅋㅋㅋㅋㅋㅋ', '빅평 레전드']"
2025-09-06T18:22:15.835248,2:46:52,166.86666666666667,21.570761048871063,28,864,35.15514130862356,0.00028376374104883414,47.66348085356397,30,21.570761048871063,40.0,12.570805922996104,846.772394189082,2,3,4,0,9,"['빅평 레전드', '이건 빅평 아닌데?', '뭐야']"
2025-09-06T18:22:20.935073,2:46:57,166.95,11.523133221251753,16,864,5.581969244201176,0.00022151848588898825,50.69355378386985,30,11.523133221251753,40.0,13.063725330696494,846.8801547701738,4,2,2,0,8,"['뭐야', '빅평', '빅평']"
2025-09-06T18:22:25.943555,2:47:02,167.03333333333333,12.414402145097172,14,864,3.841065007422876,0.0009643029420304008,50.696436713223534,40,12.414402145097172,40.0,13.547352797626846,847.0921392931564,8,2,0,0,10,"['크악', 'ㅋㅋㅋㅋㅋㅋㅋㅋㅋㅋ', 'ㅋㅋㅋㅋㅋㅋㅋㅋㅋ']"
2025-09-06T18:22:31.038756,2:47:07,167.11666666666667,12.167496780137132,13,864,3.1288703631831094,0.0008028693177668699,50.72071005295936,40,12.167496780137132,40.0,13.992617517864163,847.3979253638407,8,2,0,0,10,"['ㅋㅋㅋㅋㅋㅋㅋㅋㅋㅋ', 'ㅋㅋㅋㅋㅋㅋㅋㅋㅋ', 'ㅋㅋㅋㅋㅋㅋㅋㅋㅋㅋㅋㅋㅋㅋ']"
2025-09-06T18:22:36.122917,2:47:12,167.2,12.104962564276613,13,864,2.9734635598970915,0.00042269775666184666,50.64081239209966,40,12.104962564276613,40.0,14.393355766077748,847.7881328274567,8,1,0,0,9,"['ㅋㅋㅋㅋㅋㅋㅋㅋㅋ', 'ㅋㅋㅋㅋㅋㅋㅋㅋㅋㅋㅋㅋㅋㅋ', 'ㅋㅋㅋㅋㅋㅋㅋㅋㅋㅋㅋ']"
2025-09-06T18:22:41.230872,2:47:17,167.28333333333333,11.939905622572706,12,864,2.494521893072776,0.00023416877669527267,50.667292924865556,40,11.939905622572706,40.0,14.739020189469974,848.254319544711,8,0,0,0,8,"['ㅋㅋㅋㅋㅋㅋㅋㅋㅋ', 'ㅋㅋㅋㅋㅋㅋㅋㅋㅋㅋㅋㅋㅋㅋ', 'ㅋㅋㅋㅋㅋㅋㅋㅋㅋㅋㅋ']"
2025-09-06T18:22:46.235317,2:47:22,167.36666666666667,11.920598474577094,12,864,2.4218296879633447,0.0001269002909223182,50.729073236735545,40,11.920598474577094,40.0,15.015118170522976,848.7888875902399,7,0,0,0,7,"['ㅋㅋㅋㅋㅋㅋㅋㅋㅋㅋㅋ', 'ㅋㅋㅋㅋㅋㅋㅋㅋㅋㅋㅋ', 'ㄹㅇㅋㅋ']"
2025-09-06T18:22:51.331580,2:47:27,167.45,12.336409062952304,16,864,3.973153545323572,0.00034438848307784357,49.456675666958226,40,12.336409062952304,40.0,15.22860635347068,849.349998831216,9,0,0,0,9,"['딜은 잘했네', '아이비는 외형보고 하는캐라', '절 대 아이비를 하지 마']"
2025-09-06T18:22:56.336184,2:47:32,167.53333333333333,11.999654039348375,13,864,2.6436105822517026,6.861679536273326e-05,50.74362888842134,40,11.999654039348375,40.0,15.410745718123612,849.9349989480944,6,0,0,0,6,"['래쉬가 저런판 잘 뒤집던데', 'ㅋㅋㅋㅋㅋㅋㅋㅋㅋㅋㅋㅋ', 'ㅋㅋㅋㅋㅋㅋㅋㅋㅋㅋㅋㅋ']"
2025-09-06T18:23:01.339431,2:47:37,167.61666666666667,12.77791528498843,18,864,4.886669099893849,0.00035360587653479256,50.67439657674968,40,12.77791528498843,40.0,15.564671146311252,850.541499053285,9,0,0,1,10,"['ㅋㅋㅋㅋㅋ', '외?모', 'ㅋㅋㅋㅋㅋㅋㅋㅋㅋㅋ']"
2025-09-06T18:23:06.342755,2:47:42,167.7,13.323619088896386,21,860,6.9080004224040605,0.000929093401956324,49.05447303694183,40,13.323619088896386,40.0,15.733204031680126,851.1673491479564,11,0,0,1,12,"['ㅋㅋㅋㅋㅋㅋㅋㅋㅋㅋ', 'ㅋㅋㅋㅋㅋㅋㅋㅋㅋㅋㅋㅋㅋ', '아이비는 딜보고 하는건 아니긴하지ㅋ']"
2025-09-06T18:23:11.419797,2:47:47,167.78333333333333,14.379382009894464,25,860,10.78037638585765,0.0008596265272324639,46.05906424233393,40,14.379382009894464,40.0,15.949883628512115,851.7906142331608,11,0,0,1,12,"['바이퍼 총은 좋지않나', '바이퍼 귀엽던데', '바이퍼는 총쓰는 근딜이라 ㅋㅋ']"
2025-09-06T18:23:16.428751,2:47:52,167.86666666666667,14.452739681426198,26,860,11.475707687355676,0.0007759018022059361,44.359316301308304,40,14.452739681426198,40.0,16.244895265660904,852.4115528098448,11,0,0,1,12,"['스피릿 바이퍼 해보실', '사실상 샷건이지', '압축딜은 세긴함ㅋㅋㅋㅋㅋㅋㅋㅋㅋㅋㅋㅋㅋ']"
2025-09-06T18:23:21.432671,2:47:57,167.95,13.66124655991375,23,860,7.5995853908791515,0.00021854010560365882,50.01304257063805,40,13.66124655991375,40.0,16.615405739094815,853.0303975288604,8,0,1,1,10,"['{:d_108:}', '1스 한무난사 재밌음', '우 둘다 상탈이네 반응이 온다']"
2025-09-06T18:23:26.437897,2:48:02,168.03333333333333,11.713121296689074,20,860,5.057971431487182,4.2760889802586366e-05,39.42814191312639,40,11.713121296689074,40.0,17.033865165185333,853.6473577759743,5,0,1,0,6,"['바이퍼는 사실 샷건이야', '수호자 때리고있는 애들 궁으로 집에 집어넣으면 다죽어서', '쌔긴함 생각보다']"
2025-09-06T18:23:31.441220,2:48:07,168.11666666666667,11.481640682566553,17,860,3.4137069331237795,2.5337677030147817e-05,42.86833120902418,40,11.481640682566553,40.0,17.4654786486668,854.262621998377,4,0,1,0,5,"['수호자 때리고있는 애들 궁으로 집에 집어넣으면 다죽어서', '쌔긴함 생각보다', '바로 역전함']"
2025-09-06T18:23:36.523132,2:48:12,168.2,11.55511253852293,20,860,4.5637727333151235,2.2930130106294918e-05,39.57782909810595,40,11.55511253852293,40.0,17.83393078380012,854.8763597985393,3,1,1,0,5,"['단검 계수가 별로여서 ㅋㅋ', '2스도 반피 훅 깔수 있어서', '알몸맬빵 VS 알몸에이프런']"
2025-09-06T18:23:41.526359,2:48:17,168.28333333333333,11.972424454922674,18,860,3.556290008437403,3.460587475392387e-05,47.2770910961968,40,11.972424454922674,40.0,18.105537705420108,855.4887238186853,4,1,1,0,6,"['알몸맬빵 VS 알몸에이프런', 'ㅋㅋㅋㅋㅋㅋㅋㅋ 파괴적이네 다', '비-밥']"
2025-09-06T18:23:46.530974,2:48:22,168.36666666666667,11.925058151356247,16,860,2.818238825888384,3.387945540382342e-05,49.386610105131496,40,11.925058151356247,40.0,18.264983934878096,856.0998514368168,4,1,1,0,6,"['ㅋㅋㅋㅋㅋㅋㅋㅋ 파괴적이네 다', '비-밥', '밥비']"
2025-09-06T18:23:51.539013,2:48:27,168.45,11.778891208855928,13,860,2.029595199972374,1.0694536216037804e-05,50.6852861105111,40,11.778891208855928,40.0,18.313485541390286,856.7098662931352,2,1,0,0,3,"['비-밥', '밥비', '밥비']"
2025-09-06T18:23:56.641240,2:48:32,168.53333333333333,11.63867943303963,11,860,1.641180700324551,1.0739776605928472e-05,50.64261892015395,40,11.63867943303963,40.0,18.25213698725126,857.2388796638218,2,1,0,0,3,"['비-밥', '밥비', '밥비']"
2025-09-06T18:24:01.817191,2:48:38,168.63333333333333,11.529256276362911,9,860,1.3303788000335781,6.972763348128398e-06,50.636209072458186,40,11.529256276362911,40.0,18.111923288526132,857.6949916974397,1,1,0,0,2,"['밥비', '밥비', '전 멜빵이 반응이 오네']"
2025-09-06T18:24:07.021754,2:48:43,168.71666666666667,11.50738738161715,5,878,0.8616382559396356,4.024368860432295e-06,52.058123822907326,40,11.50738738161715,40.0,17.950730959673518,858.0854925276957,0,0,1,0,1,"['폭탄밥 재밌든데', '폭밥', '또 뭐야']"
2025-09-06T18:24:12.038954,2:48:48,168.8,11.555576739378893,7,878,1.0845217342223947,4.036383055971334e-06,51.759925178478326,40,11.555576739378893,40.0,17.760657863706168,858.5069432749261,0,0,1,0,1,"['폭탄밥 재밌든데', '폭밥', '또 뭐야']"
2025-09-06T18:24:18.045261,2:48:54,168.9,11.438139044267935,6,878,0.9770740831306653,4.049415541437708e-06,50.96161495405984,40,11.438139044267935,40.0,17.55959207733555,858.9562489474336,0,0,1,0,1,"['또 뭐야', '!멤버', '칼리코 좋음? 두 판 해봤는데 잘 모르겠던데']"
2025-09-06T18:24:23.123947,2:48:59,168.98333333333332,11.516695040928308,8,878,1.2394030136359913,4.063798549112589e-06,50.82902360636291,40,11.516695040928308,40.0,17.343632869601997,859.4306240526902,0,0,1,0,1,"['또 뭐야', '!멤버', '칼리코 좋음? 두 판 해봤는데 잘 모르겠던데']"
2025-09-06T18:24:28.127201,2:49:04,169.06666666666666,10.847083998911158,10,878,1.5808674785337415,1.0379156238638512e-05,42.93776229761853,40,10.847083998911158,40.0,17.129269582641797,859.9275616474213,2,0,1,0,3,"['또 뭐야', '!멤버', '칼리코 좋음? 두 판 해봤는데 잘 모르겠던데']"
2025-09-06T18:24:33.130628,2:49:09,169.15,11.494961660855529,13,878,2.277169941555956,4.348454474499543e-05,46.97934787493046,40,11.494961660855529,40.0,16.926342624377618,860.4448054826792,5,0,1,0,6,"['밥 버프도 먹었겠다  날뛰어 보자구요', '엉만튀밥', '엉만튀밥']"
2025-09-06T18:24:38.224418,2:49:14,169.23333333333332,11.448005456202525,10,878,1.6253238867419515,3.327901065192427e-05,48.79128784238581,40,11.448005456202525,40.0,16.728708361939855,860.9803249344113,5,0,0,0,5,"['밥 버프도 먹었겠다  날뛰어 보자구요', '엉만튀밥', '엉만튀밥']"
2025-09-06T18:24:43.228627,2:49:19,169.31666666666666,11.65513355175888,10,878,1.6479591792746162,5.225518356926055e-05,50.78326936939335,40,11.65513355175888,40.0,16.53583752574587,861.5322924409702,5,1,0,0,6,"['엉만튀밥', '요즘은 뚱밥이지', '탱커처럼 쓰는 느낌이라']"
2025-09-06T18:24:48.232096,2:49:24,169.4,11.47652236971425,7,878,1.1620837017795993,5.423529836955329e-05,50.69771379972041,40,11.47652236971425,40.0,16.322253773171283,862.0990631968732,5,1,0,0,6,"['ㅋㅋㅋㅋㅋㅋ', 'ㅋㅋㅋㅋㅋㅋㅋㅋㅋㅋ', 'ㅋㅋㅋㅋㅋㅋㅋㅋㅋㅋ']"
2025-09-06T18:24:53.238504,2:49:29,169.48333333333332,11.482225845105507,7,878,1.1783763619567125,5.684612153759302e-05,50.69771379972041,40,11.482225845105507,40.0,16.060028395854154,862.6991568771859,5,1,0,0,6,"['ㅋㅋㅋㅋㅋㅋ', 'ㅋㅋㅋㅋㅋㅋㅋㅋㅋㅋ', 'ㅋㅋㅋㅋㅋㅋㅋㅋㅋㅋ']"
2025-09-06T18:24:58.430958,2:49:34,169.56666666666666,11.527060399601313,6,878,1.0572754570268472,3.632594579325126e-05,51.56999459263598,40,11.527060399601313,40.0,15.73402555626874,863.3292411894673,4,1,0,0,5,"['ㅋㅋㅋㅋㅋㅋㅋㅋㅋㅋ', 'ㅋㅋㅋㅋㅋㅋㅋㅋㅋㅋ', 'ㅋㅋㅋㅋㅋㅋㅋㅋㅋㅋ']"
2025-09-06T18:25:03.434633,2:49:39,169.65,11.633785749006863,8,876,1.3969489370286432,2.2979585516288308e-05,51.44844429212631,40,11.633785749006863,40.0,15.340623000641866,863.9863170705206,3,1,0,0,4,"['이슈 토일렛', '돌아오면 박수 쳐줘야됨?', 'ㅋㅋㅋㅋㅋ']"
2025-09-06T18:25:08.725762,2:49:45,169.75,11.549154728727391,8,876,1.439201328802264,1.5230763898435965e-05,50.454281713410396,40,11.549154728727391,40.0,14.911560700577681,864.6576853634687,3,0,0,0,3,"['ㅋㅋㅋㅋㅋ', 'ㅋㅋㅋㅋㅋㅋㅋㅋㅋㅋㅋㅋㅋㅋㅋㅋㅋㅋ', '그랩으로 치워']"
2025-09-06T18:25:13.838643,2:49:50,169.83333333333334,13.191191626697686,13,876,2.947223140530038,8.410696075448862e-05,46.5962988472787,50,13.191191626697686,40.0,14.465404630519913,865.3419168271217,6,0,0,0,6,"['ㅋㅋ', '적에게 안죽게', '그랩으로 포탑안에 넣어두자']"
2025-09-06T18:25:18.842804,2:49:55,169.91666666666666,13.681193563045165,17,876,5.429149389605942,0.0005131763056369969,42.807860061608295,50,13.681193563045165,40.0,14.043864167467923,866.0377251444096,9,0,0,0,9,"['hwa jang sil issue', 'ㅋㅋㅋㅋㅋㅋㅋ', '아군 그랩 되자너']"
2025-09-06T18:25:23.845666,2:50:00,170.0,15.910714094596196,23,876,13.447647954388934,0.018620475683309788,36.965891202867454,50,15.910714094596196,40.0,13.64947775072113,866.7439526299686,14,1,0,0,15,"['흐즈말라그~~', '어디 감히 큐를 돌리고 화장실을 ㅋㅋ', 'ㅋㅋㅋㅋㅋㅋㅋㅋㅋㅋㅋㅋㅋㅋㅋㅋㅋㅋ']"
2025-09-06T18:25:28.923399,2:50:05,170.08333333333334,16.810013171402318,23,876,14.53340920840529,0.012675064917826311,42.182499224933366,50,16.810013171402318,40.0,13.319529975649019,867.4595573669717,13,1,0,0,14,"['ㅋㅋㅋㅋㅋㅋㅋㅋㅋㅋㅋㅋㅋㅋㅋㅋ', 'ㅈㄴ 웃기네', '아 갔다와서 큐돌리라고 ㅋㅋ']"
2025-09-06T18:25:33.933940,2:50:10,170.16666666666666,15.936820899031757,21,876,11.644723980552639,0.05100742584761502,43.407645354992866,50,15.936820899031757,40.0,13.057576978084118,868.1836016302746,15,1,0,0,16,"['아 갔다와서 큐돌리라고 ㅋㅋ', 'ㅋㅋㅋㅋㅋㅋㅋㅋ', 'ㅋㅋㅋㅋㅋㅋㅋㅋㅋㅋ 문도가 막네']"
2025-09-06T18:25:38.942842,2:50:15,170.25,21.347835256176438,26,876,24.757851041461258,2.4404978827700994,42.06388238556961,50,21.347835256176438,40.0,12.861819280275705,868.9152414672471,21,1,0,0,22,"['ㅋㅋㅋㅋㅋㅋㅋㅋㅋㅋㅋㅋㅋㅋㅋㅋㅋ', 'ㅋㅋㅋㅋㅋㅋㅋㅋㅋㅋㅋㅋㅋㅋㅋㅋㅋㅋㅋㅋ', 'ㅋㅋㅋㅋㅋㅋㅋㅋㅋㅋㅋㅋㅋㅋ에이브람스 개웃ㄱ리네']"
2025-09-06T18:25:44.122478,2:50:20,170.33333333333334,23.541240011825366,27,876,29.15235609983554,5.02217106601379,38.29046950477411,50,23.541240011825366,40.0,12.760637352248136,869.6537173205224,22,1,0,0,23,"['ㅋㅋㅋㅋㅋㅋㅋㅋㅋㅋㅋㅋㅋㅋㅋ', 'ㅋㅋㅋㅋㅋㅋㅋㅋㅋㅋㅋㅋㅋㅋㅋㅋㅋㅋㅋㅋㅋㅋ', '너무 하네 ㅋㅋㅋ']"
2025-09-06T18:25:49.216507,2:50:25,170.41666666666666,17.933481648718665,23,876,16.713038480663837,0.24237923554283305,44.869664862691884,50,17.933481648718665,40.0,12.759573617023323,870.3983455884703,18,0,0,0,18,"['ㅋㅋㅋㅋㅋㅋㅋㅋㅋ', '에이브람스가 막아주는게 개 웃기네 ㅋㅋㅋㅋㅋㅋ', '에브람스는 말렸어']"
2025-09-06T18:25:54.220719,2:50:30,170.5,16.139791025584955,21,876,12.231841320936473,0.034654461641956104,43.447847786004054,50,16.139791025584955,40.0,12.84861625532099,871.0585110296233,15,0,0,0,15,"['에이브람스가 막아주는게 개 웃기네 ㅋㅋㅋㅋㅋㅋ', '에브람스는 말렸어', '라인전 조졋네']"
2025-09-06T18:25:59.226217,2:50:35,170.58333333333334,15.083157598078227,19,876,8.816210996235274,0.016813776862222133,44.907582386509915,50,15.083157598078227,40.0,12.998754629788893,871.642659926661,14,0,0,0,14,"['에브람스는 말렸어', '라인전 조졋네', 'ㅋㅋㅋㅋㅋㅋㅋㅋㅋㅋㅋ']"
2025-09-06T18:26:04.237638,2:50:40,170.66666666666666,16.367634264715356,21,876,11.27278106309601,0.0080485289709229,49.18941481043383,50,16.367634264715356,40.0,13.198879166810004,872.1583939339951,13,0,0,0,13,"['ㅋㅋㅋㅋㅋㅋㅋㅋㅋㅋ', '도어맨 100% 아시아인이다', 'ㅋㅋㅋㅋㅋㅋㅋㅋㅋㅋㅋㅋㅋ']"
2025-09-06T18:26:09.241680,2:50:45,170.75,13.942241998274882,15,838,4.513052665666746,0.00019622395032928362,48.62595075711389,50,13.942241998274882,40.0,13.443991250129002,872.6125545405955,7,0,0,0,7,"['도어맨 100% 아시아인이다', 'ㅋㅋㅋㅋㅋㅋㅋㅋㅋㅋㅋㅋㅋ', '디나이까지 하네']"
2025-09-06T18:26:14.332833,2:50:50,170.83333333333334,13.435688544977843,11,838,2.4426637636970256,5.658565207231792e-05,50.80733593423055,50,13.435688544977843,40.0,13.689592125116102,872.821299086536,5,0,0,0,5,"['ㅋㅋㅋㅋㅋㅋㅋㅋㅋㅋㅋㅋㅋ', '디나이까지 하네', '인류애는 죽었다']"
2025-09-06T18:26:19.540119,2:50:55,170.91666666666666,13.304535227938487,10,838,2.0682558203601884,3.044376543667531e-05,50.80633513306246,50,13.304535227938487,40.0,13.900632912604491,872.8091691778824,4,0,0,0,4,"['인류애는 죽었다', '그랩으로 땅겨줬더라면', '도어맨은 진심을 다해.. ㅋㅋ']"
2025-09-06T18:26:24.639270,2:51:00,171.0,13.282315255792387,10,838,2.0289327758901665,2.9513572165880474e-05,50.721769788019614,50,13.282315255792387,40.0,14.090569621344043,872.5982522600942,4,0,0,0,4,"['그랩으로 땅겨줬더라면', '도어맨은 진심을 다해.. ㅋㅋ', '도어맨 저거 김치냄새좀 나는데']"
2025-09-06T18:26:29.647495,2:51:05,171.08333333333334,13.178242400362318,9,838,1.7362651562663038,1.6390121137326868e-05,50.70543039620657,50,13.178242400362318,40.0,14.26151265920964,872.2084270340848,3,0,0,0,3,"['도어맨 저거 김치냄새좀 나는데', '도어맨 이제 죽여주마 ㅋㅋ', '이번 게임 목표가 보인다']"
2025-09-06T18:26:34.730231,2:51:11,171.18333333333334,12.96122643574936,6,838,1.13258945524725,9.234860724430032e-06,50.64816432468532,50,12.96122643574936,40.0,14.425361393288675,871.6575843306764,2,0,0,0,2,"['ㅋㅋㅋㅋㅋ', '캬', '도어맨 납치감금']"
2025-09-06T18:26:39.818172,2:51:16,171.26666666666668,13.034367710567878,7,838,1.287728569758596,9.135232964851354e-06,50.836590570591824,50,13.034367710567878,40.0,14.567825253959807,870.9618258976088,2,0,0,0,2,"['캬', '도어맨 납치감금', '퍼즈 안기다려주는거 한국인 특인데']"
2025-09-06T18:26:44.923248,2:51:21,171.35,12.835066781336169,9,838,1.6725052009128605,9.044764227815864e-06,47.496863431109766,50,12.835066781336169,40.0,14.701042728563827,870.135643307848,2,0,0,0,2,"['도어맨 납치감금', '퍼즈 안기다려주는거 한국인 특인데', '흑루토 빌드']"
2025-09-06T18:26:49.926502,2:51:26,171.43333333333334,11.837749369441202,8,838,1.4480825611870485,8.962216509571222e-06,38.3091688813913,50,11.837749369441202,40.0,14.825938455707446,869.2020789770633,2,0,0,0,2,"['흑루토 빌드', '에브람', 'ㅋㅋㅋㅋㅋㅋㅋㅋㅋㅋㅋ']"
2025-09-06T18:26:54.929903,2:51:31,171.51666666666668,11.45647360231306,7,838,1.257587345203633,8.889733092909124e-06,35.16314475598552,50,11.45647360231306,40.0,14.938344610136703,868.171871079357,2,0,0,0,2,"['에브람', 'ㅋㅋㅋㅋㅋㅋㅋㅋㅋㅋㅋ', '대신 맞아 주던데 에이 브람스도']"
2025-09-06T18:26:59.933834,2:51:36,171.6,11.944134071896734,6,838,1.0967067836618238,8.844702552671812e-06,40.602831597340746,50,11.944134071896734,40.0,15.009510149123033,867.0546839714214,2,0,0,0,2,"['ㅋㅋㅋㅋㅋㅋㅋㅋㅋㅋㅋ', '대신 맞아 주던데 에이 브람스도', '공범이야!']"
2025-09-06T18:27:04.937418,2:51:41,171.68333333333334,12.334554860466062,7,836,1.251347466097474,8.839023592558857e-06,43.96579711722508,50,12.334554860466062,40.0,15.01855913421073,865.8592155742792,2,0,0,0,2,"['ㅋㅋㅋㅋㅋㅋㅋㅋㅋㅋㅋ', '대신 맞아 주던데 에이 브람스도', '공범이야!']"
2025-09-06T18:27:10.018690,2:51:46,171.76666666666668,12.760329406555114,5,836,0.9632266440878556,5.202103097167946e-06,49.23198000283124,50,12.760329406555114,40.0,14.946703220789656,864.5832940168514,1,0,0,0,1,"['공범이야!', 'ㅋㅋㅋㅋ', '라인전 감당불가 조합']"
2025-09-06T18:27:15.021655,2:51:51,171.85,12.744332564334204,2,836,0.6475819325890795,3.0459959025520697e-06,50.17677669529664,50,12.744332564334204,40.0,14.79203289871069,863.2349646151663,0,0,0,0,0,"['둘다 죽어잇', '?']"
2025-09-06T18:27:20.024201,2:51:56,171.93333333333334,12.698502167466604,1,836,0.5671455687664102,3.0459959025520697e-06,50.0,50,12.698502167466604,40.0,14.557829608839622,861.8214681536497,0,0,0,0,0,['?']
2025-09-06T18:27:25.031230,2:52:01,172.01666666666668,12.699145239686313,1,836,0.5689829179655791,3.0459959025520697e-06,50.0,50,12.699145239686313,40.0,14.22204664795566,860.3493213382848,0,0,0,0,0,['?']
2025-09-06T18:27:30.118899,2:52:06,172.1,12.70002240211453,1,836,0.5714890963319106,3.0459959025520697e-06,50.0,50,12.70002240211453,40.0,13.789841983160095,858.8243892044563,0,0,0,0,0,['?']
2025-09-06T18:27:35.220121,2:52:11,172.18333333333334,12.843262449110185,2,836,0.6675990846511675,3.0459959025520697e-06,51.09601551083915,50,12.843262449110185,40.0,13.290857784844086,857.2519502840107,0,0,0,0,0,"['에브는 도어맨보고 하지말라고 도어맨 사선 막고 주먹질하던 착한애임', '미나 상향']"
2025-09-06T18:27:40.223871,2:52:16,172.26666666666668,12.962929918909342,3,836,0.7906213156616646,5.275041463724797e-06,51.86210348411174,50,12.962929918909342,40.0,12.746772006359677,855.6367552556097,0,1,0,0,1,"['에브는 도어맨보고 하지말라고 도어맨 사선 막고 주먹질하던 착한애임', '미나 상향', '꾸역꾸역 도망쳐서 어디선가 돈벌어와서 캐리하던데 민다르']"
2025-09-06T18:27:45.324002,2:52:21,172.35,13.030419446708652,5,836,1.1206538168232594,9.616952168369965e-06,51.38186764039645,50,13.030419446708652,40.0,12.17709480572371,853.9830797300488,0,2,0,0,2,"['에브는 도어맨보고 하지말라고 도어맨 사선 막고 주먹질하던 착한애임', '미나 상향', '꾸역꾸역 도망쳐서 어디선가 돈벌어와서 캐리하던데 민다르']"
2025-09-06T18:27:50.335557,2:52:26,172.43333333333334,11.614406857804369,6,836,1.3871270162749294,1.0199627598061304e-05,51.28908322257105,40,11.614406857804369,40.0,11.58438532515134,852.2947717570439,0,2,0,0,2,"['에브는 도어맨보고 하지말라고 도어맨 사선 막고 주먹질하던 착한애임', '미나 상향', '꾸역꾸역 도망쳐서 어디선가 돈벌어와서 캐리하던데 민다르']"
2025-09-06T18:27:55.342309,2:52:31,172.51666666666668,11.641372527586503,6,836,1.4641710226708373,1.0868486511002276e-05,51.28908322257105,40,11.641372527586503,40.0,11.005946792636205,850.7652945813396,0,2,0,0,2,"['에브는 도어맨보고 하지말라고 도어맨 사선 막고 주먹질하던 착한애임', '미나 상향', '꾸역꾸역 도망쳐서 어디선가 돈벌어와서 캐리하던데 민다르']"
2025-09-06T18:28:00.421420,2:52:36,172.6,11.671128371923157,6,836,1.5491868687114643,1.1614042599590928e-05,51.28908322257105,40,11.671128371923157,40.0,10.460352113372585,849.3787651232058,0,2,0,0,2,"['에브는 도어맨보고 하지말라고 도어맨 사선 막고 주먹질하던 착한애임', '미나 상향', '꾸역꾸역 도망쳐서 어디선가 돈벌어와서 캐리하던데 민다르']"
2025-09-06T18:28:05.425112,2:52:41,172.68333333333334,10.974817170978206,4,831,1.1017158869701522,1.2440529392764895e-05,45.89211634326896,40,10.974817170978206,40.0,9.949316902035326,848.1208886108852,0,2,0,0,2,"['꾸역꾸역 도망쳐서 어디선가 돈벌어와서 캐리하던데 민다르', '오 에브 센스', '땅겨질때 대사 있네']"
2025-09-06T18:28:10.427977,2:52:46,172.76666666666668,11.141845400845218,4,831,1.1482973247348034,6.384247964323121e-06,47.39938783488851,40,11.141845400845218,40.0,9.459385211831794,846.9537997497968,0,1,0,0,1,"['오 에브 센스', '땅겨질때 대사 있네', '노노노노노']"
2025-09-06T18:28:15.434518,2:52:51,172.85,11.297944734934404,2,831,0.7704549865388034,3.0459959025520697e-06,50.28284271247462,40,11.297944734934404,40.0,8.993446690648616,845.8684197748171,0,0,0,0,0,"['노노노노노', '줌땡기고 쏘변 뭐가좋나요']"
2025-09-06T18:28:20.438114,2:52:56,172.93333333333334,11.587814010860939,4,831,1.255138247605676,3.0459959025520697e-06,51.485144058005915,40,11.587814010860939,40.0,8.554102021583756,844.8565777973355,0,0,0,0,0,"['줌땡기고 쏘변 뭐가좋나요', '잘보여요', '미리 예열됨']"
2025-09-06T18:28:25.441670,2:53:01,173.01666666666668,10.011537292508315,5,831,1.6783888538992482,8.135061728751416e-06,49.240979396188855,30,10.011537292508315,40.0,8.14369181942538,843.9109200176019,1,0,0,0,1,"['줌땡기고 쏘변 뭐가좋나요', '잘보여요', '미리 예열됨']"
2025-09-06T18:28:30.519538,2:53:06,173.1,10.646080786019995,7,831,2.970698367170931,1.1061063636536038e-05,51.06331933084714,30,10.646080786019995,40.0,7.754322637482842,843.0248280158418,1,0,0,1,2,"['줌땡기고 쏘변 뭐가좋나요', '잘보여요', '미리 예열됨']"
2025-09-06T18:28:35.522785,2:53:11,173.18333333333334,14.986664681837201,13,831,15.369669502632169,3.469601990330765e-05,51.07266477507981,30,14.986664681837201,40.0,7.398890373734558,842.1923452142577,2,0,0,1,3,"['잘보여요', 'ㅋㅋㅋㅋ', 'ㅠㅠ']"
2025-09-06T18:28:40.526162,2:53:16,173.26666666666668,15.708806320305541,13,831,17.53011453073232,3.831452032023155e-05,50.732509087411024,30,15.708806320305541,40.0,7.109001336361103,841.408110692832,2,0,0,1,3,"['ㅋㅋㅋㅋ', 'ㅠㅠ', '똥밥의 수모']"
2025-09-06T18:28:45.622768,2:53:21,173.35,18.44075090921332,14,831,25.304411771398332,4.1634452658268875e-05,50.8419013544284,30,18.44075090921332,40.0,6.883101202724993,840.6672996235488,2,0,0,1,3,"['ㅠㅠ', '똥밥의 수모', '어우무서워']"
2025-09-06T18:28:50.626884,2:53:26,173.43333333333334,15.27777990823612,12,831,16.245257365378713,4.4454980371203054e-05,50.91922048361422,30,15.27777990823612,40.0,6.714791082452495,839.975569661194,2,0,0,1,3,"['똥밥의 수모', '어우무서워', '잘한다']"
2025-09-06T18:28:55.724766,2:53:32,173.53333333333333,13.016583420863942,10,831,9.769959704012136,1.0239565413934493e-05,50.97093428633528,30,13.016583420863942,40.0,6.598311974207245,839.3280126950746,1,0,0,0,1,"['똥밥의 수모', '어우무서워', '잘한다']"
2025-09-06T18:29:00.819234,2:53:37,173.61666666666667,11.058125214537371,7,831,4.138026480423459,1.036350018124447e-05,51.098118009890875,30,11.058125214537371,40.0,6.53348077678652,838.7202114255672,1,0,0,0,1,"['ㅋㅋㅋ', '빡세다 빡세', '도어맨 문 부술 수 있게 만드는 것도 괜찮을듯']"
2025-09-06T18:29:05.822263,2:53:42,173.7,10.119878299097866,4,828,1.681476986455646,1.0418947233792432e-05,50.313571862594955,30,10.119878299097866,40.0,6.505132699107868,838.1481902830105,1,0,0,0,1,"['ㅇㅎ', '화장실 스노우볼', '토일렛 게이트']"
2025-09-06T18:29:10.824961,2:53:47,173.78333333333333,10.121041188396022,4,828,1.6847995035792536,1.0439709469080836e-05,50.313571862594955,30,10.121041188396022,40.0,6.494619429197082,837.5933712547095,1,0,0,0,1,"['ㅇㅎ', '화장실 스노우볼', '토일렛 게이트']"
2025-09-06T18:29:15.831473,2:53:52,173.86666666666667,9.958226440819907,3,828,1.2400508287551852,1.0428759059868243e-05,50.24204479251967,30,9.958226440819907,40.0,6.500157486277374,837.0540341292386,1,0,0,0,1,"['화장실 스노우볼', '토일렛 게이트', 'ㅋㅋ']"
2025-09-06T18:29:20.841034,2:53:57,173.95,10.716585153702418,6,828,3.0834766399712077,3.0506051443919263e-05,51.37356127291917,30,10.716585153702418,40.0,6.510141737649636,836.5286307163149,1,1,0,0,2,"['토일렛 게이트', 'ㅋㅋ', '막힘 ㅋ']"
2025-09-06T18:29:25.932944,2:54:02,174.03333333333333,10.709401145456791,6,828,3.0630014763694184,3.024911927433296e-05,51.37338529079784,30,10.709401145456791,40.0,6.534127563884673,836.0157676446834,1,1,0,0,2,"['ㅋㅋ', '막힘 ㅋ', '정신과 시간의 방!!']"
2025-09-06T18:29:30.941257,2:54:07,174.11666666666667,11.5504153438003,8,828,5.523812962295545,4.065040459156664e-05,51.17064546835022,30,11.5504153438003,40.0,6.560714807496206,835.5141908802151,1,1,0,1,3,"['ㅋㅋ', '막힘 ㅋ', '정신과 시간의 방!!']"
2025-09-06T18:29:35.944700,2:54:12,174.2,14.107233829095168,11,828,13.026768806475877,0.001526888772030603,50.472539913197984,30,14.107233829095168,40.0,6.594643326746586,835.0227717921937,4,1,0,1,6,"['정신과 시간의 방!!', '궁바뀐거 개 열받음', '비밥특 탈출 못함']"
2025-09-06T18:29:41.020144,2:54:17,174.28333333333333,22.239736839497937,15,828,36.819083191503324,0.016073792311941195,48.46628205546998,30,22.239736839497937,40.0,6.650178994071927,834.5404946129743,6,1,0,1,8,"['낙하 탈출막혔어요', 'ㅠㅠ', '화장실 스노우볼 ㅋㅋㅋㅋㅋㅋㅋㅋ']"
2025-09-06T18:29:46.125837,2:54:22,174.36666666666667,28.547092149753237,17,828,55.401693054535514,0.04663620909750469,46.37845097026808,30,28.547092149753237,40.0,6.745161094664734,834.0664451516769,7,1,0,1,9,"['화장실 스노우볼 ㅋㅋㅋㅋㅋㅋㅋㅋ', 'ㅋㅋㅋㅋㅋㅋㅋ', 'ㅋㅋㅋㅋㅋㅋㅋ']"
2025-09-06T18:29:51.130177,2:54:27,174.45,18.081812231221907,14,828,25.141303832682553,0.043689708671717856,47.64880006314328,30,18.081812231221907,40.0,6.8956449851982615,833.6248006365092,8,0,0,1,9,"['ㅋㅋㅋㅋㅋㅋㅋ', 'ㅋㅋㅋㅋㅋㅋㅋ', 'ㅋㅋㅋㅋㅋㅋㅋㅋ']"
2025-09-06T18:29:56.135784,2:54:32,174.53333333333333,15.394884908479266,13,828,17.762132951241636,0.03400522109300088,46.64536287107494,30,15.394884908479266,40.0,7.081080486678435,833.2123205728584,8,0,0,1,9,"['ㅋㅋㅋㅋㅋㅋㅋ', 'ㅋㅋㅋㅋㅋㅋㅋ', 'ㅋㅋㅋㅋㅋㅋㅋㅋ']"
2025-09-06T18:30:01.140371,2:54:37,174.61666666666667,11.20157455536399,9,828,5.6651453173094435,0.002178699061509755,47.179022146810816,30,11.20157455536399,40.0,7.302972438010592,832.8260885155726,6,0,0,0,6,"['ㅋㅋㅋㅋㅋㅋㅋ', 'ㅋㅋㅋㅋㅋㅋㅋㅋ', '라인전 개털렸다 ㅋㅋ']"
2025-09-06T18:30:06.219419,2:54:42,174.7,11.135701815676537,9,809,5.273901672822891,0.0002137500399102961,47.89750730172562,30,11.135701815676537,40.0,7.527675194209533,832.4634796640153,4,0,0,0,4,"['ㅋㅋㅋㅋㅋㅋㅋㅋㅋㅋ', '멸망했다', '스테가 2개면 못나가는 방']"
2025-09-06T18:30:11.224271,2:54:47,174.78333333333333,9.722589900616457,8,809,3.8324709730627,0.000531220440783579,38.81012571868198,30,9.722589900616457,40.0,7.749907674788581,832.0271316976139,5,0,0,0,5,"['ㅋㅋ', '안 그래도 라인전 센데', 'ㅋㅋㅋㅋㅋㅋㅋㅋㅋㅋㅋㅋ']"
2025-09-06T18:30:16.227890,2:54:52,174.86666666666667,10.628513833392779,7,809,2.840362151718497,0.0004650580423069772,51.34201057074381,30,10.628513833392779,40.0,7.954916907309723,831.5244185278525,5,0,0,0,5,"['ㅋㅋㅋㅋㅋㅋㅋㅋㅋㅋㅋㅋ', 'p4', '감당불가능 상태']"
2025-09-06T18:30:21.237737,2:54:57,174.95,10.784915217867235,8,809,3.5031385298154203,0.00042257117232391637,50.58647703962908,30,10.784915217867235,40.0,8.109425216578751,830.9619766750673,5,0,0,0,5,"['p4', '감당불가능 상태', '라인전 내내 벌받는 시간이야 ㅋㅋㅋ']"
2025-09-06T18:30:26.333776,2:55:02,175.03333333333333,10.752370933530571,8,809,3.4101867946171955,0.0003946286291118645,50.58647703962908,30,10.752370933530571,40.0,8.223482694920877,830.3457790075606,5,0,0,0,5,"['p4', '감당불가능 상태', '라인전 내내 벌받는 시간이야 ㅋㅋㅋ']"
2025-09-06T18:30:31.337251,2:55:07,175.11666666666667,10.484235811027228,7,809,2.6446502749369474,0.00037817183371425064,50.5845694606581,30,10.484235811027228,40.0,8.29613442542879,829.6812011068046,5,0,0,0,5,"['감당불가능 상태', '라인전 내내 벌받는 시간이야 ㅋㅋㅋ', 'ㅋㅋㅋㅋㅋㅋ']"
2025-09-06T18:30:36.340864,2:55:12,175.2,10.1178537492389,5,809,1.6317714399798524,0.00014150837600460813,50.4667714189555,30,10.1178537492389,40.0,8.33652098288591,828.9730809961242,4,0,0,0,4,"['ㅋㅋㅋㅋㅋㅋ', 'ㅋㅋㅋㅋㅋㅋㅋㅋㅋㅋ', 'ㅋㅋㅋㅋㅋㅋㅋㅋ']"
2025-09-06T18:30:41.426517,2:55:17,175.28333333333333,9.871533884477907,3,809,1.0120626959394137,2.070726616880703e-05,50.17303657992645,30,9.871533884477907,40.0,8.34786888459732,828.2257728965118,2,0,0,0,2,"['ㅋㅋㅋㅋㅋㅋㅋㅋ', '베드 도어맨 나왔다', '화장실 크다 ㅋㅋ']"
2025-09-06T18:30:46.429385,2:55:22,175.36666666666667,9.782753240735659,2,809,0.7977557899496646,7.950868359837082e-06,50.03535533905933,30,9.782753240735659,40.0,8.338081996137587,827.4431956068606,1,0,0,0,1,"['베드 도어맨 나왔다', '화장실 크다 ㅋㅋ']"
2025-09-06T18:31:16.523175,2:55:52,175.86666666666667,9.719975071205813,1,806,0.6284967223070037,3.0459959025520697e-06,50.0,30,9.719975071205813,40.0,8.319273796523829,826.6438760461747,0,0,0,0,0,['천마빔']
2025-09-06T18:31:21.526453,2:55:57,175.95,9.720178258420859,1,806,0.62907725720714,3.0459959025520697e-06,50.0,30,9.720178258420859,40.0,8.287346416871447,825.8144884415573,0,0,0,0,0,['천마빔']
2025-09-06T18:31:26.529938,2:56:02,176.03333333333333,8.29127317177658,2,806,0.8019010047440621,3.0459959025520697e-06,50.10606601717798,20,8.29127317177658,40.0,8.248611775184303,824.9580395974016,0,0,0,0,0,"['천마빔', '냅다 천마빔']"
2025-09-06T18:31:31.534232,2:56:07,176.11666666666667,8.292182258004955,2,806,0.8044983939679853,3.0459959025520697e-06,50.10606601717798,20,8.292182258004955,40.0,8.193750597665872,824.0772356376615,0,0,0,0,0,"['천마빔', '냅다 천마빔']"
2025-09-06T18:31:36.541207,2:56:12,176.2,8.293353729176474,2,806,0.8078454544580439,3.0459959025520697e-06,50.10606601717798,20,8.293353729176474,40.0,8.124375537899285,823.1745120738954,0,0,0,0,0,"['천마빔', '냅다 천마빔']"
2025-09-06T18:31:41.547329,2:56:17,176.28333333333333,8.546323568551745,3,806,1.0409323825432715,3.0459959025520697e-06,51.819960162632384,20,8.546323568551745,40.0,8.031937984109357,822.2520608665059,0,0,0,0,0,"['천마빔', '냅다 천마빔', '82딜;']"
2025-09-06T18:31:46.629672,2:56:22,176.36666666666667,8.293623657636864,2,806,0.8187182040761033,3.0459959025520697e-06,50.07071067811866,20,8.293623657636864,40.0,7.908744185698421,821.3118547798553,0,0,0,0,0,"['냅다 천마빔', '82딜;']"
2025-09-06T18:31:51.633087,2:56:27,176.45,8.224009152135762,1,806,0.6400226678211477,3.0459959025520697e-06,50.0,20,8.224009152135762,40.0,7.732869767128579,820.3556693018697,0,0,0,0,0,['82딜;']
2025-09-06T18:31:56.734759,2:56:33,176.55,8.225852846482024,1,806,0.6452903659533223,3.0459959025520697e-06,50.0,20,8.225852846482024,40.0,7.494582790415722,819.3851023716827,0,0,0,0,0,['82딜;']
2025-09-06T18:32:01.737467,2:56:38,176.63333333333333,8.22819172270995,1,806,0.6519728694616809,3.0459959025520697e-06,50.0,20,8.22819172270995,40.0,7.21512451137415,818.4015921345145,0,0,0,0,0,['82딜;']
2025-09-06T18:32:06.740903,2:56:43,176.71666666666667,8.231054356441872,1,798,0.6601518229814588,3.0459959025520697e-06,50.0,20,8.231054356441872,40.0,6.903612060236735,817.4064329210631,0,0,0,0,0,['82딜;']
2025-09-06T18:32:11.747461,2:56:48,176.8,8.234323798814945,1,798,0.669493086904525,3.0459959025520697e-06,50.0,20,8.234323798814945,40.0,6.583250854213062,816.3607896289569,0,0,0,0,0,['상향먹은 전리품 드가자']
2025-09-06T18:32:16.821923,2:56:53,176.88333333333333,8.238077618736884,1,798,0.6802182866814983,3.0459959025520697e-06,50.0,20,8.238077618736884,40.0,6.254925768791756,815.3647106660612,0,0,0,0,0,['상향먹은 전리품 드가자']
2025-09-06T18:32:21.825428,2:56:58,176.96666666666667,8.242347461986615,1,798,0.6924178388235812,3.0459959025520697e-06,50.0,20,8.242347461986615,40.0,5.9244331919125806,814.4132395994552,0,0,0,0,0,['상향먹은 전리품 드가자']
2025-09-06T18:32:26.837717,2:57:03,177.05,8.247164284275343,1,798,0.7061801882199464,3.0459959025520697e-06,50.0,20,8.247164284275343,40.0,5.5969898727213225,813.5019156395097,0,0,0,0,0,['상향먹은 전리품 드가자']
2025-09-06T18:32:31.841043,2:57:08,177.13333333333333,9.850524619543794,6,798,4.723857189640941,0.00029010660547756245,51.97058560527273,20,9.850524619543794,40.0,5.26729088544919,812.6267240755587,3,0,0,0,3,"['상향먹은 전리품 드가자', '어', 'ㅋㅋㅋㅋㅋㅋ']"
2025-09-06T18:32:36.936212,2:57:13,177.21666666666667,16.540262072382934,10,798,24.516501325675314,0.009675791713214123,49.55616291711289,20,16.540262072382934,40.0,4.960561796904272,811.7840516680028,5,0,0,0,5,"['상향먹은 전리품 드가자', '어', 'ㅋㅋㅋㅋㅋㅋ']"
2025-09-06T18:32:41.939856,2:57:18,177.3,14.882811887265323,9,798,20.498904292099287,0.015142881232078813,47.0213823253774,20,14.882811887265323,40.0,4.699505617213845,810.9706465012025,5,0,0,0,5,"['어', 'ㅋㅋㅋㅋㅋㅋ', '실프가맞음']"
2025-09-06T18:32:46.945873,2:57:23,177.38333333333333,25.33859561761403,11,798,50.162876165440714,0.803798844477236,44.600694219188846,20,25.33859561761403,40.0,4.484555055492461,810.1835818510822,7,0,0,0,7,"['ㅋㅋㅋㅋㅋㅋ', '실프가맞음', 'ㅋㅋㅋㅋㅋ']"
2025-09-06T18:32:51.949729,2:57:28,177.46666666666667,63.63644790949438,13,798,100.0,57.225395150286786,42.46289849379668,10,63.63644790949438,40.0,4.3310995499432146,809.4202236659739,9,0,0,1,10,"['ㅋㅋㅋㅋㅋ', 'ㅋㅋㅋㅋ', 'ㅋㅋㅋㅋㅋㅋㅋㅋㅋㅋㅋㅋㅋㅋㅋㅋ']"
2025-09-06T18:32:56.953060,2:57:33,177.55,80.4469968615624,14,798,100.0,100.0,39.46996861562394,10,80.4469968615624,40.0,4.247989594948893,808.6782012993766,10,0,0,1,11,"['ㅋㅋㅋㅋ', 'ㅋㅋㅋㅋㅋㅋㅋㅋㅋㅋㅋㅋㅋㅋㅋㅋ', '대신 인페가 죽었잖아요']"
2025-09-06T18:33:02.039863,2:57:38,177.63333333333333,9.470045556075407,6,798,8.072898295027993,0.061292373942441844,51.20014203238632,10,9.470045556075407,40.0,4.2381906354540035,807.970381169439,5,0,0,1,6,"['인페는 못피했죠?', 'ㅋㅋㅋㅋㅋㅋㅋ', 'ㅋㅋㅋㅋㅋㅋ']"
2025-09-06T18:33:07.046021,2:57:43,177.71666666666667,8.353657989746422,5,796,5.0691260159178455,0.05902586984107077,50.558535362387474,10,8.353657989746422,40.0,4.254371571908603,807.2933430524951,5,0,0,1,6,"['ㅋㅋㅋㅋㅋㅋㅋ', 'ㅋㅋㅋㅋㅋㅋ', 'ㅋㅋㅋㅋㅋㅋㅋㅋ']"
2025-09-06T18:33:12.049635,2:57:48,177.8,8.32426925111289,5,796,4.989599615983373,0.05513962319990482,50.558535362387474,10,8.32426925111289,40.0,4.283934414717742,806.6340087472456,5,0,0,1,6,"['ㅋㅋㅋㅋㅋㅋㅋ', 'ㅋㅋㅋㅋㅋㅋ', 'ㅋㅋㅋㅋㅋㅋㅋㅋ']"
2025-09-06T18:33:17.125026,2:57:53,177.88333333333333,8.217684294838413,5,796,4.881519419004693,0.0012421891829323436,50.086556225135986,10,8.217684294838413,40.0,4.325540973245968,805.9906078725211,3,0,0,1,4,"['ㅋㅋㅋㅋㅋㅋㅋㅋ', '반대여야 되는거 아니냐고 ㅋㅋㅋ', 'ㅋㅋㅋㅋㅋㅋㅋㅋㅋ']"
2025-09-06T18:33:22.222690,2:57:58,177.96666666666667,6.951720679257905,5,796,4.751349751239254,1.8937644581131877e-05,37.88740691266334,10,6.951720679257905,40.0,4.377986875921372,805.361547085269,1,0,0,0,1,"['ㅋㅋㅋㅋㅋㅋㅋㅋㅋ', '킹리품', '전 리 품']"
2025-09-06T18:33:27.226167,2:58:03,178.05,7.954487345977439,5,796,4.616604681187635,3.0459959025520697e-06,48.38674489163405,10,7.954487345977439,40.0,4.435188188329235,804.7453923767421,0,0,0,0,0,"['킹리품', '전 리 품', '심지어 상향먹음']"
2025-09-06T18:33:32.325084,2:58:08,178.13333333333333,7.902752938623714,5,796,4.468792088748421,3.0459959025520697e-06,48.38674489163405,10,7.902752938623714,40.0,4.5016693694963115,804.1408531390679,0,0,0,0,0,"['킹리품', '전 리 품', '심지어 상향먹음']"
2025-09-06T18:33:37.328187,2:58:13,178.21666666666667,7.844644939459408,5,796,4.302769233993259,3.0459959025520697e-06,48.38674489163405,10,7.844644939459408,40.0,4.581502432546681,803.5467678251612,0,0,0,0,0,"['킹리품', '전 리 품', '심지어 상향먹음']"
2025-09-06T18:33:42.343643,2:58:18,178.3,7.782711828031053,5,796,4.125817487055104,3.0459959025520697e-06,48.38674489163405,10,7.782711828031053,40.0,4.673352189292013,802.962091042645,0,0,0,0,0,"['킹리품', '전 리 품', '심지어 상향먹음']"
2025-09-06T18:33:47.419034,2:58:23,178.38333333333333,7.12199760445015,3,796,1.7262057946564742,3.0459959025520697e-06,50.17824357922022,10,7.12199760445015,40.0,4.776016970362812,802.3858819383806,0,0,0,0,0,"['심지어 상향먹음', '이거 맞나', '킹리품은 신이야']"
2025-09-06T18:33:52.421471,2:58:28,178.46666666666667,6.760472279257049,1,796,0.7442030310248213,3.0459959025520697e-06,50.0,10,6.760472279257049,40.0,4.878415273326531,801.8572937445426,0,0,0,0,0,['킹리품은 신이야']
2025-09-06T18:34:12.722968,2:58:49,178.81666666666666,7.12195233897047,3,799,1.6440574101904286,0.00025464618100981426,50.46430386931416,10,7.12195233897047,40.0,4.970573745993878,801.3715643700884,1,2,0,0,3,"['오 명품빅밥', '천마데스빔!!', 'ㅋㅋㅋㅋㅋㅋ']"
2025-09-06T18:34:17.736485,2:58:54,178.9,7.564770142160326,5,799,3.5096815587775874,0.005532894785819627,48.34168438673843,10,7.564770142160326,40.0,5.06351637139449,800.9394079330797,3,2,0,0,5,"['오 명품빅밥', '천마데스빔!!', 'ㅋㅋㅋㅋㅋㅋ']"
2025-09-06T18:34:22.822899,2:58:59,178.98333333333332,8.305426661982168,6,799,4.931809512549626,0.022383595300770418,50.70339894469491,10,8.305426661982168,40.0,5.167164734255041,800.5554671397717,4,2,0,0,6,"['오 명품빅밥', '천마데스빔!!', 'ㅋㅋㅋㅋㅋㅋ']"
2025-09-06T18:34:27.836603,2:59:04,179.06666666666666,8.2184389360689,6,799,4.6878936249597984,0.018340682158695394,50.70339894469491,10,8.2184389360689,40.0,5.285448260829537,800.2149204257946,4,2,0,0,6,"['오 명품빅밥', '천마데스빔!!', 'ㅋㅋㅋㅋㅋㅋ']"
2025-09-06T18:34:32.842020,2:59:09,179.15,8.872206706962926,7,799,6.43716270863654,0.015445311169922017,51.13021634472168,10,8.872206706962926,40.0,5.391903434746584,799.9134283832152,4,2,0,0,6,"['오 명품빅밥', '천마데스빔!!', 'ㅋㅋㅋㅋㅋㅋ']"
2025-09-06T18:34:37.845419,2:59:14,179.23333333333332,8.789359392252623,7,799,6.202545236657976,0.013617312375404958,51.13021634472168,10,8.789359392252623,40.0,5.472713091271926,799.6470855448937,4,2,0,0,6,"['오 명품빅밥', '천마데스빔!!', 'ㅋㅋㅋㅋㅋㅋ']"
2025-09-06T18:34:42.849617,2:59:19,179.31666666666666,7.107103301035206,3,799,1.4549049599369324,5.483301731784587e-05,50.97864631850352,10,7.107103301035206,40.0,5.5354417821447335,799.4123769904044,2,0,0,0,2,"['ㅋㅋㅋㅋㅋ', '캬', '분당 25소울만큼 강해졌다']"
2025-09-06T18:34:47.925975,2:59:24,179.4,6.9007985749097465,2,799,1.0138042478933578,1.2868424864001615e-05,50.45961940777126,10,6.9007985749097465,40.0,5.551897603930261,799.2061392913639,1,0,0,0,1,"['캬', '분당 25소울만큼 강해졌다']"
2025-09-06T18:34:53.017077,2:59:29,179.48333333333332,6.748529769103668,1,799,0.7100815734437346,3.0459959025520697e-06,50.0,10,6.748529769103668,40.0,5.511707843537234,799.0255253622275,0,0,0,0,0,['분당 25소울만큼 강해졌다']
2025-09-06T18:34:58.051208,2:59:34,179.56666666666666,6.750215754767786,1,799,0.7148986753412134,3.0459959025520697e-06,50.0,10,6.750215754767786,40.0,5.410537059183511,798.8679728260048,0,0,0,0,0,['분당 25소울만큼 강해졌다']
2025-09-06T18:35:08.218916,2:59:44,179.73333333333332,6.752244046578259,1,802,0.7206937947997084,3.0459959025520697e-06,50.0,10,6.752244046578259,40.0,5.29448335326516,798.7311755434043,0,0,0,0,0,['에이브람스 돈상태가 이상한데요']
2025-09-06T18:35:13.229502,2:59:49,179.81666666666666,6.754539744532734,1,802,0.7272529318124947,3.0459959025520697e-06,50.0,10,6.754539744532734,40.0,5.170035017938644,798.6380579890639,0,0,0,0,0,['에이브람스 돈상태가 이상한데요']
2025-09-06T18:35:18.232784,2:59:54,179.9,6.8958846115779595,2,802,1.0906893073024775,3.0459959025520697e-06,50.14142135623731,10,6.8958846115779595,40.0,5.0380315161447795,798.5842521901575,0,0,0,0,0,"['에이브람스 돈상태가 이상한데요', '에이브람스 과성장했는데']"
2025-09-06T18:35:23.237916,2:59:59,179.98333333333332,8.589852338923967,6,802,5.567538164580603,0.0003315096155207002,51.41081377474547,10,8.589852338923967,40.0,4.904228364530302,798.5658269711417,2,1,0,0,3,"['에이브람스 돈상태가 이상한데요', '에이브람스 과성장했는데', '돈이 제일 많네 팀에서']"
2025-09-06T18:35:28.318876,3:00:04,180.06666666666666,8.704757805432074,6,802,5.895794157004502,0.0003711825148756882,51.41081377474547,10,8.704757805432074,40.0,4.788805528077272,798.5792442740276,2,1,0,0,3,"['에이브람스 돈상태가 이상한데요', '에이브람스 과성장했는데', '돈이 제일 많네 팀에서']"
2025-09-06T18:35:33.430025,3:00:09,180.15,9.920671148258581,7,802,9.351651893848363,0.000410737980282819,51.4742869021954,10,9.920671148258581,40.0,4.689924975269545,798.6213198466248,2,1,0,0,3,"['에이브람스 돈상태가 이상한데요', '에이브람스 과성장했는데', '돈이 제일 많네 팀에서']"
2025-09-06T18:35:38.432628,3:00:14,180.23333333333332,11.782213564104731,8,802,14.75651992431137,0.0004467373051482593,51.172528956736926,10,11.782213564104731,40.0,4.61093247774259,798.6891878619624,2,1,0,0,3,"['에이브람스 과성장했는데', '돈이 제일 많네 팀에서', 'ㅋㅋ 에브 12k ㄹㅈㄷsp']"
2025-09-06T18:35:43.438686,3:00:19,180.31666666666666,11.990409886766844,8,802,15.351334213991418,0.0004750404903885289,51.172528956736926,10,11.990409886766844,40.0,4.554839229968332,798.7802690757662,2,1,0,0,3,"['에이브람스 과성장했는데', '돈이 제일 많네 팀에서', 'ㅋㅋ 에브 12k ㄹㅈㄷsp']"
2025-09-06T18:35:48.620734,3:00:24,180.4,9.02837322629253,6,802,6.813474220203052,8.4173906619761e-05,51.43623579658815,10,9.02837322629253,40.0,4.519355306971499,798.8922421681897,1,1,0,0,2,"['ㅋㅋㅋㅋ', '??', '14k 이야']"
2025-09-06T18:35:53.624304,3:00:29,180.48333333333332,7.994291881965571,5,802,4.467174840809412,1.8005012026222277e-05,49.307734856774665,10,7.994291881965571,40.0,4.5024197762743485,799.0230179513707,1,0,0,0,1,"['14k 이야', '파란게 보이면 이미죽어있을 성장인데 에이브람스?', '10분 박스']"
2025-09-06T18:35:58.638096,3:00:34,180.56666666666666,10.287543796597618,7,802,10.491749108924981,1.7971271494057248e-05,51.15424419965277,10,10.287543796597618,40.0,4.5071777986469135,799.1707161562335,1,0,0,0,1,"['14k 이야', '파란게 보이면 이미죽어있을 성장인데 에이브람스?', '10분 박스']"
2025-09-06T18:36:03.641352,3:00:39,180.65,17.686049545134807,10,819,33.97787565604789,0.0001040319678285234,42.93751452730913,10,17.686049545134807,40.0,4.531460018782222,799.3186445406102,2,0,0,0,2,"['10분 박스', '이게 ㄹㅇ 꿀통이거든여', 'ㅋㅋㅋㅋㅋㅋㅋ 살인마 만났다']"
2025-09-06T18:36:08.719454,3:00:44,180.73333333333332,35.999862386449905,13,819,84.08380080581998,0.0021354821524271375,50.69677911551949,10,35.999862386449905,40.0,4.578314016904,799.5517800865491,2,2,0,0,4,"['아픈데요?', '보이니죽네', '크아악']"
2025-09-06T18:36:13.725334,3:00:50,180.83333333333334,41.504315911971844,17,819,100.0,0.0019156904558126368,50.03549635789522,10,41.504315911971844,40.0,4.6554826152136,799.8616020778942,2,2,0,0,4,"['약공이 무슨 200이 다네', '어우', '고혈 주머니 꺼억']"
2025-09-06T18:36:18.729466,3:00:55,180.91666666666666,41.12768587183264,17,819,100.0,0.001619797868704437,46.270379526851556,10,41.12768587183264,40.0,4.77993435369224,800.2404418701047,2,2,0,0,4,"['어우', '고혈 주머니 꺼억', '+1k']"
2025-09-06T18:36:24.442970,3:01:00,181.0,41.53165471779234,15,819,100.0,0.0002612607238834711,50.315502135027884,10,41.53165471779234,40.0,4.9419409183230165,800.6813976830944,1,2,0,0,3,"['어우', '고혈 주머니 꺼억', '+1k']"
2025-09-06T18:36:29.524705,3:01:05,181.08333333333334,32.36758109105384,14,819,73.66022204155757,0.0008707274370237867,50.86155085533884,10,32.36758109105384,40.0,5.127746826490715,801.178257914785,1,3,0,0,4,"['고혈 주머니 꺼억', '+1k', '1200떨궜다!!']"
2025-09-06T18:36:34.540510,3:01:10,181.16666666666666,28.801618785871526,14,819,63.454798449315454,0.005380171158794574,50.90287260147603,10,28.801618785871526,40.0,5.349972143841644,801.7254321233065,0,5,1,0,6,"['1200원 꺼억', '어깨빵 미쳤네', '아이고']"
2025-09-06T18:36:39.917473,3:01:16,181.26666666666668,10.654379562460795,9,819,11.557813975808354,0.0003136971947757162,51.090191920499606,10,10.654379562460795,40.0,5.609974929457479,802.3178889109759,0,3,1,0,4,"['어깨빵 미쳤네', '아이고', '자선기부 뭐임']"
2025-09-06T18:36:44.931645,3:01:21,181.35,7.7335727277263215,7,819,5.213477569067732,0.0002528019438978513,44.08754457775056,10,7.7335727277263215,40.0,5.883977436511731,802.9511000198783,0,3,1,0,4,"['약공도 패링되는데', '16Kㄷㄷ', '혼자 2인분 성장 ㄷㄷ']"
2025-09-06T18:36:50.018148,3:01:26,181.43333333333334,6.771836919457939,6,819,3.4176395495893375,0.00020730869146273333,40.75580153625085,10,6.771836919457939,40.0,6.1605796928605585,803.6209900178904,0,3,1,0,4,"['16Kㄷㄷ', '혼자 2인분 성장 ㄷㄷ', '이래서 알이 크면 얼른 써야해']"
2025-09-06T18:36:55.139781,3:01:31,181.51666666666668,6.678127779964717,6,819,3.1499381156869224,0.00017321462302005293,40.75580153625085,10,6.678127779964717,40.0,6.434521723574504,804.3088910161014,0,3,1,0,4,"['16Kㄷㄷ', '혼자 2인분 성장 ㄷㄷ', '이래서 알이 크면 얼른 써야해']"
2025-09-06T18:37:00.217948,3:01:36,181.6,6.763311397265635,4,819,1.6211370824792726,6.0111460253613414e-05,46.95889373813789,10,6.763311397265635,40.0,6.706069551217054,805.0130019144913,1,1,1,0,3,"['약공패링은 리스크가 너무 큼', '진짜 헐크되겠네', '못치면 강공 2타 확정이라...']"
2025-09-06T18:37:05.222100,3:01:41,181.68333333333334,7.2888372402135975,4,819,1.5525106947940954,3.0341777695358442e-05,52.45446360324586,10,7.2888372402135975,40.0,6.960462596095348,805.7317017230422,2,0,0,0,2,"['못치면 강공 2타 확정이라...', 'ㅋㅋㅋㅋ', 'ㅋㅋㅋㅋㅋㅋ']"
2025-09-06T18:37:10.227846,3:01:46,181.76666666666668,7.409111364937708,5,819,1.976361047759291,8.62040898020268e-05,52.17350516586035,10,7.409111364937708,40.0,7.179416336485813,806.463531550738,3,0,0,0,3,"['못치면 강공 2타 확정이라...', 'ㅋㅋㅋㅋ', 'ㅋㅋㅋㅋㅋㅋ']"
2025-09-06T18:37:15.233043,3:01:51,181.85,5.646391553288621,4,819,1.4568419188904655,7.901368835156589e-05,51.36465276201617,0,5.646391553288621,40.0,7.371474702837232,807.2071783956642,3,0,0,0,3,"['ㅋㅋㅋㅋ', 'ㅋㅋㅋㅋㅋㅋ', '배드 도어맨']"
2025-09-06T18:37:20.238753,3:01:56,181.93333333333334,5.635000712705144,4,819,1.4243026181926695,7.380034022867803e-05,51.36465276201617,0,5.635000712705144,40.0,7.529327232553509,807.9614605560978,3,0,0,0,3,"['ㅋㅋㅋㅋ', 'ㅋㅋㅋㅋㅋㅋ', '배드 도어맨']"
2025-09-06T18:37:25.335359,3:02:01,182.01666666666668,5.626679020791831,4,819,1.4005305374304684,7.014122387385513e-05,51.36465276201617,0,5.626679020791831,40.0,7.651394509298158,808.7253145004881,3,0,0,0,3,"['ㅋㅋㅋㅋ', 'ㅋㅋㅋㅋㅋㅋ', '배드 도어맨']"
2025-09-06T18:37:30.427937,3:02:06,182.1,5.685014701527412,3,819,1.0703858424277513,6.763327285844064e-05,53.103526033685554,0,5.685014701527412,40.0,7.741255058368343,809.4977830504394,3,0,0,0,3,"['에이브람스 돈을 막을수가 없는데? ㅋㅋㅋ', 'ㅋㅋㅋㅋㅋㅋㅋㅋㅋㅋ', 'ㅋㅋㅋㅋㅋㅋㅋ']"
2025-09-06T18:37:35.437665,3:02:11,182.18333333333334,5.7313703332129355,4,819,1.3718209658722649,6.588697628981834e-05,52.51206640367127,0,5.7313703332129355,40.0,7.807129552531508,810.2780047453955,3,0,0,0,3,"['에이브람스 돈을 막을수가 없는데? ㅋㅋㅋ', 'ㅋㅋㅋㅋㅋㅋㅋㅋㅋㅋ', 'ㅋㅋㅋㅋㅋㅋㅋ']"
2025-09-06T18:37:40.629457,3:02:16,182.26666666666668,5.423852473072921,3,819,1.05784658731559,2.331470799953373e-05,50.535968416292654,0,5.423852473072921,40.0,7.861416597278358,811.0652042708559,2,0,0,0,2,"['ㅋㅋㅋㅋㅋㅋㅋㅋㅋㅋ', 'ㅋㅋㅋㅋㅋㅋㅋ', '어우']"
2025-09-06T18:37:45.748606,3:02:22,182.36666666666667,5.695925886349306,5,819,1.745315685434642,5.6193913477359186e-05,50.8504291888179,0,5.695925886349306,40.0,7.890274937550522,811.8586838437703,2,1,0,0,3,"['ㅋㅋㅋㅋㅋㅋㅋㅋㅋㅋ', 'ㅋㅋㅋㅋㅋㅋㅋ', '어우']"
2025-09-06T18:37:50.818289,3:02:27,182.45,5.8608289239977065,6,819,2.2427712880226753,5.6173730111719766e-05,50.75836503697725,0,5.8608289239977065,40.0,7.8912474437954705,812.5728154593933,2,1,0,0,3,"['ㅋㅋㅋㅋㅋㅋㅋㅋㅋㅋ', 'ㅋㅋㅋㅋㅋㅋㅋ', '어우']"
2025-09-06T18:37:55.821707,3:02:32,182.53333333333333,5.865972009027969,6,819,2.257464998847195,5.688933431112171e-05,50.75836503697725,0,5.865972009027969,40.0,7.857122699415924,813.2155339134539,2,1,0,0,3,"['ㅋㅋㅋㅋㅋㅋㅋㅋㅋㅋ', 'ㅋㅋㅋㅋㅋㅋㅋ', '어우']"
2025-09-06T18:38:00.824973,3:02:37,182.61666666666667,7.047706355051648,4,819,1.3782525343255059,7.497467402600668e-06,50.653149690507604,10,7.047706355051648,40.0,7.771410429474332,813.7939805221085,0,1,0,0,1,"['어우', '천마 데스빔(요란함)', '오 패링']"
2025-09-06T18:38:05.836372,3:02:42,182.7,6.918990858192244,3,819,1.0825666300066297,7.624348959040231e-06,50.400894879503404,10,6.918990858192244,40.0,7.629269386526898,814.3145824698977,0,1,0,0,1,"['천마 데스빔(요란함)', '오 패링', '전리품 좋아']"
2025-09-06T18:38:11.017940,3:02:47,182.78333333333333,6.802835817577396,2,822,0.8450332243829567,7.803078736401078e-06,50.07071067811866,10,6.802835817577396,40.0,7.4413424478742085,814.7831242229079,0,1,0,0,1,"['오 패링', '전리품 좋아']"
2025-09-06T18:38:16.021734,3:02:52,182.86666666666667,6.728217217711177,1,822,0.6520457123223322,3.0459959025520697e-06,50.0,10,6.728217217711177,40.0,7.212208203086788,815.2198118006171,0,0,0,0,0,['전리품 좋아']
2025-09-06T18:38:26.122272,3:03:02,183.03333333333333,6.730695387525169,1,822,0.6591261975051655,3.0459959025520697e-06,50.0,10,6.730695387525169,40.0,6.9409873827781094,815.6278306205554,0,0,0,0,0,['어우']
2025-09-06T18:38:31.136374,3:03:07,183.11666666666667,6.8326942668108765,2,822,0.9000439396652895,3.0459959025520697e-06,50.17677669529664,10,6.8326942668108765,40.0,6.656888644500299,816.0100475585,0,0,0,0,0,"['어우', '너무 단단한데']"
2025-09-06T18:38:36.142795,3:03:12,183.2,6.8410990992713465,2,822,0.9240577466952032,3.0459959025520697e-06,50.17677669529664,10,6.8410990992713465,40.0,6.3761997800502686,816.36904280265,0,0,0,0,0,"['어우', '너무 단단한데']"
2025-09-06T18:38:41.225869,3:03:17,183.28333333333333,7.123238859956646,3,822,1.3161940937610381,3.0459959025520697e-06,51.62569708741921,10,7.123238859956646,40.0,6.103579802045242,816.7071385223851,0,0,0,0,0,"['어우', '너무 단단한데', '19K']"
2025-09-06T18:38:46.228836,3:03:22,183.36666666666667,7.143723279278372,3,822,1.3747210061088266,3.0459959025520697e-06,51.62569708741921,10,7.143723279278372,40.0,5.843221821840717,817.0264246701466,0,0,0,0,0,"['어우', '너무 단단한데', '19K']"
2025-09-06T18:38:51.237257,3:03:27,183.45,7.165137486730428,3,822,1.4359044559718455,3.0459959025520697e-06,51.62569708741921,10,7.165137486730428,40.0,5.603899639656645,817.3287822031319,0,0,0,0,0,"['어우', '너무 단단한데', '19K']"
2025-09-06T18:38:56.325316,3:03:32,183.53333333333333,6.866413342062851,2,822,1.036790256453018,3.0459959025520697e-06,50.03535533905933,10,6.866413342062851,40.0,5.383509675690981,817.6159039828187,0,0,0,0,0,"['19K', '다음판?']"
2025-09-06T18:39:01.328738,3:03:37,183.61666666666667,6.877651414413848,2,822,1.0688990345987266,3.0459959025520697e-06,50.03535533905933,10,6.877651414413848,40.0,5.170158708121883,817.8893135845368,0,0,0,0,0,"['19K', '다음판?']"
2025-09-06T18:39:06.332574,3:03:42,183.7,8.526744619440386,6,839,5.399667457860917,0.0003816885639465777,51.36708333763486,10,8.526744619440386,40.0,4.968142837309695,818.1503822260831,3,0,0,0,3,"['19K', '다음판?', 'ㅋㅋㅋㅋㅋㅋ']"
2025-09-06T18:39:11.339521,3:03:47,183.78333333333333,8.66248889491635,6,839,5.873345935334156,0.0004537983817564263,51.066362981966925,10,8.66248889491635,40.0,4.796328553578726,818.4853440034748,3,0,0,0,3,"['다음판?', 'ㅋㅋㅋㅋㅋㅋ', 'ㅋㅋㅋㅋㅋㅋㅋ']"
2025-09-06T18:39:16.418468,3:03:52,183.86666666666667,8.823549830331324,6,839,6.333432732600448,0.0005301893111861516,51.066362981966925,10,8.823549830331324,40.0,4.651695698220854,818.8868096031273,3,0,0,0,3,"['다음판?', 'ㅋㅋㅋㅋㅋㅋ', 'ㅋㅋㅋㅋㅋㅋㅋ']"
2025-09-06T18:39:21.450630,3:03:57,183.95,8.966094360757102,6,839,6.747639452180993,0.0006043881135386772,51.04178797248339,10,8.966094360757102,40.0,4.536526128398768,819.3481286428146,3,0,0,0,3,"['ㅋㅋㅋㅋㅋㅋ', 'ㅋㅋㅋㅋㅋㅋㅋ', 'ㅋㅋㅋㅋㅋㅋ']"
2025-09-06T18:39:26.526615,3:04:02,184.03333333333333,10.42708342620023,7,839,10.947783795189657,0.0006756896679328943,50.95088822016676,10,10.42708342620023,40.0,4.442873515558892,819.8633157785332,3,0,0,0,3,"['ㅋㅋㅋㅋㅋㅋ', 'ㅋㅋㅋㅋㅋㅋㅋ', 'ㅋㅋㅋㅋㅋㅋ']"
2025-09-06T18:39:31.721682,3:04:07,184.11666666666667,15.788675898162005,9,839,26.269789713052827,0.004546442491151672,50.92430921597055,10,15.788675898162005,40.0,4.3785861640030035,820.42698420068,4,0,0,0,4,"['ㅋㅋㅋㅋㅋㅋ', 'ㅋㅋㅋㅋㅋㅋㅋ', 'ㅋㅋㅋㅋㅋㅋ']"
2025-09-06T18:39:37.829474,3:04:14,184.23333333333332,9.121902838087879,7,839,11.74097193016783,0.0006094005654174349,35.12318902302971,10,9.121902838087879,40.0,4.340727547602703,821.034285780612,2,1,0,0,3,"['에이브람스 저거', '트럭이네', 'ㅋㅋㅋㅋㅋㅋㅋㅋㅋㅋ']"
2025-09-06T18:39:42.837313,3:04:19,184.31666666666666,15.301521007425517,9,839,27.760572975868246,0.025821166732927024,40.7499199917846,10,15.301521007425517,40.0,4.3116547928424325,821.6808572025508,4,1,0,0,5,"['에이브람스 저거', '트럭이네', 'ㅋㅋㅋㅋㅋㅋㅋㅋㅋㅋ']"
2025-09-06T18:39:47.841004,3:04:24,184.4,25.857524606666228,11,839,58.45737447070706,0.026434657651736183,38.868696788580614,10,25.857524606666228,40.0,4.30048931355819,822.3627714822958,4,1,0,0,5,"['트럭이네', 'ㅋㅋㅋㅋㅋㅋㅋㅋㅋㅋ', '어ㅏ']"
2025-09-06T18:39:52.918228,3:04:29,184.48333333333332,33.30775298950694,12,839,77.80406884683526,0.02508751133823906,45.662938885792954,10,33.30775298950694,40.0,4.325440382202371,823.0764943340663,4,1,0,0,5,"['어ㅏ', '문을 여니 더 무서운게 있는데요', '이건 몰랐는데']"
2025-09-06T18:39:57.929444,3:04:34,184.56666666666666,24.8672903039157,11,839,54.1068144474295,0.021844146126184374,44.211675888649005,10,24.8672903039157,40.0,4.392896343982134,823.8188449006598,4,1,0,0,5,"['어ㅏ', '문을 여니 더 무서운게 있는데요', '이건 몰랐는데']"
2025-09-06T18:40:03.018929,3:04:39,184.65,14.906686869054086,9,839,23.866611232926164,0.00299540712221598,50.52174774681041,10,14.906686869054086,40.0,4.498606709583921,824.5719604105938,3,1,0,0,4,"['문을 여니 더 무서운게 있는데요', '이건 몰랐는데', '나오니까 살인마가 있네 ㅋㅋㅋㅋ']"
2025-09-06T18:40:08.035741,3:04:44,184.73333333333332,11.709753625123398,8,848,14.524712365643358,0.003040181259350991,51.24888224644483,10,11.709753625123398,40.0,4.633746038625529,825.3347643695345,4,0,0,0,4,"['ㅋㅋㅋㅋㅋㅋㅋㅋㅋㅋㅋㅋㅋ', 'ㅋㅋㅋㅋㅋㅋ', '살아나온다(활력 다뜯김)']"
2025-09-06T18:40:13.041340,3:04:49,184.81666666666666,8.705964561440892,6,848,5.8911089301811055,8.595816904364766e-05,51.440420526098876,10,8.705964561440892,40.0,4.790371434762976,826.1512879325811,2,0,0,0,2,"['살아나온다(활력 다뜯김)', '문여니까 떡대가', '뿅하는거나왓네']"
2025-09-06T18:40:18.228547,3:04:54,184.9,7.28675957777157,3,848,1.6517230705341188,7.711360476258962e-05,52.08625657642724,10,7.28675957777157,40.0,4.951334291286679,827.016159139323,2,0,0,0,2,"['젠 뭐 버그임?', 'ㅋㅋㅋㅋㅋㅋ', 'ㄹㅇㅋㅋㅋ']"
2025-09-06T18:40:23.232290,3:04:59,184.98333333333332,6.881590198772582,2,848,1.0800760373005143,7.012952867155452e-05,50.03535533905933,10,6.881590198772582,40.0,5.101200862158011,827.9245432253907,2,0,0,0,2,"['ㅋㅋㅋㅋㅋㅋ', 'ㄹㅇㅋㅋㅋ']"
2025-09-06T18:40:28.239585,3:05:04,185.06666666666666,7.833727872508682,5,848,3.298079523793947,0.0011413189495941946,51.78943511600962,10,7.833727872508682,40.0,5.23108077594221,828.8720889028517,3,1,0,0,4,"['ㅋㅋㅋㅋㅋㅋ', 'ㄹㅇㅋㅋㅋ', '강공 때렸으면']"
2025-09-06T18:40:33.320173,3:05:09,185.15,8.944202814506836,7,848,6.540393423673932,0.0009918713333731332,51.54668367687611,10,8.944202814506836,40.0,5.35797269834799,829.8548800125666,3,1,0,0,4,"['ㅋㅋㅋㅋㅋㅋ', 'ㄹㅇㅋㅋㅋ', '강공 때렸으면']"
2025-09-06T18:40:38.425102,3:05:14,185.23333333333332,7.376544188093878,5,848,3.01589067355853,4.675802498678543e-05,48.20963749138398,10,7.376544188093878,40.0,5.492175428513192,830.86939201131,1,1,0,0,2,"['강공 때렸으면', '세상약해 ㅋㅋㅋ', '와 졸라약해']"
2025-09-06T18:40:43.428787,3:05:19,185.31666666666666,7.3318323714226725,5,848,2.888146033598337,4.3776312140411455e-05,48.20963749138398,10,7.3318323714226725,40.0,5.627957885661873,831.9124528101789,1,1,0,0,2,"['강공 때렸으면', '세상약해 ㅋㅋㅋ', '와 졸라약해']"
2025-09-06T18:40:50.338788,3:05:26,185.43333333333334,7.290556525158773,5,848,2.7702181191408757,4.108580267126116e-05,48.20963749138398,10,7.290556525158773,40.0,5.765162097095686,832.981207529161,1,1,0,0,2,"['강공 때렸으면', '세상약해 ㅋㅋㅋ', '와 졸라약해']"
2025-09-06T18:40:55.519753,3:05:31,185.51666666666668,7.1892196434894,4,848,1.9124975414608916,3.898852455129373e-05,50.19829908568267,10,7.1892196434894,40.0,5.883645887386118,833.9880867762449,1,1,0,0,2,"['세상약해 ㅋㅋㅋ', '와 졸라약해', '잡을만했을꺼같은데']"
2025-09-06T18:41:00.638967,3:05:36,185.6,7.008939128396989,3,848,1.3429614332003854,9.819216926248396e-06,50.388986990900825,10,7.008939128396989,40.0,5.9802812986475065,834.9392780986204,0,1,0,0,1,"['공 포', '오유', '개무섭네']"
2025-09-06T18:41:05.642757,3:05:41,185.68333333333334,6.768618701404942,6,833,3.5367493765189364,3.078464015218949e-05,40.30744105767254,10,6.768618701404942,40.0,6.052253168782756,835.8403502887584,0,2,0,0,2,"['공 포', '오유', '개무섭네']"
2025-09-06T18:41:11.230359,3:05:47,185.78333333333333,33.94372369907468,17,833,78.2650448574505,1.045366422993421,46.32811429769639,10,33.94372369907468,40.0,6.1170278519044805,836.6213152598825,8,2,0,0,10,"['ㅋㅋㅋㅋ 담당일찐 등장', 'ㅋㅋㅋㅋㅋㅋㅋㅋㅋㅋㅋㅋㅋㅋ', 'ㅋㅋㅋㅋㅋㅋㅋㅋㅋㅋㅋㅋ']"
2025-09-06T18:41:16.425357,3:05:52,185.86666666666667,32.26669325399091,17,833,73.71021241295638,0.8382686992163527,46.32811429769639,10,32.26669325399091,40.0,6.225325066714032,837.2941837338943,8,2,0,0,10,"['ㅋㅋㅋㅋ 담당일찐 등장', 'ㅋㅋㅋㅋㅋㅋㅋㅋㅋㅋㅋㅋㅋㅋ', 'ㅋㅋㅋㅋㅋㅋㅋㅋㅋㅋㅋㅋ']"
2025-09-06T18:41:21.428569,3:05:57,185.95,80.62267869910428,28,833,100.0,100.0,41.2267869910429,10,80.62267869910428,40.0,6.362792560042629,837.869765360505,14,2,0,0,16,"['약해서', '맛집 ㅋㅋ', '에이브람 지독하네 ㅋㅋㅋㅋㅋㅋㅋㅋㅋ']"
2025-09-06T18:41:26.541139,3:06:02,186.03333333333333,79.54736627488036,32,833,100.0,100.0,45.47366274880357,0,79.54736627488036,40.0,6.591513304038366,838.3577888244545,14,2,0,0,16,"['맛집 소문 낫나봐', 'ㅋㅋㅋ', 'ㅋㅋㅋㅋㅋㅋㅋㅋㅋㅋㅋㅋㅋㅋㅋ']"
2025-09-06T18:41:31.545082,3:06:07,186.11666666666667,51.22463146063281,30,833,100.0,28.43979588529404,48.48713106515188,0,51.22463146063281,40.0,6.91236197363453,838.767009942009,14,0,0,0,14,"['ㅋㅋㅋ', 'ㅋㅋㅋㅋㅋㅋㅋㅋㅋㅋㅋㅋㅋㅋㅋ', '맛집']"
2025-09-06T18:41:36.627864,3:06:12,186.2,45.26724818327987,28,833,100.0,13.205354899851462,49.85106223339278,0,45.26724818327987,40.0,7.296125776271078,839.1053089478082,14,0,0,0,14,"['맛집', 'ㅋㅋㅋㅋㅋㅋㅋㅋㅋㅋㅋㅋㅋㅋㅋㅋㅋ', '형사님 단골집인가']"
2025-09-06T18:41:41.824618,3:06:18,186.3,26.47992014293164,20,833,61.16681725387758,0.004299572507449861,50.69814275071507,0,26.47992014293164,40.0,7.7215131986439705,839.3797780530274,7,0,0,0,7,"['ㅋㅋㅋㅋㅋㅋㅋㅋㅋㅋㅋㅋㅋㅋㅋㅋㅋ', '형사님 단골집인가', '약하니까']"
2025-09-06T18:41:46.836729,3:06:23,186.38333333333333,22.666092681236027,20,833,50.26190766196754,0.002938095650239715,50.732497612872926,0,22.666092681236027,40.0,8.149361878779573,839.5968002477247,7,0,0,0,7,"['형사님 단골집인가', '약하니까', '그냥 다!']"
2025-09-06T18:41:51.917840,3:06:28,186.46666666666667,6.1894415331446275,8,833,3.143171158798095,7.730748117086128e-06,50.89328535266047,0,6.1894415331446275,40.0,8.589425690901615,839.7621202229523,1,0,0,0,1,"['그냥 다!', '담당일진이네', '너가 밉다!']"
2025-09-06T18:41:56.921356,3:06:33,186.55,5.5157823650982065,4,833,1.2003611246328327,7.419805607828359e-06,50.956530035544716,0,5.5157823650982065,40.0,8.985483121811454,839.8359082006571,1,0,0,0,1,"['ㅋㅋㅋㅋㅋㅋㅋㅋㅋ', '소문난 단골집', '조심해라 (11k 차이)']"
2025-09-06T18:42:02.029261,3:06:38,186.63333333333333,5.644402421876363,5,833,1.4371968422380885,7.1785628356593535e-06,51.41380655667897,0,5.644402421876363,40.0,9.331934809630308,839.8273173805914,1,0,0,0,1,"['ㅋㅋㅋㅋㅋㅋㅋㅋㅋ', '소문난 단골집', '조심해라 (11k 차이)']"
2025-09-06T18:42:07.034279,3:06:43,186.71666666666667,5.483468448831163,3,837,0.918727095200503,3.0459959025520697e-06,51.619127471126255,0,5.483468448831163,40.0,9.653741328667278,839.7445856425322,0,0,0,0,0,"['조심해라 (11k 차이)', '에이브람스는 비밥의 성장이 두렵습니까?', '패배직전에 쌔지고 지겠죠 ㅋ']"
2025-09-06T18:42:12.037494,3:06:48,186.8,6.7796451940629,2,837,0.738373634939836,3.0459959025520697e-06,50.21213203435597,10,6.7796451940629,40.0,9.94836719580055,839.6151270782791,0,0,0,0,0,"['에이브람스는 비밥의 성장이 두렵습니까?', '패배직전에 쌔지고 지겠죠 ㅋ']"
2025-09-06T18:42:17.117547,3:06:53,186.88333333333333,7.091648204873148,4,837,1.0803958292524956,2.3877772229604835e-05,52.135001135258825,10,7.091648204873148,40.0,10.198530476220494,839.4436143704512,2,0,1,0,3,"['패배직전에 쌔지고 지겠죠 ㅋ', '엌', '이동템을 두개나가니까 진짜 빠르네 ㅋㅋㅋㅋ']"
2025-09-06T18:42:22.130633,3:06:58,186.96666666666667,7.31479792889295,7,837,1.8849093366079495,4.940069792565998e-05,51.55059900800997,10,7.31479792889295,40.0,10.408677428598445,839.2342529334061,3,0,1,0,4,"['패배직전에 쌔지고 지겠죠 ㅋ', '엌', '이동템을 두개나가니까 진짜 빠르네 ㅋㅋㅋㅋ']"
2025-09-06T18:42:27.133761,3:07:03,187.05,7.298499262021915,7,837,1.8383445939477776,4.688334798830628e-05,51.55059900800997,10,7.298499262021915,40.0,10.607809685738602,838.9908276400654,3,0,1,0,4,"['패배직전에 쌔지고 지겠죠 ㅋ', '엌', '이동템을 두개나가니까 진짜 빠르네 ㅋㅋㅋㅋ']"
2025-09-06T18:42:32.221309,3:07:08,187.13333333333333,7.350641328174755,8,837,2.1583758330291714,4.469009257432218e-05,50.95191910577515,10,7.350641328174755,40.0,10.797028717164741,838.7167448760589,3,0,1,0,4,"['엌', '이동템을 두개나가니까 진짜 빠르네 ㅋㅋㅋㅋ', 'ㅋㅋㅋㅋㅋㅋㅋㅋㅋㅋㅋㅋㅋㅋㅋ']"
2025-09-06T18:42:37.328131,3:07:13,187.21666666666667,7.441626003330714,10,837,3.0168880894470105,4.271004415811436e-05,48.85698088006597,10,7.441626003330714,40.0,10.982325845448267,838.415070388453,3,0,1,0,4,"['엌', '이동템을 두개나가니까 진짜 빠르네 ㅋㅋㅋㅋ', 'ㅋㅋㅋㅋㅋㅋㅋㅋㅋㅋㅋㅋㅋㅋㅋ']"
2025-09-06T18:42:42.429197,3:07:18,187.3,7.166955696286363,11,837,3.485787571117159,4.0770379462464534e-05,44.469137382435726,10,7.166955696286363,40.0,11.179093260903441,838.0885633496077,3,0,1,0,4,"['이동템을 두개나가니까 진짜 빠르네 ㅋㅋㅋㅋ', 'ㅋㅋㅋㅋㅋㅋㅋㅋㅋㅋㅋㅋㅋㅋㅋ', 'ㅋㅋㅋㅋㅋ']"
2025-09-06T18:42:47.518286,3:07:23,187.38333333333333,6.462355604606661,7,837,1.6792829782449992,3.0459959025520697e-06,43.74605343822551,10,6.462355604606661,40.0,11.396183934813099,837.739707014647,0,0,0,0,0,"['체킹인~', '문열면 파란놈있을까무서웠네', '이제온다']"
2025-09-06T18:42:52.626113,3:07:28,187.46666666666667,7.067927177273212,6,837,1.385629075898915,3.0459959025520697e-06,50.829557823102306,10,7.067927177273212,40.0,11.596565541331788,837.4457363131824,0,0,0,0,0,"['문열면 파란놈있을까무서웠네', '이제온다', '온다']"
2025-09-06T18:42:57.928329,3:07:34,187.56666666666666,7.172449918289098,7,837,1.623382673864884,6.027368934764639e-06,51.04263571488814,10,7.172449918289098,40.0,11.72190898719861,837.2011626818642,1,0,0,0,1,"['문열면 파란놈있을까무서웠네', '이제온다', '온다']"
2025-09-06T18:43:02.933520,3:07:39,187.65,7.18910602508839,7,837,1.6131649229218905,1.6625555312585538e-05,51.24491651843603,10,7.18910602508839,40.0,11.78471808847875,837.0010464136777,1,1,1,0,3,"['온다', '도망쳐', '28K']"
2025-09-06T18:43:08.030199,3:07:44,187.73333333333332,7.03825068903082,5,844,1.1555587683844526,1.6742497135580037e-05,51.33798423097407,10,7.03825068903082,40.0,11.736246279630876,836.84094177231,1,1,1,0,3,"['28k 헬창 문도', 'ㅋㅋㅋ', '28K의 시퍼런 악마가 온다']"
2025-09-06T18:43:13.032943,3:07:49,187.81666666666666,7.109511381260216,6,844,1.3904352248404919,1.7189309823262726e-05,51.22852176842114,10,7.109511381260216,40.0,11.557621651667787,836.751847595079,1,1,1,0,3,"['28k 헬창 문도', 'ㅋㅋㅋ', '28K의 시퍼런 악마가 온다']"
2025-09-06T18:43:18.040300,3:07:54,187.9,7.000011695904788,5,844,1.1961289634462513,1.794607198474613e-05,50.81359380269806,10,7.000011695904788,40.0,11.276859486501008,836.7266628355711,1,1,1,0,3,"['ㅋㅋㅋ', '28K의 시퍼런 악마가 온다', '거상같은거 사서 밀고들어오면 진짜 쉽지않음']"
2025-09-06T18:43:23.141665,3:07:59,187.98333333333332,7.012635219261478,5,844,1.232194909659184,1.905152739304114e-05,50.81359380269806,10,7.012635219261478,40.0,10.909173537850908,836.7589965520141,1,1,1,0,3,"['ㅋㅋㅋ', '28K의 시퍼런 악마가 온다', '거상같은거 사서 밀고들어오면 진짜 쉽지않음']"
2025-09-06T18:43:28.317681,3:08:04,188.06666666666666,7.208306709214931,6,844,1.5420000823751279,9.547990513447375e-06,51.6860286118743,10,7.208306709214931,40.0,10.503256184065817,836.8430968968127,0,1,1,0,2,"['거상같은거 사서 밀고들어오면 진짜 쉽지않음', '살기위해', '에이브람 저렇게 잘하는애는 또 첨보네']"
2025-09-06T18:43:33.325650,3:08:09,188.15,7.227037044494828,6,844,1.6194562704781705,3.0459959025520697e-06,51.60226131429107,10,7.227037044494828,40.0,10.067930565659235,836.9737872071314,0,0,0,0,0,"['살기위해', '에이브람 저렇게 잘하는애는 또 첨보네', '전리품 좋아~']"
2025-09-06T18:43:38.343390,3:08:14,188.23333333333332,6.841783832882667,5,844,1.3852854644865742,3.0459959025520697e-06,48.569327019140054,10,6.841783832882667,40.0,9.666137509093312,837.1464084864183,0,0,0,0,0,"['전리품 좋아~', '실프가 아콘인가 그럴걸요 mmr', '스택좋고요']"
2025-09-06T18:43:43.431709,3:08:19,188.31666666666666,6.861242749113931,5,844,1.4408823680044696,3.0459959025520697e-06,48.569327019140054,10,6.861242749113931,40.0,9.30952375818398,837.3567676377766,0,0,0,0,0,"['전리품 좋아~', '실프가 아콘인가 그럴걸요 mmr', '스택좋고요']"
2025-09-06T18:43:48.630158,3:08:24,188.4,6.880813696959677,5,844,1.496799361849459,3.0459959025520697e-06,48.569327019140054,10,6.880813696959677,40.0,8.988571382365581,837.6010908739989,0,0,0,0,0,"['전리품 좋아~', '실프가 아콘인가 그럴걸요 mmr', '스택좋고요']"
2025-09-06T18:43:55.627425,3:08:31,188.51666666666668,6.891422974671102,3,844,0.9824351550561814,3.0459959025520697e-06,50.47569452003078,10,6.891422974671102,40.0,8.709714244129025,837.855981786599,0,0,0,0,0,"['스택좋고요', '그래서 맞라인 아콘 잡힐거임 아마', '점점 쌓인다']"
2025-09-06T18:44:00.833839,3:08:37,188.61666666666667,6.794919628251602,2,844,0.7921164009245047,3.0459959025520697e-06,50.17677669529664,10,6.794919628251602,40.0,8.463742819716122,838.1203836079392,0,0,0,0,0,"['점점 쌓인다', '에브 돈 30K 돌파']"
2025-09-06T18:44:06.236561,3:08:42,188.7,6.791540766182848,2,844,0.8026655601905389,3.0459959025520697e-06,50.10606601717798,10,6.791540766182848,40.0,8.23236853774451,838.3933452471454,0,0,0,0,0,"['에브 돈 30K 돌파', '저긴 법사햄이 맛집인ㄱ ㅏ']"
2025-09-06T18:44:11.425562,3:08:47,188.78333333333333,6.795532861358126,2,838,0.8140715464056197,3.0459959025520697e-06,50.10606601717798,10,6.795532861358126,40.0,7.999131683970059,838.6740107224308,0,0,0,0,0,"['에브 돈 30K 돌파', '저긴 법사햄이 맛집인ㄱ ㅏ']"
2025-09-06T18:44:16.433997,3:08:52,188.86666666666667,7.198325328227745,4,838,1.379558304343682,3.0459959025520697e-06,52.15478703309095,10,7.198325328227745,40.0,7.764218515573053,838.9316096501877,0,0,0,0,0,"['에브 돈 30K 돌파', '저긴 법사햄이 맛집인ㄱ ㅏ', 'ㅇㅈ']"
2025-09-06T18:44:21.537547,3:08:57,188.95,7.213743680782061,4,838,1.4236107402131555,3.0459959025520697e-06,52.15478703309095,10,7.213743680782061,40.0,7.5327966640157475,839.168448685169,0,0,0,0,0,"['에브 돈 30K 돌파', '저긴 법사햄이 맛집인ㄱ ㅏ', 'ㅇㅈ']"
2025-09-06T18:44:26.716913,3:09:02,189.03333333333333,7.034377748317277,3,838,1.1221276170477241,9.12065870329448e-06,51.41629434087091,10,7.034377748317277,40.0,7.294516997614172,839.386603816652,1,0,0,0,1,"['ㅇㅈ', '천마빔을 맛보여줘야 한다', '에이브람이 저렇게 독보적으로 잘큰게 ㅋㅋㅋ']"
2025-09-06T18:44:31.735612,3:09:08,189.13333333333333,7.164271289848092,4,838,1.532618724488937,9.489453020067284e-06,51.27850940495755,10,7.164271289848092,40.0,7.040065297852755,839.5879434349869,1,0,0,0,1,"['ㅇㅈ', '천마빔을 맛보여줘야 한다', '에이브람이 저렇게 독보적으로 잘큰게 ㅋㅋㅋ']"
2025-09-06T18:44:36.740517,3:09:13,189.21666666666667,7.370698114178194,5,838,2.136181904600154,3.207681450352943e-05,51.23021616842338,10,7.370698114178194,40.0,6.796058768067479,839.7741490914882,2,0,0,0,2,"['ㅇㅈ', '천마빔을 맛보여줘야 한다', '에이브람이 저렇게 독보적으로 잘큰게 ㅋㅋㅋ']"
2025-09-06T18:44:41.833553,3:09:18,189.3,7.672529251648976,6,838,3.0316984542042875,0.00010086817509648212,51.113944454074364,10,7.672529251648976,40.0,6.571452891260732,839.9467341823394,2,1,0,0,3,"['ㅇㅈ', '천마빔을 맛보여줘야 한다', '에이브람이 저렇게 독보적으로 잘큰게 ㅋㅋㅋ']"
2025-09-06T18:44:46.837545,3:09:23,189.38333333333333,7.730940016831098,6,838,3.2143667820820747,0.00011303888535946109,51.05866427548227,10,7.730940016831098,40.0,6.364307602134659,840.1070607641054,2,1,0,0,3,"['에이브람이 저렇게 독보적으로 잘큰게 ㅋㅋㅋ', '?', '캬']"
2025-09-06T18:44:51.841899,3:09:28,189.46666666666667,8.233890729831373,7,838,4.676926927974949,0.00012644466177346271,50.969157271754305,10,8.233890729831373,40.0,6.172876841921194,840.2563546876949,2,1,0,0,3,"['에이브람이 저렇게 독보적으로 잘큰게 ㅋㅋㅋ', '?', '캬']"
2025-09-06T18:44:56.848223,3:09:33,189.55,7.8302992247063985,6,838,3.5848161971966843,3.694474299667586e-05,50.7559877779036,10,7.8302992247063985,40.0,6.010589157729075,840.3607192189254,1,1,0,0,2,"['?', '캬', '오 이제 슬슬 쎄지는데?']"
2025-09-06T18:45:01.928196,3:09:38,189.63333333333333,7.541833439624424,5,838,2.6910652280663356,1.0048710961825483e-05,50.99956590316821,10,7.541833439624424,40.0,5.864530241956167,840.424647297033,0,1,0,0,1,"['오 이제 슬슬 쎄지는데?', '왜 잘하는것이냐', '어시줍는노인']"
2025-09-06T18:45:06.932890,3:09:43,189.71666666666667,24.672642586664224,14,831,49.34853547495858,2.0520446280913625,50.798373191921776,10,24.672642586664224,40.0,5.733077217760551,840.4521825673297,7,3,0,0,10,"['가장 낮은 둘 합쳐야 1에이브람스네', 'ㅋㅋㅋㅋㅋㅋㅋ', 'ㅋㅋㅋㅋㅋㅋㅋㅋㅋㅋㅋㅋ']"
2025-09-06T18:45:11.936041,3:09:48,189.8,17.148252817577955,12,831,29.36947638171122,0.7137212716633484,50.83447575313686,10,17.148252817577955,40.0,5.659769495984496,840.4119643105968,7,2,0,0,9,"['ㅋㅋㅋㅋㅋㅋㅋ', 'ㅋㅋㅋㅋㅋㅋㅋㅋㅋㅋㅋㅋ', 'ㅋㅋㅋㅋㅋㅋ']"
2025-09-06T18:45:17.032425,3:09:53,189.88333333333333,21.954015632411704,13,831,40.305156068256196,3.1645535431370733,50.81389591267208,10,21.954015632411704,40.0,5.6237925463860465,840.310767879537,8,2,0,0,10,"['ㅋㅋㅋㅋㅋㅋㅋㅋㅋㅋㅋㅋ', 'ㅋㅋㅋㅋㅋㅋ', 'ㅋㅋㅋㅋㅋㅋㅋㅋㅋㅋㅋㅋㅋㅋㅋ']"
2025-09-06T18:45:22.121529,3:09:58,189.96666666666667,18.321981566131228,12,831,30.00499791871177,3.1444955987975707,50.624340550630826,10,18.321981566131228,40.0,5.6264132917474425,840.1546910915833,8,2,0,0,10,"['ㅋㅋㅋㅋㅋㅋㅋㅋㅋㅋㅋㅋ', 'ㅋㅋㅋㅋㅋㅋ', 'ㅋㅋㅋㅋㅋㅋㅋㅋㅋㅋㅋㅋㅋㅋㅋ']"
2025-09-06T18:45:27.229287,3:10:03,190.05,15.231823951064257,11,831,21.516754519287083,2.873657923713429,50.51496699828406,10,15.231823951064257,40.0,5.663771962572698,839.9492219824251,8,2,0,0,10,"['ㅋㅋㅋㅋㅋㅋㅋㅋㅋㅋㅋㅋ', 'ㅋㅋㅋㅋㅋㅋ', 'ㅋㅋㅋㅋㅋㅋㅋㅋㅋㅋㅋㅋㅋㅋㅋ']"
2025-09-06T18:45:32.247776,3:10:08,190.13333333333333,14.128607221069322,11,831,20.702128128557916,0.6170465306799258,51.360437638020805,10,14.128607221069322,40.0,5.727394766315428,839.6992997841826,7,2,0,0,9,"['ㅋㅋㅋㅋㅋㅋ', 'ㅋㅋㅋㅋㅋㅋㅋㅋㅋㅋㅋㅋㅋㅋㅋ', 'ㅋㅋㅋㅋㅋㅋㅋㅋㅋ']"
2025-09-06T18:45:37.329218,3:10:13,190.21666666666667,10.284611158886031,9,831,10.387555968508561,4.018590570601513e-05,51.48950495545753,10,10.284611158886031,40.0,5.814655289683886,839.4093698057643,1,1,0,0,2,"['띵 똥', 'ㅋㅋㅋㅋㅋㅋ 그저 도어맨', '어어']"
2025-09-06T18:45:42.340755,3:10:18,190.3,10.094848877320374,9,831,9.842931218403757,0.00014794936604840784,51.497637711326384,10,10.094848877320374,40.0,5.9231897607154975,839.0834328251879,2,1,0,0,3,"['ㅋㅋㅋㅋㅋㅋ 그저 도어맨', '어어', '튀어잇']"
2025-09-06T18:45:47.429662,3:10:23,190.38333333333333,10.775266698632102,10,831,12.625157965928205,3.6261733932008555e-05,48.56446905863657,10,10.775266698632102,40.0,6.055870784643949,838.7250895426691,1,1,0,0,2,"['어어', '튀어잇', '공포의 샷건소리']"
2025-09-06T18:45:52.518983,3:10:28,190.46666666666667,18.660018162448033,14,831,36.635195390399936,0.0016175601078552186,43.37052751764914,10,18.660018162448033,40.0,6.215283706179553,838.3375805884023,4,1,0,0,5,"['뒤도보지말고 튀어잇!!', '온다', '개무서운 파란 괴물 따라온다']"
2025-09-06T18:45:57.551246,3:10:33,190.55,24.685056101835368,16,831,53.21573534722888,0.016032724253529744,45.531356406038505,10,24.685056101835368,40.0,6.418755335561598,837.9538225295621,6,1,0,0,7,"['개무서운 파란 괴물 따라온다', 'ㅋㅋㅋㅋㅋㅋㅋㅋㅋㅋㅋㅋ', '?']"
2025-09-06T18:46:02.556169,3:10:38,190.63333333333333,16.513825959009537,14,831,28.44376561645342,0.01172756445765482,50.538169674677775,10,16.513825959009537,40.0,6.661879802005438,837.5734402766059,6,1,0,0,7,"['개무서운 파란 괴물 따라온다', 'ㅋㅋㅋㅋㅋㅋㅋㅋㅋㅋㅋㅋ', '?']"
2025-09-06T18:46:07.627842,3:10:43,190.71666666666667,9.55216152964921,10,831,8.50436710623332,0.0031011489503975785,50.743925828873884,10,9.55216152964921,40.0,6.930691821804894,837.1960962489453,6,0,0,0,6,"['ㅋㅋㅋㅋㅋㅋㅋㅋㅋㅋㅋㅋ', '?', '태산이네']"
2025-09-06T18:46:12.639933,3:10:48,190.8,8.63509570893379,9,831,5.84741918112703,0.0007832908771069959,50.88185679188486,10,8.63509570893379,40.0,7.207622639624405,836.8214866240509,5,0,0,0,5,"['태산이네', '개무섭다', 'ㅋㅋㅋㅋㅋㅋ']"
2025-09-06T18:46:17.740906,3:10:54,190.9,9.201248232462042,7,831,3.1693798138512057,0.000639117695701247,50.91709650535841,20,9.201248232462042,40.0,7.481860375661965,836.4493379616458,5,0,0,0,5,"['ㅋㅋㅋㅋㅋㅋ', 'ㅋㅋㅋㅋㅋㅋㅋㅋㅋ', 'ㅋㅋㅋㅋㅋㅋㅋㅋㅋ']"
2025-09-06T18:46:22.818964,3:10:59,190.98333333333332,8.579433641932035,4,831,1.3842257593152671,2.407960899075653e-05,50.949449943280946,20,8.579433641932035,40.0,7.738674338095769,836.0794041654813,2,0,0,0,2,"['이게 공포게임이지 ㅋㅋ', '도망가면서 ㅋㅋㅋㅋㅋㅋㅋㅋㅋㅋ', '우린저걸 엉만튀라고해요']"
2025-09-06T18:46:27.918550,3:11:04,191.06666666666666,8.650016615109156,4,831,1.345300817184737,5.708657244623129e-06,51.791590456316,20,8.650016615109156,40.0,7.959806904286192,835.7114637489332,0,0,1,0,1,"['우린저걸 엉만튀라고해요', '한대 때렸으니 이제 한대 맞을차례네', '빅터 궁 없지 않나']"
2025-09-06T18:46:32.921844,3:11:09,191.15,8.743719451319159,5,831,1.6771016708908417,5.6260815164201695e-06,51.56731616074758,20,8.743719451319159,40.0,8.148826213857573,835.34531737404,0,0,1,0,1,"['우린저걸 엉만튀라고해요', '한대 때렸으니 이제 한대 맞을차례네', '빅터 궁 없지 않나']"
2025-09-06T18:46:38.018693,3:11:14,191.23333333333332,8.880476036382367,6,831,2.0794277144526236,1.4561877932618004e-05,51.52670511572775,20,8.880476036382367,40.0,8.308943592471817,834.980785636636,1,0,1,0,2,"['한대 때렸으니 이제 한대 맞을차례네', '빅터 궁 없지 않나', '뭣']"
2025-09-06T18:46:43.049822,3:11:19,191.31666666666666,6.9322399661669,5,831,1.6052249734586885,1.4178609125885159e-05,48.70405554012709,10,6.9322399661669,40.0,8.453049233224636,834.6177070729724,1,0,1,0,2,"['빅터 궁 없지 않나', '뭣', '좋다']"
2025-09-06T18:46:48.124262,3:11:24,191.4,6.92236400136136,5,831,1.5770083033912723,1.3852904262451048e-05,48.70405554012709,10,6.92236400136136,40.0,8.582744309902173,834.2559363656752,1,0,1,0,2,"['빅터 궁 없지 않나', '뭣', '좋다']"
2025-09-06T18:46:53.138135,3:11:29,191.48333333333332,7.31688932791557,6,831,1.9640629172063329,1.368009441191072e-05,51.294618348555886,10,7.31688932791557,40.0,8.654469878911955,833.9303427291077,1,0,1,0,2,"['빅터 궁 없지 않나', '뭣', '좋다']"
2025-09-06T18:46:58.142556,3:11:34,191.56666666666666,6.58833631755496,4,831,1.237154883085921,7.648654878597075e-06,46.553290490129356,10,6.58833631755496,40.0,8.68902289102076,833.6373084561969,1,0,0,0,1,"['좋다', 'ㅋㅋㅋㅋㅋ', '분위기좋은데?']"
2025-09-06T18:47:03.157643,3:11:39,191.65,6.784686745351923,2,831,0.7830826435307527,3.0459959025520697e-06,50.10606601717798,10,6.784686745351923,40.0,8.675120601918685,833.3735776105773,0,0,0,0,0,"['분위기좋은데?', '대도약?']"
2025-09-06T18:47:08.219836,3:11:44,191.73333333333332,7.34189589906556,6,847,1.9772128638367663,8.832152826985056e-05,51.49836068111383,10,7.34189589906556,40.0,8.612608541726818,833.1362198495196,3,0,1,0,4,"['대도약?', 'ㅋㅋㅋㅋㅋㅋㅋㅋㅋㅋㅋㅋㅋㅋㅋㅋㅋㅋㅋㅋㅋㅋㅋㅋㅋㅋㅋ', 'ㅋㅋㅋㅋㅋㅋㅋㅋㅋ']"
2025-09-06T18:47:13.333670,3:11:49,191.81666666666666,7.598751272363026,10,847,5.038446882999662,0.006202807478848749,43.32813740321605,10,7.598751272363026,40.0,8.531347687554137,833.0025978645676,6,1,2,0,9,"['대도약?', 'ㅋㅋㅋㅋㅋㅋㅋㅋㅋㅋㅋㅋㅋㅋㅋㅋㅋㅋㅋㅋㅋㅋㅋㅋㅋㅋㅋ', 'ㅋㅋㅋㅋㅋㅋㅋㅋㅋ']"
2025-09-06T18:47:18.337502,3:11:54,191.9,10.366737831173417,14,847,12.741209571598159,0.01714585774500694,44.00456138016059,10,10.366737831173417,40.0,8.453212918798723,832.9623380781109,7,1,2,0,10,"['진짜 뭐임?', 'ㅋㅋㅋㅋㅋㅋㅋ', 'ㅋㅋㅋㅋㅋㅋㅋㅋㅋ']"
2025-09-06T18:47:23.425179,3:11:59,191.98333333333332,9.967684437698862,14,847,12.955873461478157,0.01796278572325515,39.25943611892205,10,9.967684437698862,40.0,8.40789162691885,833.0061042702998,7,1,2,0,10,"['ㅋㅋㅋㅋㅋㅋㅋ', 'ㅋㅋㅋㅋㅋㅋㅋㅋㅋ', '진짜 에브햄 개독하네 ㅋㅋㅋㅋㅋㅋㅋㅋㅋㅋㅋㅋㅋㅋㅋㅋㅋㅋ']"
2025-09-06T18:47:28.443604,3:12:04,192.06666666666666,11.278752313574667,15,847,16.254072634155566,0.01825859383920341,40.82523454084538,10,11.278752313574667,40.0,8.392102464226966,833.1254938432699,7,1,2,0,10,"['ㅋㅋㅋㅋㅋㅋㅋㅋㅋ', '진짜 에브햄 개독하네 ㅋㅋㅋㅋㅋㅋㅋㅋㅋㅋㅋㅋㅋㅋㅋㅋㅋㅋ', 'ㅋㅋㅋㅋㅋㅋㅋㅋㅋㅋㅋㅋㅋㅋㅋㅋㅋ 바로 뛰쳐오는거봐라']"
2025-09-06T18:47:33.527347,3:12:09,192.15,18.37690012286232,19,847,37.15357622125028,0.018055807003114367,38.659261226234754,10,18.37690012286232,40.0,8.40289221780427,833.3129444589429,7,1,2,0,10,"['ㅋㅋㅋㅋㅋㅋㅋㅋㅋㅋ', '둔 화', '퍽퍽퍽퍽']"
2025-09-06T18:47:38.534429,3:12:14,192.23333333333332,14.021501773974407,17,847,24.468765834494025,0.0014462198429140562,39.56855243964334,10,14.021501773974407,40.0,8.437602996023843,833.5616500130486,5,1,1,0,7,"['에브가 생명강타 써서', '피가 금방찼다는말임', '어차피 죽을거']"
2025-09-06T18:47:43.541562,3:12:19,192.31666666666666,10.69593347600738,14,847,12.645347762843087,5.173180779542764e-05,47.7004106628918,10,10.69593347600738,40.0,8.473842696421459,833.8654850117438,3,0,0,0,3,"['피가 금방찼다는말임', '어차피 죽을거', '공명파편으로']"
2025-09-06T18:47:48.630106,3:12:24,192.4,8.71100997240331,11,847,6.3738238538424845,1.9980396379528828e-05,49.801636313998884,10,8.71100997240331,40.0,8.506458426779313,834.2189365105694,2,0,0,0,2,"['어차피 죽을거', '공명파편으로', '반사?']"
2025-09-06T18:47:53.637222,3:12:29,192.48333333333332,8.123357360828464,10,847,5.025702785875994,1.982980035055648e-05,48.64353453851727,10,8.123357360828464,40.0,8.540812584101381,834.6170428595125,2,0,0,0,2,"['어차피 죽을거', '공명파편으로', '반사?']"
2025-09-06T18:47:58.640542,3:12:34,192.56666666666666,7.955632738484435,9,847,3.9630144936394696,1.967483454292204e-05,50.685697957768035,10,7.955632738484435,40.0,8.576731325691243,835.0553385735612,2,0,0,0,2,"['공명파편으로', '반사?', '스택2번쌓죠?']"
2025-09-06T18:48:03.724202,3:12:40,192.66666666666666,7.339414290226639,6,847,1.975172819245552,4.3918371530163685e-05,51.48086236142083,10,7.339414290226639,40.0,8.61905819312212,835.5298047162051,2,1,0,0,3,"['그냥 반격은 어떨까요', 'ㅋㅋㅋㅋㅋㅋㅋ', '따거햄인듯']"
2025-09-06T18:48:08.817933,3:12:45,192.75,6.991025155678151,3,847,0.9857478732490886,1.7192961363701046e-05,51.46006522856425,10,6.991025155678151,40.0,8.667152373809907,836.0368242445847,1,1,0,0,2,"['ㅋㅋㅋㅋ', '그냥 불도저신듯 ㅋ', '그냥 비밥을 미워하나 ㄷㄷ;']"
2025-09-06T18:48:13.920623,3:12:50,192.83333333333334,6.976820224527741,3,851,0.9827660918299751,6.8068064884557025e-06,51.32849369664654,10,6.976820224527741,40.0,8.705437136428916,836.5731418201262,0,1,0,0,1,"['그냥 불도저신듯 ㅋ', '그냥 비밥을 미워하나 ㄷㄷ;', '그래도 한명씩 짤라먹고있어서 좋아']"
2025-09-06T18:48:19.029246,3:12:55,192.91666666666666,6.783899584361877,2,851,0.7808293315652995,6.7914905590754565e-06,50.10606601717798,10,6.783899584361877,40.0,8.729893422786025,837.1558276381137,0,1,0,0,1,"['그냥 비밥을 미워하나 ㄷㄷ;', '그래도 한명씩 짤라먹고있어서 좋아']"
2025-09-06T18:48:24.041427,3:13:00,193.0,7.063499599699239,4,851,1.231608155124565,6.790236715723154e-06,51.32434029310954,10,7.063499599699239,40.0,8.731904080507423,837.7802448743024,0,1,0,0,1,"['그냥 비밥을 미워하나 ㄷㄷ;', '그래도 한명씩 짤라먹고있어서 좋아', '?']"
2025-09-06T18:48:29.121729,3:13:05,193.08333333333334,7.063643085582656,4,851,1.2320181125172884,6.792226626466183e-06,51.32434029310954,10,7.063643085582656,40.0,8.728713672456681,838.4422203868721,0,1,0,0,1,"['그냥 비밥을 미워하나 ㄷㄷ;', '그래도 한명씩 짤라먹고있어서 좋아', '?']"
2025-09-06T18:48:34.140848,3:13:10,193.16666666666666,7.012911334560455,3,851,0.9815761717460014,3.0459959025520697e-06,51.69358456050993,10,7.012911334560455,40.0,8.720842305211013,839.1379983481849,0,0,0,0,0,"['그래도 한명씩 짤라먹고있어서 좋아', '?', '엉만튀 ㅋ']"
2025-09-06T18:48:39.223138,3:13:15,193.25,6.582677283618372,4,851,1.2358886482350182,6.811010298894373e-06,46.50113532331996,10,6.582677283618372,40.0,8.698758074689913,839.8641985133663,0,1,0,0,1,"['그래도 한명씩 짤라먹고있어서 좋아', '?', '엉만튀 ㅋ']"
2025-09-06T18:48:44.226095,3:13:20,193.33333333333334,7.023470539147936,3,851,0.9848305466913821,6.823573882548649e-06,51.78777118376398,10,7.023470539147936,40.0,8.678882267220922,840.6177786620298,0,1,0,0,1,"['?', '엉만튀 ㅋ', '2스에 약화제거가 있는 미친캐릭터']"
2025-09-06T18:48:49.229447,3:13:25,193.41666666666666,7.115970998665647,4,851,1.2401666892318743,6.831763835504469e-06,51.819099247289564,10,7.115970998665647,40.0,8.66599404049883,841.3960007958268,0,1,0,0,1,"['?', '엉만튀 ㅋ', '2스에 약화제거가 있는 미친캐릭터']"
2025-09-06T18:48:54.233480,3:13:30,193.5,8.471035167670337,3,851,0.9875371653899626,6.845566343604883e-06,51.253944215573135,20,8.471035167670337,40.0,8.644394636448947,842.1164007162441,0,1,0,0,1,"['2스에 약화제거가 있는 미친캐릭터', '어라 데드락 벽점프 이제 W키 누르고 점프해도 벽점프 되네', '이걸 나가네']"
2025-09-06T18:48:59.244165,3:13:35,193.58333333333334,8.572753860678045,4,851,1.2502789584975784,6.880788070031946e-06,51.35153472888664,20,8.572753860678045,40.0,8.589955172804052,842.7847606446197,0,1,0,0,1,"['2스에 약화제거가 있는 미친캐릭터', '어라 데드락 벽점프 이제 W키 누르고 점프해도 벽점프 되네', '이걸 나가네']"
2025-09-06T18:49:04.319031,3:13:40,193.66666666666666,8.538665537314305,4,846,1.2638424537132005,3.0459959025520697e-06,50.96319460116324,20,8.538665537314305,40.0,8.490959655523646,843.4062845801577,0,0,0,0,0,"['어라 데드락 벽점프 이제 W키 누르고 점프해도 벽점프 되네', '이걸 나가네', '이걸 튀네']"
2025-09-06T18:49:09.547647,3:13:45,193.75,8.653463773967612,5,846,1.628208860383127,3.0459959025520697e-06,50.835894544351575,20,8.653463773967612,40.0,8.351863689971282,843.9606561221419,0,0,0,0,0,"['어라 데드락 벽점프 이제 W키 누르고 점프해도 벽점프 되네', '이걸 나가네', '이걸 튀네']"
2025-09-06T18:49:14.550578,3:13:50,193.83333333333334,8.668148257586543,5,846,1.6701645278657817,3.0459959025520697e-06,50.835894544351575,20,8.668148257586543,40.0,8.176677320974154,844.4545905099277,0,0,0,0,0,"['어라 데드락 벽점프 이제 W키 누르고 점프해도 벽점프 되네', '이걸 나가네', '이걸 튀네']"
2025-09-06T18:49:19.554150,3:13:55,193.91666666666666,8.812910987942157,6,846,2.2183982609511945,3.0459959025520697e-06,50.36470378210877,20,8.812910987942157,40.0,7.949009588876739,844.8941314589349,0,0,0,0,0,"['이걸 나가네', '이걸 튀네', '이걸 사네']"
2025-09-06T18:49:24.629107,3:14:00,194.0,9.53457872247344,10,846,6.46585772624743,6.907035747815717e-05,42.715008901438495,20,9.53457872247344,40.0,7.689108629989065,845.2847183130415,3,0,0,0,3,"['이걸 튀네', '이걸 사네', '벽점 쉬워짐']"
2025-09-06T18:49:29.632300,3:14:05,194.08333333333334,10.332517536956075,10,846,7.0453203474380155,7.683939546100432e-05,48.66624679594587,20,10.332517536956075,40.0,7.435197766990159,845.6312464817373,3,0,0,0,3,"['이걸 사네', '벽점 쉬워짐', '그가온다']"
2025-09-06T18:49:34.724543,3:14:11,194.18333333333334,11.465787535384063,11,846,9.99318681020321,0.00017082956717564006,49.68103819986068,20,11.465787535384063,40.0,7.201677990291143,845.9381218335636,3,0,1,0,4,"['그가온다', '구조 실패', 'ㅋㅋㅋㅋㅋㅋㅋㅋㅋㅋㅋㅋㅋ']"
2025-09-06T18:49:39.733286,3:14:16,194.26666666666668,11.763252937001015,11,846,10.878768269022837,0.00019224114228354636,49.55607146386109,20,11.763252937001015,40.0,6.996510191262029,846.2093096502073,3,0,1,0,4,"['구조 실패', 'ㅋㅋㅋㅋㅋㅋㅋㅋㅋㅋㅋㅋㅋ', 'ㅋㅋㅋㅋㅋ']"
2025-09-06T18:49:44.832129,3:14:21,194.35,12.063723832423035,11,846,11.73723194537397,0.0002137628900902321,49.55607146386109,20,12.063723832423035,40.0,6.821859172135826,846.4483786851865,3,0,1,0,4,"['구조 실패', 'ㅋㅋㅋㅋㅋㅋㅋㅋㅋㅋㅋㅋㅋ', 'ㅋㅋㅋㅋㅋ']"
2025-09-06T18:49:49.918772,3:14:26,194.43333333333334,11.398068254046526,10,846,9.392387944933041,0.0006619919311160463,51.104676765475155,20,11.398068254046526,40.0,6.689673254922243,846.6585408166679,3,1,1,0,5,"['ㅋㅋㅋㅋㅋㅋㅋㅋㅋㅋㅋㅋㅋ', 'ㅋㅋㅋㅋㅋ', '보선 안될것을 봐버렸다']"
2025-09-06T18:49:54.925153,3:14:31,194.51666666666668,9.540854467793359,7,846,4.044141401495949,6.289792038825894e-05,51.253798181016215,20,9.540854467793359,40.0,6.605705929430019,846.8426867350012,1,1,1,0,3,"['파란 괴물', '너무끔찍해', '진짜 공포네']"
2025-09-06T18:49:59.929941,3:14:36,194.6,9.567307484680125,7,846,4.116005027851267,6.453447824330248e-05,51.26679911140884,20,9.567307484680125,40.0,6.550135336487017,846.9834180615011,1,1,1,0,3,"['너무끔찍해', '진짜 공포네', '혼자 등장하면 공포영화']"
2025-09-06T18:50:04.932888,3:14:41,194.68333333333334,9.214866924629183,6,846,3.0706557431839836,3.0345111552528806e-05,51.401252764701674,20,9.214866924629183,40.0,6.525121802838315,847.0850762553509,1,1,0,0,2,"['혼자 등장하면 공포영화', '오늘 저녁에 약속 있다고 했잖음 이판 끝나고 감?', '캬']"
2025-09-06T18:50:09.938091,3:14:46,194.76666666666668,8.88980446971451,5,846,2.2758546338064094,3.0479427829081787e-05,50.93243156111135,20,8.88980446971451,40.0,6.512609622554484,847.1515686298159,1,1,0,0,2,"['오늘 저녁에 약속 있다고 했잖음 이판 끝나고 감?', '캬', '굿']"
2025-09-06T18:50:15.445738,3:14:51,194.85,8.890968903112645,5,846,2.279181509083092,3.054705606738946e-05,50.93243156111135,20,8.890968903112645,40.0,6.506348660299036,847.1864117668343,1,1,0,0,2,"['오늘 저녁에 약속 있다고 했잖음 이판 끝나고 감?', '캬', '굿']"
2025-09-06T18:50:28.937509,3:15:05,195.08333333333334,9.822811172793536,2,846,0.9122126299692643,3.0459959025520697e-06,50.03535533905933,30,9.822811172793536,40.0,6.510713794269133,847.192770590151,0,0,0,0,0,"['T', 'ㄲㅂ']"
2025-09-06T18:52:10.437272,3:16:46,196.76666666666668,9.822996426897404,2,836,0.9127335000749857,1.0419913067372047e-05,50.03535533905933,30,9.822996426897404,40.0,6.50464241484222,847.1734935311359,1,0,0,0,1,"['ㅋㅋㅋㅋㅋㅋㅋ', '야 쟤 무슨']"
2025-09-06T18:52:16.838829,3:16:53,196.88333333333333,9.633954125793249,4,836,1.6849393317406105,9.015019022142671e-05,45.44189299607946,30,9.633954125793249,40.0,6.494178173357998,847.0811441780223,1,2,0,0,3,"['ㅋㅋㅋㅋㅋㅋㅋ', '야 쟤 무슨', '52k뭔데']"
2025-09-06T18:52:21.847545,3:16:58,196.96666666666667,11.051543148853892,8,836,5.679328427510776,0.012594064650472638,45.58740573364931,30,11.051543148853892,40.0,6.484760356022198,846.9230297602201,2,4,2,0,8,"['ㅋㅋㅋㅋㅋㅋㅋ', '야 쟤 무슨', '52k뭔데']"
2025-09-06T18:52:26.919103,3:17:03,197.05,11.889003302993455,9,836,7.600818912609605,0.012330330552996075,47.23784551358896,30,11.889003302993455,40.0,6.501284320419979,846.7057267841981,2,4,2,0,8,"['ㅋㅋㅋㅋㅋㅋㅋ', '야 쟤 무슨', '52k뭔데']"
2025-09-06T18:52:31.922577,3:17:08,197.13333333333333,10.345904912603677,9,836,7.478376314240043,0.01172162815191706,47.23784551358896,20,10.345904912603677,40.0,6.541155888377982,846.4351541057782,2,4,2,0,8,"['ㅋㅋㅋㅋㅋㅋㅋ', '야 쟤 무슨', '52k뭔데']"
2025-09-06T18:52:36.926592,3:17:13,197.21666666666667,9.464588544645704,8,836,5.442407187824243,0.0032336111848379934,45.58452584433283,20,9.464588544645704,40.0,6.6020402995401835,846.1416386952004,1,4,2,0,7,"['야 쟤 무슨', '52k뭔데', 'ㄹㅇ 아오오니']"
2025-09-06T18:52:41.947297,3:17:18,197.3,9.983114231057533,8,836,5.309778252051081,0.018160351617165636,51.17427702192787,20,9.983114231057533,40.0,6.671836269586166,845.8274748256804,1,5,3,0,9,"['ㄹㅇ 아오오니', '이게 진짜 아오오니지', '혼자 진짜 다른게임하고 있네']"
2025-09-06T18:52:47.520493,3:17:23,197.38333333333333,8.70890309126975,4,836,1.6087975390633558,5.896494269022782e-05,51.45800366620498,20,8.70890309126975,40.0,6.74965264262755,845.4947273431123,1,1,1,0,3,"['저거 뭐 어캐잡냐 ㅋㅋㅋㅋㅋ', '패링 배울때까지 두들겨 맞기', '패링 주입기 ㄷㄷ']"
2025-09-06T18:52:52.525446,3:17:28,197.46666666666667,8.854642894627432,5,836,2.1299672611137797,3.6976081958663875e-05,51.091395628048254,20,8.854642894627432,40.0,6.809687378364795,845.1452546088012,0,1,2,0,3,"['패링 주입기 ㄷㄷ', '53k 진짜 무섭네', '53k 저정도로 묵을라면']"
2025-09-06T18:52:57.536838,3:17:33,197.55,9.084426470889301,6,836,2.8258300122240736,3.658628853876337e-05,50.9537133209546,20,9.084426470889301,40.0,6.838718640528316,844.7807291479211,0,1,2,0,3,"['패링 주입기 ㄷㄷ', '53k 진짜 무섭네', '53k 저정도로 묵을라면']"
2025-09-06T18:53:02.741330,3:17:39,197.65,9.082895795685296,6,836,2.8214567474518693,3.650495420056705e-05,50.9537133209546,20,9.082895795685296,40.0,6.844846776475484,844.402656233129,0,1,2,0,3,"['패링 주입기 ㄷㄷ', '53k 진짜 무섭네', '53k 저정도로 묵을라면']"
2025-09-06T18:53:07.846506,3:17:44,197.73333333333332,8.647803244445221,5,850,2.122872245608182,1.3183309424643157e-05,49.04792685158587,20,8.647803244445221,40.0,6.825362098827936,844.0123906098161,0,0,2,0,2,"['53k 진짜 무섭네', '53k 저정도로 묵을라면', '종합소울차이가 딱 에이브람 차이네..']"
2025-09-06T18:53:12.917774,3:17:49,197.81666666666666,8.11553089621317,4,850,1.6009542784346809,6.369542043075525e-06,45.55194350944213,20,8.11553089621317,40.0,6.777825888945142,843.6811515488346,0,0,1,0,1,"['53k 저정도로 묵을라면', '종합소울차이가 딱 에이브람 차이네..', '죽어도 살아나는 진짜 퍼런괴물이네']"
2025-09-06T18:53:18.038246,3:17:54,197.9,8.741033251721941,5,850,2.1812085083866894,1.8262705588358505e-05,49.77602968704364,20,8.741033251721941,40.0,6.700043300050629,843.4030363939512,0,1,1,0,2,"['53k 저정도로 묵을라면', '종합소울차이가 딱 에이브람 차이네..', '죽어도 살아나는 진짜 퍼런괴물이네']"
2025-09-06T18:53:23.135759,3:17:59,197.98333333333332,8.337714779291005,2,850,0.9042801709140366,8.790088738881308e-06,50.21213203435597,20,8.337714779291005,40.0,6.605038970045566,843.1727327545561,0,1,0,0,1,"['옵젝위치 다외우고 다녀야겠넹', '피교환 대박만나면']"
2025-09-06T18:53:28.218986,3:18:04,198.06666666666666,8.23529733150231,1,850,0.6722678613981621,8.950032380921096e-06,50.0,20,8.23529733150231,40.0,6.49453507304101,842.9854594791005,0,1,0,0,1,['피교환 대박만나면']
2025-09-06T18:53:33.325997,3:18:09,198.15,8.236770711772603,1,850,0.6764772926166239,9.148391961998763e-06,50.0,20,8.236770711772603,40.0,6.365081565736908,842.8369135311905,0,1,0,0,1,['피교환 대박만나면']
2025-09-06T18:53:38.336494,3:18:14,198.23333333333332,8.238462644435483,1,850,0.6813111212027726,9.380036283868068e-06,50.0,20,8.238462644435483,40.0,6.223573409163217,842.7232221780714,0,1,0,0,1,['피교환 대박만나면']
2025-09-06T18:53:43.339672,3:18:19,198.31666666666666,8.240319854365426,1,850,0.6866233172809121,4.23329276643592e-06,50.0,20,8.240319854365426,40.0,6.076216068246895,842.6408999602643,0,0,0,1,1,['빅터만 안 크면 아예 못 이기는건 아니겠네']
2025-09-06T18:53:48.418488,3:18:24,198.4,8.385186872234826,2,850,0.9692092106261554,4.269346365881945e-06,50.45961940777126,20,8.385186872234826,40.0,5.923594461422206,842.5868099642379,0,0,0,1,1,"['빅터만 안 크면 아예 못 이기는건 아니겠네', '집나가면 개고생이다']"
2025-09-06T18:53:53.427438,3:18:29,198.48333333333332,8.390641506299888,2,850,0.984793840118792,4.303702962183635e-06,50.45961940777126,20,8.390641506299888,40.0,5.786235015279986,842.5581289678141,0,0,0,1,1,"['빅터만 안 크면 아예 못 이기는건 아니겠네', '집나가면 개고생이다']"
2025-09-06T18:53:58.434745,3:18:34,198.56666666666666,8.395856667235936,2,850,0.9996942626804272,4.33630164916335e-06,50.45961940777126,20,8.395856667235936,40.0,5.662611513751988,842.6023160710326,0,0,0,1,1,"['빅터만 안 크면 아예 못 이기는건 아니겠네', '집나가면 개고생이다']"
2025-09-06T18:54:03.618182,3:18:39,198.65,8.66809546435193,3,850,1.4532366259962948,4.36994646676237e-06,51.5946089727464,20,8.66809546435193,40.0,5.5413503623767895,842.7120844639294,0,0,0,1,1,"['빅터만 안 크면 아예 못 이기는건 아니겠네', '집나가면 개고생이다', '문제는 3칸이나 막혀서 이제 말라죽음']"
2025-09-06T18:54:08.630798,3:18:44,198.73333333333332,8.68183909906801,3,857,1.492504108840985,4.409247565618778e-06,51.5946089727464,20,8.68183909906801,40.0,5.40721532613911,842.8808760175364,0,0,0,1,1,"['빅터만 안 크면 아예 못 이기는건 아니겠네', '집나가면 개고생이다', '문제는 3칸이나 막혀서 이제 말라죽음']"
2025-09-06T18:54:13.726089,3:18:49,198.81666666666666,9.805711111580646,6,857,4.745488806175217,1.1536478057544444e-05,51.44785414828095,20,9.805711111580646,40.0,5.256493793525199,843.1377884157828,0,1,0,0,1,"['집나가면 개고생이다', '문제는 3칸이나 막혀서 이제 말라죽음', 'ㄷㄷㄷ']"
2025-09-06T18:54:18.737355,3:18:55,198.91666666666666,9.874317925405,6,857,5.067764858621097,1.1998789784058305e-05,51.00595425371702,20,9.874317925405,40.0,5.1058444141726795,843.4740095742045,0,1,0,0,1,"['문제는 3칸이나 막혀서 이제 말라죽음', 'ㄷㄷㄷ', '자연재해']"
2025-09-06T18:54:23.917712,3:19:00,199.0,10.201129117463605,7,857,8.003737470599342,1.249144758993635e-05,43.998160061748,20,10.201129117463605,40.0,4.960259972755412,843.8816086167841,0,1,0,0,1,"['문제는 3칸이나 막혀서 이제 말라죽음', 'ㄷㄷㄷ', '자연재해']"
2025-09-06T18:54:28.921527,3:19:05,199.08333333333334,10.423152968613332,7,857,8.638090751516977,1.2998518972964348e-05,43.998160061748,20,10.423152968613332,40.0,4.8242339754798715,844.3534477551057,0,1,0,0,1,"['문제는 3칸이나 막혀서 이제 말라죽음', 'ㄷㄷㄷ', '자연재해']"
2025-09-06T18:54:33.924999,3:19:10,199.16666666666666,9.230264982953305,6,857,6.118631482115662,1.3435245525616723e-05,40.88738590114613,20,9.230264982953305,40.0,4.716810577931884,844.8831029795952,0,1,0,0,1,"['ㄷㄷㄷ', '자연재해', '냉정하네 도어맨']"
2025-09-06T18:54:38.936719,3:19:15,199.25,14.015296378911344,9,857,21.6601449374073,0.0016098794113650588,34.33601699054243,20,14.015296378911344,40.0,4.625129520138696,845.4647926816357,1,3,0,0,4,"['자연재해', '냉정하네 도어맨', '괘수다']"
2025-09-06T18:54:43.940428,3:19:20,199.33333333333334,13.169364068105043,7,857,10.155219387489582,0.0017665681225620124,51.143306552346644,30,13.169364068105043,40.0,4.557616568124827,846.0933134134721,1,3,0,0,4,"['괴수 11호다', 'ㄷㄷ', 'ㅋㅋㅋㅋㅋ']"
2025-09-06T18:54:49.043091,3:19:25,199.41666666666666,17.932808894267588,9,857,23.805997489007492,0.0019114310667212927,50.99945200688274,30,17.932808894267588,40.0,4.5018549113123445,846.7639820721248,1,3,0,0,4,"['괴수 11호다', 'ㄷㄷ', 'ㅋㅋㅋㅋㅋ']"
2025-09-06T18:54:54.046847,3:19:30,199.5,15.269263798315272,8,857,16.3033077487923,0.0019963816048013893,50.62307533596047,30,15.269263798315272,40.0,4.47166942018111,847.4025838649122,1,3,0,0,4,"['ㄷㄷ', 'ㅋㅋㅋㅋㅋ', 'ㄷㄷㄷ']"
2025-09-06T18:54:59.119571,3:19:35,199.58333333333334,27.356671851844773,11,857,50.99549412393498,0.07261852650046867,49.79201497867339,30,27.356671851844773,40.0,4.464502478162999,848.0123254784211,3,3,0,0,6,"['ㅋㅋㅋㅋㅋ', 'ㄷㄷㄷ', '와']"
2025-09-06T18:55:04.220737,3:19:40,199.66666666666666,48.964319011200466,15,838,100.0,13.49866796311678,40.64851825953751,30,48.964319011200466,40.0,4.4880522303467,848.596092930579,6,3,0,0,9,"['빔쏘자마자 바로 돌진해서 후려치는게..', '빅하빅하', '반피에서']"
2025-09-06T18:55:09.227085,3:19:45,199.75,31.983811163673966,12,838,64.0233724672332,0.01911714768284366,50.67983941069208,30,31.983811163673966,40.0,4.57424700731203,849.0614836375211,5,0,0,0,5,"['빅하빅하', '반피에서', 'ㅋㅋㅋㅋㅋㅋㅋㅋ']"
2025-09-06T18:55:14.232504,3:19:50,199.83333333333334,19.724145080635456,10,838,29.588036167844184,0.01494385937378001,48.62354878140478,30,19.724145080635456,40.0,4.706822306580827,849.420335273769,5,0,0,0,5,"['빅하빅하', '반피에서', 'ㅋㅋㅋㅋㅋㅋㅋㅋ']"
2025-09-06T18:55:19.239329,3:19:55,199.91666666666666,13.894222897518123,8,838,12.414751495433348,0.011219423873513601,50.44572104567046,30,13.894222897518123,40.0,4.871140075922744,849.6833017463921,5,0,0,0,5,"['ㅋㅋㅋㅋㅋㅋㅋㅋ', '분명 저거 감정있어', '쭉쭉차네 ㅋㅋㅋㅋ']"
2025-09-06T18:55:24.246155,3:20:00,200.0,13.433146978577401,8,838,11.100687737267915,0.00833541491646059,50.44572104567046,30,13.433146978577401,40.0,5.05402606833047,849.8599715717529,5,0,0,0,5,"['ㅋㅋㅋㅋㅋㅋㅋㅋ', '분명 저거 감정있어', '쭉쭉차네 ㅋㅋㅋㅋ']"
2025-09-06T18:55:29.331841,3:20:05,200.08333333333334,12.073167116145498,7,838,6.876815587830029,0.00029356588112480184,51.66164234052539,30,12.073167116145498,40.0,5.253623461497423,849.9589744145777,3,0,0,0,3,"['ㅋㅋㅋㅋㅋㅋㅋㅋㅋ', 'ㅋㅋㅋㅋ', '계속 체력 채우네 ㅋㅋㅋ']"
2025-09-06T18:55:34.335103,3:20:10,200.16666666666666,10.464850159143722,4,838,2.1240162135235345,3.0459959025520697e-06,52.21443266012124,30,10.464850159143722,40.0,5.45826111534768,849.98807697312,0,0,0,0,0,"['헤이즈나갔네', '애들 의식 계속하네', '!멤버']"
2025-09-06T18:55:39.338821,3:20:15,200.25,10.035600126250156,3,838,1.4228573678615655,3.0459959025520697e-06,50.37598829100248,30,10.035600126250156,40.0,5.652435003812912,849.954269275808,0,0,0,0,0,"['애들 의식 계속하네', '!멤버', '에브 겁나세네']"
2025-09-06T18:55:44.417848,3:20:20,200.33333333333334,10.019681276743263,3,838,1.3773749406990115,3.0459959025520697e-06,50.37598829100248,30,10.019681276743263,40.0,5.832191503431622,849.8638423482272,0,0,0,0,0,"['애들 의식 계속하네', '!멤버', '에브 겁나세네']"
2025-09-06T18:55:49.421672,3:20:25,200.41666666666666,10.006567822842833,3,838,1.3399079295549232,3.0459959025520697e-06,50.37598829100248,30,10.006567822842833,40.0,5.99397235308846,849.7224581134045,0,0,0,0,0,"['애들 의식 계속하네', '!멤버', '에브 겁나세네']"
2025-09-06T18:55:54.425004,3:20:30,200.5,10.4418665777527,4,838,1.8080658621156678,3.0459959025520697e-06,53.09042307613855,30,10.4418665777527,40.0,6.139575117779614,849.500212302064,0,0,0,0,0,"['애들 의식 계속하네', '!멤버', '에브 겁나세네']"
2025-09-06T18:55:59.438560,3:20:35,200.58333333333334,9.00840185161115,3,838,1.284342415094538,1.0931593379444173e-05,40.5887763369071,30,9.00840185161115,40.0,6.260617606001653,849.2051910718576,1,0,0,0,1,"['리쥬도 있는데 침착하게 후퇴까지 하네', 'ㅋㅋㅋ 화장실 스노우볼', '잘하긴 한다']"
2025-09-06T18:56:04.724849,3:20:41,200.68333333333334,10.189345548543276,5,838,2.363406628863333,3.7777221228774416e-05,48.62138117552617,30,10.189345548543276,40.0,6.354555845401488,848.8446719646718,2,0,0,0,2,"['리쥬도 있는데 침착하게 후퇴까지 하네', 'ㅋㅋㅋ 화장실 스노우볼', '잘하긴 한다']"
2025-09-06T18:56:09.730822,3:20:46,200.76666666666668,10.17456219395894,5,834,2.3211697151252095,3.6690281246563794e-05,48.62138117552617,30,10.17456219395894,40.0,6.429100260861339,848.4252047682046,2,0,0,0,2,"['리쥬도 있는데 침착하게 후퇴까지 하네', 'ㅋㅋㅋ 화장실 스노우볼', '잘하긴 한다']"
2025-09-06T18:56:14.735058,3:20:51,200.85,10.708831339766306,6,834,3.1042095313546545,3.5895325381102475e-05,51.22343645662024,30,10.708831339766306,40.0,6.486190234775205,847.9326842913841,2,0,0,0,2,"['리쥬도 있는데 침착하게 후퇴까지 하네', 'ㅋㅋㅋ 화장실 스노우볼', '잘하긴 한다']"
2025-09-06T18:56:19.742121,3:20:56,200.93333333333334,10.693387529037315,6,834,3.0600851455107057,3.520611635948407e-05,51.22343645662024,30,10.693387529037315,40.0,6.537571211297685,847.3744158622458,2,0,0,0,2,"['리쥬도 있는데 침착하게 후퇴까지 하네', 'ㅋㅋㅋ 화장실 스노우볼', '잘하긴 한다']"
2025-09-06T18:56:24.824339,3:21:01,201.01666666666668,10.424548484480058,5,834,2.2464836966084794,3.479867938166704e-05,51.38265271195337,30,10.424548484480058,40.0,6.568814090167917,846.7569742760212,2,0,0,0,2,"['ㅋㅋㅋ 화장실 스노우볼', '잘하긴 한다', '데드락은 언제나 하는 사람들이 매일 하네 ㅋㅋㅋㅋ']"
2025-09-06T18:56:29.925312,3:21:06,201.1,8.771258738958974,4,834,1.6562031452504202,1.0261035095578034e-05,51.91583533707289,20,8.771258738958974,40.0,6.586932681151126,846.0862768484191,1,0,0,0,1,"['데드락은 언제나 하는 사람들이 매일 하네 ㅋㅋㅋㅋ', '헤이즈 튕겼구나', '라인전도 라인전인데 그냥 에이브람스가 잘함']"
2025-09-06T18:56:34.939403,3:21:11,201.18333333333334,6.092008401932111,3,834,1.2266213564832285,3.0459959025520697e-06,41.6268970876462,10,6.092008401932111,40.0,6.578239413036013,845.3676491635772,0,0,0,0,0,"['라인전도 라인전인데 그냥 에이브람스가 잘함', '61k면', '근데 헤이즈 나가서']"
2025-09-06T18:56:40.016774,3:21:16,201.26666666666668,6.045066445942012,5,834,2.25860415844738,6.538588659257453e-06,37.54552375049965,10,6.045066445942012,40.0,6.5454154717324124,844.6058842472195,0,0,1,0,1,"['라인전도 라인전인데 그냥 에이브람스가 잘함', '61k면', '근데 헤이즈 나가서']"
2025-09-06T18:56:45.120592,3:21:21,201.35,5.185648846313762,4,834,1.6875765396513813,6.584602880536622e-06,30.949944235946262,10,5.185648846313762,40.0,6.485873924559171,843.8052958224976,0,0,1,0,1,"['61k면', '근데 헤이즈 나가서', '후반가면 진짜 모르긴함']"
2025-09-06T18:56:50.219699,3:21:26,201.43333333333334,6.024586684745643,5,834,2.350342558275291,6.6716046377415295e-06,37.01964120707435,10,6.024586684745643,40.0,6.377286532103255,843.0647662402478,0,0,1,0,1,"['61k면', '근데 헤이즈 나가서', '후반가면 진짜 모르긴함']"
2025-09-06T18:56:55.222779,3:21:31,201.51666666666668,6.052127550888337,5,834,2.429030619126724,6.783716371530046e-06,37.01964120707435,10,6.052127550888337,40.0,6.2445578788929295,842.378289616223,0,0,1,0,1,"['61k면', '근데 헤이즈 나가서', '후반가면 진짜 모르긴함']"
2025-09-06T18:57:00.226337,3:21:36,201.6,7.821292572151133,6,834,3.4831202691880803,2.566016194664471e-05,51.021902138705265,10,7.821292572151133,40.0,6.100102091003636,841.7404606546007,1,0,1,0,2,"['근데 헤이즈 나가서', '후반가면 진짜 모르긴함', '에이브람스 갑자기 훅 튀어나올거 같네']"
2025-09-06T18:57:05.229663,3:21:41,201.68333333333334,9.054736914429729,8,847,7.008803126534155,6.242184421291494e-05,51.01630851405089,10,9.054736914429729,40.0,5.960091881903272,841.1464145891407,1,0,2,0,3,"['후반가면 진짜 모르긴함', '에이브람스 갑자기 훅 튀어나올거 같네', '굿굿']"
2025-09-06T18:57:10.232520,3:21:46,201.76666666666668,7.735671463783776,7,834,5.317802758182133,2.82788156918328e-05,43.744291868937516,10,7.735671463783776,40.0,5.834082693712945,840.6567731302266,1,0,1,0,2,"['굿굿', '에이브람스가 희생자를 잡고있다', 'ㅋㅋㅋㅋㅋㅋㅋㅋㅋ']"
2025-09-06T18:57:15.236739,3:21:51,201.85,7.823829283845996,7,847,5.569680784423394,2.9556010141834637e-05,43.744291868937516,10,7.823829283845996,40.0,5.7206744243416505,840.196095817204,1,0,1,0,2,"['굿굿', '에이브람스가 희생자를 잡고있다', 'ㅋㅋㅋㅋㅋㅋㅋㅋㅋ']"
2025-09-06T18:57:20.239854,3:21:56,201.93333333333334,9.456680519326842,8,847,8.140581637225171,0.00010605425460405631,51.07434524596189,10,9.456680519326842,40.0,5.633606981907486,839.8264862354836,1,1,1,0,3,"['에이브람스가 희생자를 잡고있다', 'ㅋㅋㅋㅋㅋㅋㅋㅋㅋ', '16킬은 뭐야']"
2025-09-06T18:57:25.419059,3:22:01,202.01666666666668,9.53184470292597,8,847,8.355332262234203,0.00010971636952058074,51.07434524596189,10,9.53184470292597,40.0,5.580246283716738,839.5388376119353,1,1,1,0,3,"['에이브람스가 희생자를 잡고있다', 'ㅋㅋㅋㅋㅋㅋㅋㅋㅋ', '16킬은 뭐야']"
2025-09-06T18:57:30.422216,3:22:06,202.1,7.668236302953245,5,847,2.9532357337475603,1.0734363233354393e-05,51.345995023963056,10,7.668236302953245,40.0,5.557221655345065,839.3249538507417,0,1,0,0,1,"['인페 죽었다', '16 연속처치', '유령타격 이제 있을거같은데']"
2025-09-06T18:57:35.425601,3:22:11,202.18333333333334,6.858618957278536,2,847,1.0145117690262373,1.076053355024653e-05,50.03535533905933,10,6.858618957278536,40.0,5.546499489810558,839.1774584656675,0,1,0,0,1,"['에이브 23킬ㄷㄷ', '저정도면 범죈데']"
2025-09-06T18:57:40.430834,3:22:16,202.26666666666668,6.859525945920633,2,847,1.017103109841653,1.0808925302668797e-05,50.03535533905933,10,6.859525945920633,40.0,5.526849540829502,839.0897126191009,0,1,0,0,1,"['에이브 23킬ㄷㄷ', '저정도면 범죈데']"
2025-09-06T18:58:06.326671,3:22:42,202.7,6.0417281300547465,3,868,1.4638281018628791,3.0459959025520697e-06,40.293870760043774,10,6.0417281300547465,40.0,5.504164586746553,839.0557413571908,0,0,0,0,0,"['사실 지금까지 끌리는것도', '신기한 게임이긴함', '아이템칸이 부족하다']"
2025-09-06T18:58:11.333240,3:22:47,202.78333333333333,6.044818056503415,3,868,1.472656463144788,3.0459959025520697e-06,40.293870760043774,10,6.044818056503415,40.0,5.4737481280718985,839.1751672214717,0,0,0,0,0,"['사실 지금까지 끌리는것도', '신기한 게임이긴함', '아이템칸이 부족하다']"
2025-09-06T18:58:16.337231,3:22:52,202.86666666666667,6.048688041356857,3,868,1.4837135627260511,3.0459959025520697e-06,40.293870760043774,10,6.048688041356857,40.0,5.436373315264708,839.4526504993246,0,0,0,0,0,"['사실 지금까지 끌리는것도', '신기한 게임이긴함', '아이템칸이 부족하다']"
2025-09-06T18:58:21.341246,3:22:57,202.95,6.906387233184497,4,868,2.1647146387325176,3.0459959025520697e-06,46.48735891229755,10,6.906387233184497,40.0,5.387735983738238,839.8723854493921,0,0,0,0,0,"['사실 지금까지 끌리는것도', '신기한 게임이긴함', '아이템칸이 부족하다']"
2025-09-06T18:58:26.344386,3:23:02,203.03333333333333,6.9176885488719835,4,868,2.1970041121253354,3.0459959025520697e-06,46.48735891229755,10,6.9176885488719835,40.0,5.333962385364415,840.420146904453,0,0,0,0,0,"['사실 지금까지 끌리는것도', '신기한 게임이긴함', '아이템칸이 부족하다']"
2025-09-06T18:58:31.418732,3:23:07,203.11666666666667,8.725854868099358,3,868,1.5324494706614007,3.0459959025520697e-06,51.894963349695054,20,8.725854868099358,40.0,5.280566146827974,841.0831322140077,0,0,0,0,0,"['신기한 게임이긴함', '아이템칸이 부족하다', '헤이즈 집에 불 내기 전략']"
2025-09-06T18:58:36.422089,3:23:12,203.2,8.253463349015046,1,868,0.7241775160476712,3.0459959025520697e-06,50.0,20,8.253463349015046,40.0,5.227509532145176,841.849818992607,0,0,0,0,0,['헤이즈 집에 불 내기 전략']
2025-09-06T18:58:41.425165,3:23:17,203.28333333333333,8.391815833176812,2,868,1.068962700710819,3.0459959025520697e-06,50.17677669529664,20,8.391815833176812,40.0,5.169758578930659,842.7098370933463,0,0,0,0,0,"['헤이즈 집에 불 내기 전략', '퍼런괴물 또 왔다']"
2025-09-06T18:58:46.428858,3:23:22,203.36666666666667,8.838072298712076,3,868,1.5938385178923473,1.4608446320323932e-05,52.802229740712264,20,8.838072298712076,40.0,5.102782721037594,843.6538533840118,1,0,0,0,1,"['헤이즈 집에 불 내기 전략', '퍼런괴물 또 왔다', 'ㅋㅋㅋㅋㅋㅋㅋㅋㅋㅋㅋㅋ']"
2025-09-06T18:58:51.432319,3:23:27,203.45,8.643054618101758,3,868,1.6181116925948151,1.4908265302716746e-05,50.76709562387452,20,8.643054618101758,40.0,5.037504448933834,844.6734680456105,1,0,0,0,1,"['퍼런괴물 또 왔다', 'ㅋㅋㅋㅋㅋㅋㅋㅋㅋㅋㅋㅋ', '던졌네']"
2025-09-06T18:58:56.457586,3:23:32,203.53333333333333,24.683049808708173,12,868,47.3776773984189,0.10679796634378953,50.581435327240406,20,24.683049808708173,40.0,4.96875400404045,845.7611212410495,3,4,0,0,7,"['던졌네', 'ㅋㅋㅋㅋㅋㅋㅋㅋㅋㅋ', '와']"
2025-09-06T18:59:01.627031,3:23:37,203.61666666666667,37.02152182053687,14,868,83.44680365379693,0.1130490234931775,47.69920932310671,20,37.02152182053687,40.0,4.941878603636405,846.9100091169446,3,4,0,0,7,"['와', '오', '왕구술']"
2025-09-06T18:59:06.731818,3:23:42,203.7,44.0067676646846,17,865,100.0,0.5477062710916463,42.87685156247946,30,44.0067676646846,40.0,4.957690743272765,848.1140082052501,4,4,0,0,8,"['비이이ㅣㅇㅁ', '와 알 크기', 'ㅋㅋㅋㅋㅋㅋ']"
2025-09-06T18:59:11.739017,3:23:48,203.8,43.74053791745126,18,865,100.0,0.4749549806199469,40.505559252032874,30,43.74053791745126,40.0,5.016921668945488,849.2876073847251,4,4,0,0,8,"['ㅋㅋㅋㅋㅋㅋ', '와 공룡알', '굿']"
2025-09-06T18:59:16.743408,3:23:53,203.88333333333333,43.80197645666259,17,865,100.0,0.07760033080754546,42.70936324339565,30,43.80197645666259,40.0,5.1252295020509395,850.4988466462526,3,4,0,0,7,"['ㅋㅋㅋㅋㅋㅋ', '와 공룡알', '굿']"
2025-09-06T18:59:21.824372,3:23:58,203.96666666666667,32.21070684096892,14,865,66.8228858331307,0.0033984675484702996,43.21337412353789,30,32.21070684096892,40.0,5.272706551845846,851.6789619816274,2,3,0,0,5,"['ㅋㅋㅋㅋㅋㅋ', '와 공룡알', '굿']"
2025-09-06T18:59:26.827274,3:24:03,204.05,12.289511887754074,8,865,8.988790266539612,5.7828040883340356e-05,46.43412163248857,30,12.289511887754074,40.0,5.435435896661262,852.8310657834647,2,0,0,0,2,"['레이드 성공', '그놈이 누웠다', '에브 돈 뭐임?']"
2025-09-06T18:59:31.831474,3:24:08,204.13333333333333,12.069399052678992,8,865,8.348565462077813,0.00018759651138744476,46.47326102347202,30,12.069399052678992,40.0,5.581892306995136,853.9579592051183,2,1,0,0,3,"['에브 돈 뭐임?', '캬', '이건 기회야']"
2025-09-06T18:59:36.836096,3:24:13,204.21666666666667,12.371160286389625,8,865,7.780280278545884,9.99848839751407e-05,51.48022194944975,30,12.371160286389625,40.0,5.728703076295623,855.0621632846065,1,1,1,0,3,"['좋다', '역전각 떴다', 'ㅋㅋㅋㅋㅋㅋㅋㅋㅋㅋ']"
2025-09-06T18:59:42.023024,3:24:18,204.3,12.07600736118824,8,865,7.22542512125563,9.08248735216499e-05,50.47072238799361,30,12.07600736118824,40.0,5.890832768666061,856.145946956146,1,1,1,0,3,"['ㅋㅋㅋㅋㅋㅋㅋㅋㅋㅋ', 'ㅗㅜㅑ', '오']"
2025-09-06T18:59:47.224151,3:24:23,204.38333333333333,17.0724347287843,12,865,22.931806546279386,8.230943988851974e-05,45.4626951381056,30,17.0724347287843,40.0,6.066749491799456,857.2113522605314,1,1,1,0,3,"['오', '이젠 진짜할만하다', '개?']"
2025-09-06T18:59:52.228161,3:24:28,204.46666666666667,16.204933483122392,12,865,20.453241095997672,7.396428162189899e-05,45.4626951381056,30,16.204933483122392,40.0,6.270074542619511,858.1552170344783,1,1,1,0,3,"['오', '이젠 진짜할만하다', '개?']"
2025-09-06T18:59:57.240247,3:24:33,204.55,17.069977590121596,13,865,23.86558079667426,5.669999151147024e-05,42.17001631289001,30,17.069977590121596,40.0,6.498067088357561,858.9896953310305,0,2,1,0,3,"['개?', '일루왓', '한명 나갓네']"
2025-09-06T19:00:02.318926,3:24:38,204.63333333333333,16.016237420294186,13,865,20.866099441129823,5.076887816580203e-05,42.13082308347481,30,16.016237420294186,40.0,6.753260379521805,859.7257257979275,0,2,1,0,3,"['한명 나갓네', '승기가 보인다', '미드']"
2025-09-06T19:00:07.340398,3:24:43,204.71666666666667,10.743434144610198,9,853,6.220972471562025,2.2328821678570304e-05,40.660848480348186,30,10.743434144610198,40.0,7.027934341569625,860.3731532181347,0,2,0,0,2,"['승기가 보인다', '미드', '나왔다']"
2025-09-06T19:00:12.343817,3:24:48,204.8,11.557250806660257,9,853,5.670410221397884,2.0730354403778666e-05,50.725989370292346,30,11.557250806660257,40.0,7.300140907412663,860.8808378963213,0,2,0,0,2,"['나왔다', '타이밍 개지렸다', '미드 라인을 밀어야할거같은디']"
2025-09-06T19:00:17.417789,3:24:53,204.88333333333333,10.393681926858756,6,853,2.387955669939166,1.9336252570225486e-05,50.57889707879019,30,10.393681926858756,40.0,7.575126816671397,861.2627541066892,0,2,0,0,2,"['이러면 할만한데?', '이게 딱 나오네', '딜이안나와']"
2025-09-06T19:00:22.426657,3:24:58,204.96666666666667,11.252179856989267,9,853,4.795783202988248,1.8134379075548715e-05,50.7364848219175,30,11.252179856989267,40.0,7.847614135004258,861.5314786960203,0,2,0,0,2,"['이러면 할만한데?', '이게 딱 나오네', '딜이안나와']"
2025-09-06T19:00:27.619004,3:25:03,205.05,12.74654986396619,12,853,9.06778376432488,3.56768584014462e-05,50.728112757091196,30,12.74654986396619,40.0,8.127852721503832,861.6983308264183,1,1,1,0,3,"['먹는거 느리면 브람 달려올지도', '뚱뚱이 온다', '!멤버']"
2025-09-06T19:00:32.625585,3:25:08,205.13333333333333,16.037680475594325,16,853,19.9175988837153,9.519585396050502e-05,45.66482787952388,30,16.037680475594325,40.0,8.425067449353449,861.7734977437765,3,0,1,0,4,"['왔다', '왔다', 'ㅋㅋㅋㅋㅋㅋ']"
2025-09-06T19:00:37.630120,3:25:13,205.21666666666667,34.4243552868149,24,853,74.61620330604242,0.0005191757539382784,38.08476459398478,30,34.4243552868149,40.0,8.757560704418104,861.7661479693988,5,0,1,0,6,"['던진다', 'ㅋㅋㅋㅋㅋㅋㅋㅋㅋㅋㅋㅋㅋㅋㅋㅋㅋ', 'cc기 캬']"
2025-09-06T19:00:42.828960,3:25:19,205.31666666666666,37.851922718975004,26,853,85.29502855040322,0.0038028266176362625,34.97141595686823,30,37.851922718975004,40.0,9.116804633976294,861.684533172459,6,1,2,0,9,"['혼자서는', '에이브가 커봐야 에이브지', '왔다']"
2025-09-06T19:00:47.833110,3:25:24,205.4,41.13515405177451,28,853,94.73785484753569,0.006620359235584868,34.74256711442788,30,41.13515405177451,40.0,9.500124170578665,861.5360798552132,7,1,2,0,10,"['왔다', '궁이 없다는거임~', '계속 던지는데?']"
2025-09-06T19:00:54.039422,3:25:30,205.5,23.614071804788722,24,853,48.04049091461775,0.0048535117537725474,37.979585799710016,20,23.614071804788722,40.0,9.900111753520799,861.342471869692,7,1,2,0,10,"['왔다', '궁이 없다는거임~', '계속 던지는데?']"
2025-09-06T19:00:59.120103,3:25:35,205.58333333333334,11.885906428978647,18,853,15.150731386122215,0.00047686150263230543,50.8295969923482,10,11.885906428978647,40.0,10.290100578168719,861.1082246827227,5,1,1,0,7,"['계속 던지는데?', '헤이즈 나가서', '센스좋았다']"
2025-09-06T19:01:04.125791,3:25:40,205.66666666666666,8.917420859765231,14,850,6.649733920834958,4.226254196343135e-05,50.89997082456211,10,8.917420859765231,40.0,10.646090520351848,860.8374022144505,2,1,1,0,4,"['헤이즈 나가서', '센스좋았다', 'ㅋㅋㅋㅋㅋㅋㅋㅋ 진짜 오네']"
2025-09-06T19:01:09.131439,3:25:45,205.75,7.229981927374691,7,850,1.761364579322129,6.317499586799554e-06,51.13501797612111,10,7.229981927374691,40.0,10.966481468316664,860.5186619930055,1,0,0,0,1,"['이러면 됐는데', '에이브람스 1대1은 강해도', 'cc에 cc에 cc에 cc']"
2025-09-06T19:01:14.146721,3:25:50,205.83333333333334,7.221539183358616,7,850,1.7061052299701465,1.2629952245950119e-05,51.24397300888167,10,7.221539183358616,40.0,11.249833321484997,860.156795793705,2,0,0,0,2,"['cc에 cc에 cc에 cc', '다굴에는 장사없음 ㄹㅇ ㅋㅋ', '사실 패링만 잘하면 에브 진작 잡긴했지']"
2025-09-06T19:01:19.223122,3:25:55,205.91666666666666,7.0327619594480915,5,850,1.1758570556044226,6.107326660777534e-06,51.212095470558786,10,7.0327619594480915,40.0,11.499849989336498,859.7561162143345,1,0,0,0,1,"['사실 패링만 잘하면 에브 진작 잡긴했지', '사실 다굴에 장사있는 케릭이 없긴하거든요', '쿨다운']"
2025-09-06T19:01:24.226341,3:26:00,206.0,7.026430156801526,5,850,1.1577662774431379,6.031601372566103e-06,51.212095470558786,10,7.026430156801526,40.0,11.709864990402847,859.320504592901,1,0,0,0,1,"['사실 패링만 잘하면 에브 진작 잡긴했지', '사실 다굴에 장사있는 케릭이 없긴하거든요', '쿨다운']"
2025-09-06T19:01:29.230011,3:26:05,206.08333333333334,6.871881032827433,3,850,0.81799804144771,5.971563542996325e-06,50.855793296953166,10,6.871881032827433,40.0,11.883878491362564,858.853454133611,1,0,0,0,1,"['쿨다운', '양탄자 ㅋㅋ', '무형?']"
2025-09-06T19:01:34.235562,3:26:10,206.16666666666666,7.01514692518938,3,850,0.8141799396885946,5.9342768494602585e-06,52.30181572587632,10,7.01514692518938,40.0,11.995490642226308,858.3581087202499,1,0,0,0,1,"['양탄자 ㅋㅋ', '무형?', '쿨다운탬 많이 없어졌구나']"
2025-09-06T19:01:39.320332,3:26:15,206.25,7.014494475208736,3,850,0.8123158176671318,5.916094020135609e-06,52.30181572587632,10,7.014494475208736,40.0,12.050941578003679,857.837297848225,1,0,0,0,1,"['양탄자 ㅋㅋ', '무형?', '쿨다운탬 많이 없어졌구나']"
2025-09-06T19:01:44.326184,3:26:20,206.33333333333334,6.772804609606834,2,850,0.6885245315859382,3.0459959025520697e-06,50.31819805153395,10,6.772804609606834,40.0,12.050847420203311,857.2935680634025,0,0,0,0,0,"['쿨다운탬 많이 없어졌구나', '살인로봇']"
2025-09-06T19:01:49.341609,3:26:25,206.41666666666666,7.02331089026787,5,850,1.1345726353598489,1.063626528166607e-05,51.2620621338581,10,7.02331089026787,40.0,11.995762678182981,856.7292112570623,1,1,0,0,2,"['쿨다운탬 많이 없어졌구나', '살인로봇', '이야']"
2025-09-06T19:01:54.345009,3:26:30,206.5,7.025235810824776,5,850,1.1400723193797742,1.0714140111428342e-05,51.2620621338581,10,7.025235810824776,40.0,11.926186410364684,856.206290131356,1,1,0,0,2,"['쿨다운탬 많이 없어졌구나', '살인로봇', '이야']"
2025-09-06T19:01:59.432452,3:26:35,206.58333333333334,7.270057013319711,8,850,1.895981239139105,2.123838599830359e-05,51.06455084266625,10,7.270057013319711,40.0,11.843567769328216,855.7206611182204,2,1,0,0,3,"['쿨다운탬 많이 없어졌구나', '살인로봇', '이야']"
2025-09-06T19:02:04.522218,3:26:40,206.66666666666666,7.027649043872344,9,850,2.259339044627395,4.233367765857898e-05,47.36863444781693,10,7.027649043872344,40.0,11.779210992395393,855.2685950063984,3,1,0,0,4,"['살인로봇', '이야', '우와']"
2025-09-06T19:02:09.532324,3:26:45,206.75,7.309924597398621,10,860,2.694068020169927,4.288781807187403e-05,48.66983635211918,10,7.309924597398621,40.0,11.721289893155854,854.8467355057586,3,1,0,0,4,"['살인로봇', '이야', '우와']"
2025-09-06T19:02:14.543298,3:26:50,206.83333333333334,6.720794607473418,10,860,2.718340980900419,4.349652894104043e-05,42.69357865546695,10,6.720794607473418,40.0,11.659160903840268,854.5020619551827,3,1,0,0,4,"['우와', '캬', '이겼네']"
2025-09-06T19:02:19.940738,3:26:56,206.93333333333334,5.98996913110223,8,860,1.956167953301843,1.2137828732377072e-05,38.05305492315092,10,5.98996913110223,40.0,11.573244813456242,854.2268557596644,2,0,0,0,2,"['이겼네', '캬', '이거 상대가 리쥬있을떄']"
2025-09-06T19:02:25.126851,3:27:01,207.01666666666668,6.811564870069084,8,860,1.993419965683042,1.9170337104452006e-05,46.13860213945178,10,6.811564870069084,40.0,11.415920332110618,854.0141701836981,2,0,1,0,3,"['캬', '이거 상대가 리쥬있을떄', 'ㅋㅋㅋㅋㅋㅋㅋ']"
2025-09-06T19:02:30.130434,3:27:06,207.1,7.329131134036243,8,860,2.0515179370241525,1.9914639446883833e-05,51.11091890222011,10,7.329131134036243,40.0,11.184328298899556,853.8577531653283,2,0,1,0,3,"['ㅋㅋㅋㅋㅋㅋㅋ', '안빼고 걍 밀었으면 끝난겜인데', '근데 1명차이난다고']"
2025-09-06T19:02:35.134038,3:27:11,207.18333333333334,8.67528467323208,9,860,2.5611719325829947,9.145492142501186e-05,47.788379148594615,20,8.67528467323208,40.0,10.8758954690096,853.7519778487955,4,0,1,0,5,"['근데 1명차이난다고', '헤드꺠링', '게임 이렇게 엎어지네']"
2025-09-06T19:02:40.137520,3:27:16,207.26666666666668,9.76425174331915,12,860,4.735129477348408,0.0021445650938942845,51.06098600209648,20,9.76425174331915,40.0,10.52330592210864,853.691780063916,8,0,1,0,9,"['적팀 진짜 헤이즈 원망스럽겠다', '에이브가 던진게 너무큼', 'ㅋㅋㅋㅋㅋㅋㅋㅋ']"
2025-09-06T19:02:45.231924,3:27:21,207.35,11.796295617987983,16,860,10.881205878648151,0.13657767216809494,49.33242491593892,20,11.796295617987983,40.0,10.175975329897778,853.6726020575244,13,0,1,0,14,"['ㅋㅋㅋ', 'ㅋㅋㅋㅋㅋㅋㅋㅋㅋㅋ', 'ㅋㅋㅋㅋㅋㅋㅋㅋㅋㅋ']"
2025-09-06T19:02:50.320284,3:27:26,207.43333333333334,14.51301042733706,18,860,17.352342600880842,0.9548883035650647,50.57735195602739,20,14.51301042733706,40.0,9.873377796908,853.7053418517719,15,0,1,0,16,"['ㅋㅋㅋㅋㅋㅋㅋㅋㅋㅋ', 'ㅋㅋㅋㅋㅋㅋㅋ', 'ㅋㅋㅋㅋㅋㅋㅋㅋㅋㅋㅋㅋ']"
2025-09-06T19:02:55.341134,3:27:31,207.51666666666668,14.911935770570103,18,860,18.69772873724331,0.7572805308430827,50.64818500197711,20,14.911935770570103,40.0,9.656040017217201,853.7848076665948,15,0,0,0,15,"['ㅋㅋㅋㅋㅋㅋㅋㅋㅋㅋㅋㅋ', 'ㅋㅋㅋㅋㅋㅋㅋㅋㅋㅋㅋ', '적팀은 헤이즈가 밉다']"
2025-09-06T19:03:00.418591,3:27:36,207.6,16.47323336359758,19,860,23.70466359276746,0.28706474999466697,50.617752061311016,20,16.47323336359758,40.0,9.51543601549548,853.9063268999354,13,0,1,0,14,"['ㅋㅋㅋㅋㅋㅋ', 'ㅋㅋㅋㅋㅋㅋㅋㅋㅋㅋㅋㅋㅋㅋㅋㅋ', '이제 폭탄 ㅈㄴ 아픈데 ㅋㅋ']"
2025-09-06T19:03:05.422987,3:27:41,207.68333333333334,16.553274421493004,19,867,24.208042542193446,0.056701861785370136,50.57778787011151,20,16.553274421493004,40.0,9.458892413945932,854.065694209942,11,0,1,0,12,"['이제 폭탄 ㅈㄴ 아픈데 ㅋㅋ', '에혐 ㅋㅋㅋㅋㅋ', '에브 이제 살살 녹네 ㅋㅋㅋㅋㅋㅋㅋㅋ']"
2025-09-06T19:03:10.426309,3:27:46,207.76666666666668,14.296078162574165,16,860,13.524948802067671,0.0044196698172131515,50.60578213923596,30,14.296078162574165,40.0,9.47800317255134,854.2941247889478,8,0,1,0,9,"['에혐 ㅋㅋㅋㅋㅋ', '에브 이제 살살 녹네 ㅋㅋㅋㅋㅋㅋㅋㅋ', '왜부르냐']"
2025-09-06T19:03:15.431954,3:27:51,207.85,11.27428852799914,11,867,4.831088463574893,6.325891366232224e-05,50.833822621824616,30,11.27428852799914,40.0,9.560202855296206,854.5497123100531,3,0,1,0,4,"['에브 이제 살살 녹네 ㅋㅋㅋㅋㅋㅋㅋㅋ', '왜부르냐', '에브 캐치볼 대성공']"
2025-09-06T19:03:20.435234,3:27:56,207.93333333333334,12.575176804453452,14,867,8.57456073606306,6.103801762620668e-05,50.740561316243316,30,12.575176804453452,40.0,9.674182569766586,854.8647410790478,3,0,1,0,4,"['이겼다리', '(괴롭히며) 괴롭히지마!', '이제보니 에브가 맞벨그거였네']"
2025-09-06T19:03:25.521135,3:28:01,208.01666666666668,15.059019613004176,18,867,17.598465164522402,0.00013125468710020838,43.99504303546496,30,15.059019613004176,40.0,9.831764312789927,855.233266971143,4,0,1,0,5,"['캬', '승리', 'ㅋㅋㅋㅋㅋ']"
2025-09-06T19:03:30.528987,3:28:06,208.1,15.520098017906474,19,867,19.589256993371446,0.00016279735591019593,41.63792951284104,30,15.520098017906474,40.0,10.053587881510934,855.6499402740287,5,0,0,0,5,"['종날리던 복수다', 'ㅋㅋㅋㅋㅋㅋ', '다 나갔다']"
2025-09-06T19:03:35.532262,3:28:11,208.18333333333334,16.21585445351154,20,867,21.33347953793672,0.00031847189993316837,42.49009226473713,30,16.21585445351154,40.0,10.32322909335984,856.1099462466259,6,0,0,0,6,"['승리', '이겼다 이겼어', '이걸 이기네']"
2025-09-06T19:03:40.535816,3:28:16,208.26666666666668,15.767864348982059,20,867,19.22708521835407,0.000277194812076234,45.38273644633303,30,15.767864348982059,40.0,10.640906184023857,856.6089516219633,6,0,0,0,6,"['이겼다 이겼어', '이걸 이기네', '이걸 이기네']"
2025-09-06T19:03:45.540192,3:28:21,208.35,19.754728626279835,24,867,32.73520171555178,0.0005975748839874163,37.971689958831156,30,19.754728626279835,40.0,10.986815565621471,857.1430564597671,6,0,2,0,8,"['캬', '이걸이기네', '캬ㅑ']"
2025-09-06T19:03:50.618468,3:28:26,208.43333333333334,16.066688156327913,22,867,21.219589889769384,0.00011203533831351465,41.397868807733026,30,16.066688156327913,40.0,11.373134009059324,857.7087508137904,3,1,2,0,6,"['개쳐망했는데 이걸 이기네', '에이브 진짜 리스펙한다', '진짜 에브']"
2025-09-06T19:03:55.638179,3:28:31,208.51666666666668,13.871232381591192,20,867,13.76794056625607,9.889516751189023e-05,45.524136253345624,30,13.871232381591192,40.0,11.780820608153393,858.2528757324114,3,1,2,0,6,"['진짜 에브', '실프 마이크 껏음?', '똥의 복수다']"
2025-09-06T19:04:00.736074,3:28:37,208.61666666666667,15.794181467030036,23,867,19.438616779291596,0.008656609302432922,44.87202950557003,30,15.794181467030036,40.0,12.197738547338055,858.7775881591704,10,1,2,0,13,"['이게 바로 팀겜이지', '일퀘 끗', 'ㅋㅋㅋㅋㅋㅋㅋㅋㅋㅋ']"
2025-09-06T19:04:05.820133,3:28:42,208.7,20.4669704879727,28,875,34.37461522037109,0.08185363816056675,39.03113705578591,30,20.4669704879727,40.0,12.64796469260425,859.2848293432534,14,1,2,0,17,"['ㅋㅋㅋㅋㅋㅋㅋㅋㅋㅋㅋㅋㅋㅋ', 'ㅋㅋㅋㅋㅋㅋㅋㅋㅋㅋㅋㅋㅋㅋㅋㅋㅋㅋㅋ', 'ㅋㅋㅋㅋㅋㅋㅋ']"
2025-09-06T19:04:10.824390,3:28:47,208.78333333333333,21.807973101840716,30,875,38.359844966583886,0.09419016442179333,38.44351297767638,30,21.807973101840716,40.0,13.153168223343824,859.8163464089281,14,2,2,0,18,"['ㅋㅋㅋㅋㅋㅋㅋㅋㅋㅋㅋ', 'ㅋㅋㅋㅋㅋㅋ', '안맞아~']"
2025-09-06T19:04:15.835339,3:28:52,208.86666666666667,26.852329341292897,34,875,52.116026629775305,0.01782873342905008,41.0458852749992,30,26.852329341292897,40.0,13.717851401009442,860.3697117680352,14,1,0,0,15,"['팀껨', 'ㅔㅔ', 'ㅇㄱㅇ']"
2025-09-06T19:04:20.841064,3:28:57,208.95,43.45310591343046,54,875,100.0,0.01215910950177605,39.48242269629753,30,43.45310591343046,40.0,14.3510662609085,860.9427405912318,14,1,0,0,15,"['ㅇㄱㅇ', 'ㅇㄱㅇ', '{:bigheadBig:}{:bigheadBa:}{:bigheadBig:}{:bigheadBa:}']"
2025-09-06T19:04:25.845048,3:29:02,209.03333333333333,43.3669721508454,71,875,100.0,0.004673936727385962,38.65102576154443,30,43.3669721508454,40.0,15.13095963481765,861.5334665321086,13,1,0,0,14,"['빅바', '굿밤', 'ㅂㅂ\\']"
2025-09-06T19:04:30.918838,3:29:07,209.11666666666667,44.00171157598839,69,875,100.0,4.677798872740171e-05,45.016928647928964,30,44.00171157598839,40.0,16.107863671335885,862.1401198788977,4,1,1,0,6,"['굿밤', 'ㅇㄱㅇ', '빅바']"
2025-09-06T19:04:35.936133,3:29:12,209.2,43.976713978235615,68,875,100.0,1.545236559355394e-05,44.76707797289378,30,43.976713978235615,40.0,17.242077304202297,862.761107891008,2,1,1,0,4,"['빅바', '뭐야 어디가', '빅바']"
2025-09-06T19:04:40.942380,3:29:17,209.28333333333333,43.9769474418666,68,875,100.0,9.470426105553874e-06,44.76943653696153,30,43.9769474418666,40.0,18.51286957378207,863.3949971019072,2,0,1,0,3,"['ㅂㅂ', '빅바', '{:bigheadBig:}{:bigheadBig:}{:bigheadBa:}']"
2025-09-06T19:04:46.128490,3:29:22,209.36666666666667,43.01106833337093,59,875,96.46031459189915,8.749708143975478e-06,47.49954726322973,30,43.01106833337093,40.0,19.901582616403864,864.0404973917165,2,0,1,0,3,"['빅바', '수고했소', '어디가']"
2025-09-06T19:05:00.226274,3:29:36,209.6,9.882915897423032,7,875,0.9505138258107367,6.444276797629821e-06,50.502334806785555,30,9.882915897423032,41.13515405177451,21.35142435476348,864.6614476525448,2,0,0,0,2,"['벌써굳밤이야? ㅋㅋㅋ', 'ㅂㅂ', '빅바 ㅋㅋㅋ']"
2025-09-06T19:05:06.422790,3:29:42,209.7,8.347081254571734,6,875,0.8393063737274779,4.3389552091742905e-06,50.53322288185032,20,8.347081254571734,41.13515405177451,22.611281919287133,865.2953028872903,1,0,0,0,1,"['ㅂㅂ', '빅바 ㅋㅋㅋ', '빅바']"
2025-09-06T19:05:18.134962,3:29:54,209.9,8.129395369137166,5,875,0.7528632874797486,4.091598003408772e-06,48.658915818800516,20,8.129395369137166,41.13515405177451,23.720153727358422,865.9057725985613,0,1,0,0,1,"['약속이', '있음', '내일 오후 2시쯤']"
2025-09-06T19:05:23.138408,3:29:59,209.98333333333332,7.427888544906387,9,875,1.0229878652947735,9.866993279399489e-06,40.69838845255904,20,7.427888544906387,41.13515405177451,24.67313835462258,866.4951953387051,1,3,0,0,4,"['있음', '내일 오후 2시쯤', '아하~']"
2025-09-06T19:05:28.219291,3:30:04,210.06666666666666,7.430014190770978,9,875,0.9995819847464893,7.221428989085015e-06,40.8015760753811,20,7.430014190770978,41.13515405177451,25.485824519160325,867.0656758048347,1,2,0,0,3,"['아하~', '낼 2시쯤에', 'ㅇ온다함']"
2025-09-06T19:05:35.326097,3:30:11,210.18333333333334,7.66578679567175,7,875,0.8429176219692911,7.060908546694994e-06,43.70762803619078,20,7.66578679567175,41.13515405177451,26.167242067244292,867.6191082243512,1,2,0,0,3,"['ㅇ온다함', '아하', '어 오자마자 빅바가...ㅋㅋㅋㅋ']"
